# Image list with two lines of data per image:
#   IMAGE_ID, QW, QX, QY, QZ, TX, TY, TZ, CAMERA_ID, NAME
#   POINTS2D[] as (X, Y, POINT3D_ID)
# Number of images: 192, mean observations per image: 85.2969
0 -0.004015455611896386 0.9999892225883154 0 0.00233041272000419 -0 -0 -0 0 frame_00000_bottom_0.jpg
355.226 339.334 2 491.483 79.7447 3 269.272 148.463 4 526.452 357.343 5 146.242 408.74 6 114.545 213.905 7 397.169 233.72 8 322.014 62.2896 9 184.383 173.049 10 541.949 370.459 11 438.22 100.561 12 178.807 248.296 13 506.4 357.794 14 211.217 568.275 15 107.555 140.009 16 427.355 130.261 17 340.473 212.441 18 419.43 337.745 19 131.104 111.39 20 275.749 297.638 21 596.586 237.111 22 42.6356 84.9617 23 212.487 59.9198 24 176.274 100.423 25 55.0098 108.076 26 46.543 329.615 27 238.97 240.865 28 629.907 281.818 29 194.379 264.655 30 310.979 129.609 31 478.576 376.052 32 367.08 310.892 33 468.894 66.9034 34 356.168 225.352 35 86.7959 191.071 36 61.7891 138.485 37 218.045 84.9944 38 500.317 377.765 39 93.9053 119.441 40 340.228 109.565 41 453.545 341.734 42 571.499 329.546 43 581.179 306.909 44 381.333 116.806 45 279.502 150.823 46 430.527 270.866 47 184.701 366.837 48 223.778 238.962 49 236.106 199.37 50 589.899 321.693 51 164.503 124.468 52 246.577 90.704 53 363.357 134.956 54 351.51 152.283 55 505.888 110.705 56 222.165 211.218 57 497.664 240.982 58 452.661 217.892 59 168.808 197.58 60 258.778 260.812 61 354.854 244.661 62 400.66 97.4321 63 468.177 171.158 64 387.267 168.5 65 318.014 165.507 66 146.916 321.662 67 513.155 368.087 68 216.328 560.549 69 186.446 327.823 70 411.556 183.077 71 439.923 164.377 72 556.837 333.982 73 351.031 275.467 74 473.58 332.327 75 357.825 210.405 76 456.127 74.1568 77 281.202 360.927 78 347.238 328.145 79 467.003 358.778 80 332.513 298.544 81 256.605 178.642 82 409.521 344.25 83 209.334 287.324 84 378.079 67.14 85 68.7532 164.873 86 190.686 83.3853 87 215.651 123.453 88 54.1563 93.8148 89 127.079 66.092 90 370.456 191.212 91 412.241 254.005 92 343.774 277.359 93 275.569 260.024 94 196.086 548.384 95 79.0393 296.914 96 326.928 99.9412 97 443.472 140.99 98 453.506 283.853 99 292.724 547.177 100 401.574 218.786 101 431.08 212.805 102 82.296 132.475 103 580.945 355.201 104 575.551 262.737 105 352.445 301.969 106 283.543 252.988 107 450.059 457.527 108 170.007 578.192 109 606.158 306.442 110 676.539 477.281 111 148.53 170.504 112 559.019 66.1777 113 228.182 301.503 114 43.0474 314.266 115 245.399 697.897 116 257.442 387.082 117 389.562 72.7501 118 180.689 285.739 119 332.317 325.855 120 287.919 234.105 121 239.948 358.638 122 414.674 66.0315 123 225.526 314.427 124 451.743 365.151 125 82.5111 108.944 126 362.752 265.108 127 161.152 394.509 128 338.449 357.404 129 291.324 271.349 130 202.735 152.471 131 31.9616 142.332 132 563.449 47.3328 133 82.6577 433.346 134 596.684 173.258 135 173.601 359.715 136 115.364 169.814 137 247.482 421.601 138 587.038 258.382 139 436.711 63.3042 140 301.061 67.0648 141 95.2106 120.023 142 58.8754 378.675 143 394.911 46.4554 144 410.64 51.7911 145 76.129 201.332 146 275.798 168.741 147 258.484 336.876 148 182.998 441.448 149 237.193 436.565 150 555.176 570.919 151
1 0.6226641862358578 0.7761603668208709 0.05172830106903101 -0.08478548828803073 -2.69894854589934 2.497463022033469 0.7328606848314533 0 frame_00000_front_1.jpg
354.874 511.138 152 220.528 627.65 153 517.617 667.888 154 619.909 684.311 155 279.102 258.911 156 621.187 562.06 157 620.272 522.35 158 406.95 683.286 159 348.356 674.054 160 189.463 600.925 161 115.477 616.047 162 152.427 520.182 163 102.234 698.693 164 323.822 672.662 166 281.061 552.576 167 406.692 711.697 168 209.689 311.431 169 257.298 566.166 170 434.717 649.074 171 250.643 665.802 172 616.099 541.609 173 101.275 405.755 174 369.41 651.074 175 126.175 703.985 176 608.92 207.421 177 639.937 335.697 178 141.943 574.053 179 169.674 503.847 180 100.126 498.86 181 397.335 554.726 182 388.113 418.504 183 313.464 556.726 184 644.451 495.921 185 709.944 200.226 186 662.65 538.31 187 678.199 311.571 188 207.345 72.5352 189 321.776 150.239 190 509.067 199.387 191 204.026 73.3532 192 72.8398 692.951 193 428.424 170.109 194 217.43 438.034 195 402.184 80.2593 196 56.8799 115.894 197 379.256 670.549 198 161.038 338.381 199 320.597 591.228 200 318.081 104.891 201 388.97 230.487 202 510.339 350.297 203
2 0.003346611054368947 0.7318402447160632 0.6750831130525299 0.0930668946494333 1.507108261463773 14.17770227820993 2.668949498525189 0 frame_00000_left_2.jpg
571.19 734.09 204 630.966 595.628 206 410.962 736.001 207 474.419 740.963 208 355.713 506.771 209 710.562 689.108 210 429.937 722.541 211 751.635 718.707 212 445.266 694.628 213 494.863 597.992 214 632.924 423.204 215 397.022 695.42 216 225.393 624.583 217 346.17 96.9438 218 406.615 602.63 219 365.144 658.546 220 382.492 484.443 221 409.527 615.346 222
3 -0.04157509058529081 0.9975904175843816 -0.05243704571570802 0.01830920050829231 0.1209482818159846 0.1916280634228389 0.008323677697054459 0 frame_00001_bottom_3.jpg
343.044 325.004 2 457.039 36.2555 3 77.1194 216.98 7 273.653 30.2573 9 143.522 166.948 10 534.432 336.953 11 150.098 247.558 13 495.812 327.621 14 54.5452 138.545 16 394.799 97.8501 17 313.616 194.853 18 407.414 315.977 19 257.195 290.217 21 577.045 195.777 22 154.82 38.2441 24 122.434 84.9311 25 210.682 233.886 28 272.178 106.796 31 351.507 294.293 33 330.82 206.626 35 164.401 64.5687 38 490.916 348.392 39 441.466 316.96 42 557.123 293.43 43 565.467 269.436 44 343.45 87.2202 45 412.243 246.75 47 171.959 369.233 48 194.615 234.074 49 202.674 189.689 50 572.235 280.482 51 198.953 69.2627 53 327.96 109.297 54 316.43 128.608 55 475.227 69.0155 56 188.677 204.087 57 429.444 189.191 59 131.55 195.244 60 235.68 254.45 61 330.967 227.112 62 362.445 63.7761 63 441.613 138.455 64 356.673 142.817 65 284.537 144.826 66 127.778 328.33 67 502.245 337.587 68 246.195 580.444 69 383.585 155.754 71 411.035 134.939 72 543.958 299.073 73 331.709 259.384 74 331.081 190.534 76 270.446 355.467 78 333.62 314.137 79 457.549 332.639 80 220.962 165.711 82 397.161 323.264 83 186.845 286.257 84 135.69 67.1393 87 168.227 109.282 88 341.504 168.923 91 391.738 230.925 92 323.036 261.526 93 225.365 571.83 95 284.486 73.8061 97 410.689 108.087 98 406.297 186.261 102 566.013 314.577 104 336.264 286.801 106 259.222 243.025 107 208.286 299.094 114 157.069 287.564 119 207.697 311.703 124 35.226 67.6747 234 389.391 184.662 235 568.461 200.305 236 237.487 571.666 237 80.3865 103.226 238 110.794 157.337 239 171.716 572.484 240 67.2104 665.069 241 48.0046 670.773 242 157.221 254.176 243 83.9773 450.191 244 449.761 226.885 245 47.5843 435.177 246 238.758 314.997 247 436.629 330.72 248 281.809 122.232 249 165.779 459.032 250 462.844 651.84 251 236.75 452.973 252 203.474 33.2891 253 381.226 47.7978 254 47.7022 660.776 255 49.0293 289.787 256 235.383 385.044 257 415.814 60.5702 258 409.545 554.344 259 589.788 140.812 260 298.169 382.21 261 267.007 42.7683 262 442.671 36.9094 263 199.489 115.904 264 113.596 176.634 265 160.364 117.052 266 202.559 151.705 267 179.165 226.274 268 100.75 544.462 269 264.684 276.361 270 256.193 302.892 271 342.162 143.264 272 458.332 26.0533 273 213.742 371.983 274 373.987 286.912 275 256.165 312.986 276 308.734 50.5108 277 332.881 325.657 278 302.588 225.211 279 188.957 86.7845 280 171.005 280.703 281 36.878 82.2398 282 220.79 383.797 283
4 0.5960194762569505 0.8015467112925905 0.03395882382819342 -0.03362219241258489 -2.720033030096074 2.36596898834423 0.3856971051072641 0 frame_00001_front_4.jpg
561.527 639.494 155 576.343 532.442 157 582.692 495.451 158 363.62 644.39 159 303.929 638.948 160 134.019 573.218 161 91.919 487.659 163 280.242 639.326 166 361.923 670.025 168 154.942 263.7 169 209.278 535.032 170 392.284 611.479 171 574.786 514.183 173 603.85 313.615 178 83.8949 542.44 179 114.163 473.576 180 354.977 522.057 182 267.32 524.153 184 276.548 558.863 200 275.856 507.127 284 294.426 629.955 285 300.205 65.0272 286 79.5515 187.644 287 128.512 184.981 288 181.884 587.308 289 238.089 559.846 290 156.443 720.208 291 497.505 106.336 292 608.035 475.786 293 173.966 709.489 294 375.856 76.6025 295 186.297 512.977 296 565.805 694.669 297 153.183 629.673 298 422.239 217.878 299 258.872 380.141 300
5 0.03106487875844476 0.7377245117159146 0.6524953922188801 0.1704326296645345 1.966727043598244 14.07239397674734 3.404091874477368 0 frame_00001_left_5.jpg
336.617 730.839 0 538.821 704.66 204 583.226 555.609 206 375.726 717.174 207 443.835 712.615 208 306.94 501.924 209 652.472 629.339 210 401.18 703.843 211 682.63 654.185 212 417.309 674.106 213 454.423 574.699 214 574.263 393.528 215 341.214 640.967 301 376.027 171.575 302 635.158 222.454 303 237.826 345.98 304 657.169 602.067 305 378.707 193.661 306 252.907 78.3206 307 501.527 137.403 308 390.745 314.624 309 430.321 66.8322 310 396.577 574.107 311
6 -0.03642747791918233 0.9986295187347335 -0.03283891068909801 -0.01826825412664252 -0.009718729145909363 0.2848302845492949 0.02616883888949059 0 frame_00002_bottom_6.jpg
367.433 333.155 2 492.436 47.3295 3 266.895 143.481 4 540.85 340.628 5 169.81 414.484 6 121.208 223.519 7 400.878 222.265 8 311.834 45.3097 9 184.236 177.508 10 562.186 350.523 11 438.047 75.9618 12 186.239 253.76 13 521.157 340.772 14 246.856 599.904 15 104.972 149.531 16 427.69 109.447 17 342.709 204.271 18 431.376 326.388 19 126.625 117.207 20 285.517 297.481 21 611.24 208.589 22 35.9302 97.3359 23 200.017 56.0556 24 168.293 99.7413 25 47.2624 120.282 26 67.0964 344.049 27 243.669 243.45 28 648.182 252.264 29 202.863 271.42 30 307.534 119.292 31 493.462 360.848 32 377.015 303.382 33 468.069 35.9753 34 359.074 216.045 35 90.3439 205.147 36 61.3823 152.663 37 208.033 80.2507 38 516.789 361.298 39 92.3027 130.649 40 336.525 95.624 41 466.395 328.877 42 586.971 307.551 43 596.772 282.673 44 377.085 99.663 45 276.62 144.447 46 439.059 257.344 47 201.82 371.138 48 228.032 242.362 49 237.546 199.887 50 604.56 296.222 51 159.858 127.676 52 238.892 83.711 53 361.673 120.417 54 348.811 139.606 55 510.413 79.3007 56 224.699 213.836 57 505.751 224.51 58 458.53 201.237 59 172.242 203.694 60 265.26 261.071 61 360.166 236.673 62 397.972 75.5463 63 472.284 150.396 64 387.94 152.668 65 317.01 156.937 66 162.655 329.904 67 528.729 350.952 68 249.797 590.786 69 201.753 331.303 70 414.248 166.865 71 442.537 145.603 72 572.983 312.91 73 358.8 268.432 74 486.28 318.997 75 360.62 200.989 76 455.187 42.7818 77 295.405 360.36 78 358.546 322.786 79 480.745 345.546 80 342.465 291.873 81 256.171 176.649 82 421.748 333.461 83 219.349 291.94 84 371.623 44.93 85 69.5966 179.38 86 180.959 83.3698 87 208.173 122.075 88 47.0625 106.783 89 115.644 70.0189 90 372.22 178.744 91 419.49 241.725 92 349.82 270.757 93 282.587 259.511 94 229.74 581.517 95 95.2613 312.157 96 320.186 87.0918 97 443.7 118.827 98 464.4 269.534 99 323.874 568.53 100 406.436 206.902 101 435.799 196.772 102 77.973 143.62 103 594.987 331.123 104 589.712 236.82 105 362.231 295.182 106 289.511 254.251 107 461.548 453.49 108 204.961 617.024 109 625.939 280.495 110 238.219 317.893 124 89.9859 84.4439 234 418.139 194.181 235 602.828 211.883 236 242.021 581.158 237 128.915 117.21 238 156.789 166.265 239 185.188 571.877 240 89.779 649.497 241 70.3014 653.226 242 194.819 264.984 243 117.795 443.043 244 478.371 238.329 245 85.5431 425.457 246 267.424 320.968 247 460.295 342.046 248 316.264 134.24 249 192.54 455.927 250 465.622 672.563 251 259.303 453.376 252 244.968 49.4137 253 415.641 59.8378 254 72.9833 642.836 255 93.8732 291.112 256 260.273 389.17 257 449.461 73.2634 258 385.911 584.233 259 624.413 152.288 260 320.895 387.034 261 304.533 56.5299 262 223.48 53.1495 319 47.676 257.992 320 459.71 356.849 321 46.5928 235.572 322 541.064 130.655 323 38.2293 355.693 324 85.3325 518.906 325 369.676 71.3268 326 68.2079 385.651 327 425.991 43.1998 328 322.544 37.4138 329 209.329 48.8499 330 71.4927 173.313 331 581.288 169.822 332 311.695 84.7421 333 451.215 670.192 334 281.557 178.945 335 176.919 119.056 336 56.2554 439.284 337 79.0487 487.626 338 35.9863 410.358 339 621.295 239.225 340 413.493 318.509 341 392.268 324.32 342 207.593 340.14 343
7 0.5965012205614307 0.7991672790839656 0.01857626684925988 -0.07192271004487684 -2.652402439651312 2.581432928092367 0.3926292657185628 0 frame_00002_front_7.jpg
332.855 486.825 152 190.882 624.986 153 499.597 631.322 154 597.974 638.033 155 217.864 208.191 156 600.734 530.327 157 604.315 491.03 158 393.323 653.228 159 333.716 650.348 160 161.925 592.681 161 85.9495 611.552 162 118.951 509.809 163 76.2952 697.496 164 349.732 105.599 165 307.966 651.123 166 256.247 538.16 167 393.561 678.371 168 164.107 285.722 169 233.022 549.16 170 420.669 616.816 171 232.726 653.944 172 598.167 511.37 173 37.4894 398.385 174 352.703 627.916 175 100.896 693.553 176 596.892 147.144 177 615.131 297.676 178 113.501 564.013 179 136.923 492.073 180 65.5933 492.429 181 378.493 527.517 182 352.84 398.229 183 292.836 536.441 184 297.971 517.852 284 321.142 641.012 285 272.57 70.9146 286 70.7772 216.056 287 125.75 210.681 288 202.984 607.833 289 263.826 573.035 290 186.574 735.849 291 477.184 97.4652 292 636.497 464.219 293 202.196 730.291 294 357.471 73.4486 295 187.633 110.957 344 250.174 530.812 345 203.578 640.048 346 263.412 509.346 347 633.673 316.61 348 394.543 600.63 349 124.509 572.539 350 618.994 64.2314 351 383.586 101.853 352 545.894 426.247 353 593.987 114.191 354 603.511 375.93 355 712.758 122.552 356 334.465 274.937 357 387.723 516.231 358 652.212 421.962 359 572.019 148.242 360 491.396 315.411 361 416.074 509.182 362 279.741 517.535 363 230.164 443.352 364 177.707 509.353 365 245.197 101.666 366 50.4013 660.201 367 31.4585 691.534 368 468.726 638.658 369 336.276 750.365 370 333.381 739.644 371 103.51 627.687 372
8 0.0472663192630466 0.7373838976284689 0.6611187668647048 0.1302031438977705 1.92298464592544 14.27821595884122 2.326000541107084 0 frame_00002_left_8.jpg
604.128 594.481 206 323.395 538.571 209 678.957 677.416 210 711.569 707.104 212 468.291 611.772 214 590.836 426.47 215 373.635 721.003 216 351.579 679.194 301 379.425 213.653 302 615.55 271.881 303 248.175 370.737 304 681.415 646.232 305 382.615 234.678 306 265.819 144.624 307 502.4 185.136 308 392.259 348.208 309 406.346 135.543 310 401.673 610.707 311 649.086 55.4557 373 304.595 95.1913 374 623.689 121.72 375 370.255 706.655 376 310.229 391.74 377 619.177 228.712 378 373.789 716.035 379 352.73 720.115 380
9 0.01894356871930878 0.9974671240837768 -0.05898145793767005 -0.03495232747276099 -0.1584543692325174 0.4119555368916442 0.08688152875982805 0 frame_00003_bottom_9.jpg
398.06 282.499 8 196.789 254.49 10 240.39 677.752 15 416.456 179.581 17 342.015 270.123 18 291.049 358.43 21 600.068 255.183 22 67.6706 193.163 23 184.05 187.998 25 252.436 310.12 28 217.179 339.51 30 307.604 196.246 31 495.006 407.181 32 449.382 115.795 34 358.815 279.089 35 87.7442 239.332 37 217.831 168.216 38 114.008 217.972 40 333.342 173.775 41 469.3 378.265 42 491.565 148.445 56 233.58 284.84 57 498.228 278.382 58 451.766 258.286 59 185.321 278.34 60 360.706 298.259 62 387.707 153.342 63 461.915 211.716 64 382.275 220.368 65 318.011 229.236 66 173.37 400.783 67 246.311 665.31 69 210.911 399.849 70 432.728 209.126 72 572.379 356.392 73 360.547 327.75 74 485.859 375.585 75 359.698 265.584 76 438.025 121.949 77 300.837 416.126 78 481.982 396.05 80 262.284 249.963 82 229.455 357.263 84 93.4865 262.271 86 192.959 173.813 87 219.525 205.178 88 76.3757 201.178 89 138.615 161.722 90 369.216 245.096 91 416.231 298.706 92 351.806 330.207 93 112.124 387.646 96 431.948 186.947 98 403.32 268.102 101 430.126 256.155 102 102.721 230.818 103 364.948 352.544 106 294.56 318.785 107 246.652 379.607 124 390.282 110.329 145 413.584 255.729 235 591.276 259.683 236 237.326 655.525 237 172.455 246.942 239 189.53 643.371 240 94.3753 728.535 241 73.4125 734.383 242 204.884 329.636 243 132.111 508.038 244 473.531 291.969 245 100.863 493.911 246 317.067 207.781 249 203.642 518.092 250 268.382 512.568 252 250.484 140.846 253 403.621 138.63 254 75.0859 722.249 255 111.809 361.33 256 435.228 146.538 258 303.947 144.12 262 459.668 121.409 263 339.97 147.499 277 116.451 190.218 282 255.854 446.908 283 469.815 105.205 315 230.785 145.655 319 70.6135 333.754 320 461.773 405.695 321 70.9419 313.213 322 522.051 190.657 323 47.5909 431.139 324 98.8464 588.238 325 363.212 147.593 326 83.4368 462.7 327 410.89 124.11 328 318.772 126.522 329 216.733 142.847 330 95.9269 256.149 331 567.774 219.851 332 310.37 163.867 333 471.903 740.084 334 468.39 82.2863 382 429.69 68.2998 383 85.1479 176.714 384 513.844 270.126 385 494.231 99.389 386 53.1174 173.517 387 472.417 179.664 388 37.6053 333.125 389 641.612 296.089 390 534.545 221.92 391 331.229 419.185 392 465.979 72.4348 393 278.991 235.071 394 399.813 60.7745 395 320.381 92.2913 396 204.65 416.037 397 317.43 167.848 398 66.9252 93.7807 399 448.15 52.468 400 250.413 124.193 401 35.7022 165.964 402 289.81 89.3313 403 546.658 344.65 404 419.915 49.0328 405 263.495 410.264 406 393.944 96.1347 407 503.871 224.404 408 150.025 578.884 409 155.377 644.197 410 139.552 509.484 411 58.6845 186.289 412 113.267 144.501 413 501.461 103.261 414 446.433 33.9866 415
10 0.6409370691690837 0.7646215227022377 -0.01758315861060914 -0.06514931249622488 -2.726120887558606 2.820001906315558 -0.1237823001643163 0 frame_00003_front_10.jpg
313.13 546.047 152 490.113 697.231 154 593.369 700.743 155 576.676 587.003 157 575.572 544.313 158 72.5606 588.928 163 300.857 182.003 165 132.568 345.159 169 196.201 627.264 170 402.412 692.602 171 573.256 567.131 173 327.384 713.101 175 575.827 343.389 178 62.9322 650.991 179 95.5273 569.192 180 357.704 589.888 182 268.218 606.93 184 342.142 728.531 198 275.532 645.182 200 313.534 737.623 229 272.806 584.164 284 224.3 153.186 286 616.871 505.039 293 169.988 600.686 296 137.719 188.663 344 217.236 602.796 345 155.417 741.602 346 236.555 573.872 347 595.139 360.852 348 373.955 674.133 349 73.8532 662.674 350 542.253 146.228 351 333.055 172.246 352 518.43 473.745 353 525.063 188.395 354 565.198 417.038 355 629.172 194.54 356 303.774 330.659 357 382.556 553.76 416 639.774 513.077 417 108.946 710.389 418 470.467 579.971 419 310.718 687.663 420 406.773 537.062 421 488.688 558.103 422 618.707 372.765 423 478.1 607.647 424 245.626 645.374 425 342.005 189.74 426 176.313 698.365 427 358.334 738.374 428 313.386 456.603 429
11 0.07268732830305744 0.6920165311860482 0.7039033757946774 0.142652411175731 0.09738971462027281 14.51227334740964 1.922528964394172 0 frame_00003_left_11.jpg
612.567 719.872 210 590.916 321.523 303 616.65 689.122 305 492.459 238.887 308 406.735 184.771 310 625.46 151.557 373 321.658 141.666 374 601.728 201.7 375 306.431 726.658 376 288.678 412.512 377 589.408 283.547 378 308.692 736.952 379 285.105 736.499 430 517.594 745.488 431
12 0.006988449281364988 0.9981429949795515 -0.04993499234612096 -0.03417922891590199 -0.3426134098935854 1.062862442329537 0.1562233741927493 0 frame_00004_bottom_12.jpg
388.063 315.549 8 187.203 282.511 10 117.111 261.776 16 407.412 212.833 17 333.3 301.892 18 279.169 387.196 21 57.4521 217.896 23 68.3043 237.888 26 241.367 338.975 28 297.81 227.409 31 441.124 148.67 34 348.336 311.738 35 78.1161 265.319 37 207.982 196.375 38 104.146 244.238 40 322.995 204.246 41 201.109 463.769 48 223.444 313.938 57 485.31 318.961 58 440.996 293.47 59 176.826 306.576 60 379.488 185.172 63 451.296 247.28 64 372.857 253.978 65 308.382 261.893 66 163.72 428.292 67 200.53 427.659 70 397.787 265.349 71 423.187 243.966 72 348.85 360.025 74 348.203 298.305 76 429.827 155.584 77 289.587 446.362 78 252.161 279.438 82 217.979 385.161 84 83.0624 289.078 86 66.9528 225.611 89 359.281 277.135 91 405.036 332.739 92 102.093 417.384 96 392.805 302.812 101 419.593 291.539 102 283.969 348.242 107 271.437 472.517 117 366.342 162.364 118 191.844 387.83 119 286.098 327.928 121 234.589 409.326 124 382.763 141.536 145 138.006 231.456 238 192.946 358.743 243 122.58 531.909 244 461.752 327.727 245 93.1499 517.82 246 307.22 239.147 249 194.124 544.125 250 240.679 168.234 253 396.001 171.351 254 100.742 383.336 256 295.521 174.988 262 288.157 376.28 270 323.185 330.21 279 106.131 215.722 282 243.817 474.663 283 461.812 137.539 315 61.4407 361.453 320 61.7915 338.139 322 91.1702 608.919 325 75.087 488.928 327 404.052 157.093 328 309.994 156.395 329 85.9884 281.254 331 461.777 115.191 382 422.279 100.277 383 73.723 201.119 384 503.258 308.244 385 486.725 132.631 386 42.9613 197.235 387 462.661 214.279 388 27.3181 367.113 389 592.463 457.927 390 522.786 277.271 391 332.166 420.961 392 459.103 104.484 393 269.42 265.356 394 392.064 91.4148 395 311.475 121.59 396 193.222 444.461 397 308.428 198.279 398 54.2461 116.434 399 440.561 87.184 400 241.264 152.746 401 25.0706 190.768 402 280.874 118.369 403 531.335 382.689 404 411.319 79.2006 405 252.563 438.184 406 386.526 127.477 407 493.171 272.022 408 518.273 201.605 436 460.686 301.713 437 283.709 170.677 438 332.683 175.566 439 335.266 144.844 440 280.363 289.61 441 496.191 103.747 442 298.421 55.5122 443 447.652 473.693 444 454.358 410.432 445 339.784 273.93 446 479.587 163.272 447 289.71 653.318 448 361.234 205.376 449 63.2867 209.327 450 559.919 114.965 451 110.423 410.78 452 97.8293 257.263 453 179.658 242.864 454 48.3235 210.914 455 466.183 147.282 456 253.906 190.768 457 206.745 180.72 458 298.976 445.895 459 64.289 553.788 460 228.491 86.4978 461 128.842 184.641 462 40.6305 366.691 463 396.329 191.898 464 284.918 522.339 465 435.532 135.123 466 359.695 109.638 467 73.2542 165.365 468 638.635 308.525 469 35.1582 218.478 470 634.854 78.3096 471 133.626 151.168 472 606.67 77.6561 473 527.072 166.485 474 92.9828 359.535 475 425.286 62.2633 476 170.914 153.162 477 579.716 122.06 478 195.523 146.514 479 231.816 499.792 480 74.175 435.98 481 655.446 323.327 482 650.103 295.431 483
13 0.6183754017035439 0.7822764550780368 -0.008504291203004397 -0.07472006042325982 -3.064560250664794 3.332058204450205 -0.740600829804074 0 frame_00004_front_13.jpg
494.03 714.716 154 399.106 707.654 171 592.011 333.336 178 356.28 592.018 182 266.52 653.818 200 267.442 583.074 284 627.469 502.196 293 207.258 605.186 345 532.576 160.608 354 366.468 575.609 358 381.376 552.622 416 653.034 512.499 417 75.7422 733.121 418 474.692 582.116 419 303.147 700.175 420 409.477 533.87 421 494.39 558.684 422 627.737 363.807 423 209.928 594.344 484 629.397 686.711 485 323.358 367.345 486 225.441 647.37 487 631.615 185.199 488 650.061 191.307 489 712.952 347.479 490 665.467 527.073 491 188.378 754.975 492 149.068 242.554 493 275.468 665.779 494 295.372 390.873 495 170.28 438.638 496 430.338 106.52 497 220.036 376.452 498 205.845 412.051 499 55.3107 722.277 500 267.924 376.537 501 119.15 229.886 502 502.785 226.336 503 475.565 206.931 504
14 0.5544520910500342 0.5346964119145475 0.4561411502091737 -0.445665655959493 -0.5007311766016941 0.7269784997889593 0.7546991826310658 0 frame_00004_left_14.jpg
261.365 273.78 205 334.944 732.759 213 201.222 591.566 217 303.824 640.284 219 278.212 692.78 301 584.933 680.218 305 288.444 721.916 376 292.71 732.409 379 268.287 729.597 430 254.16 713.729 505 180.149 689.585 506 521.535 314.214 507 276.819 528.68 508 460.994 490.709 509 437.31 404.335 510 395.518 409.808 511 124.872 328.656 512 447.781 122.236 513 45.3939 305.744 514 332.512 319.801 515
15 -0.01905569509743149 0.9967406913401433 -0.06991560840567415 -0.0354497166757563 -0.3087226295303074 1.913372750824681 0.2471161779345732 0 frame_00005_bottom_15.jpg
179.056 323.047 10 107.032 303.646 16 399.3 244.863 17 326.799 338.707 18 277.603 423.73 21 43.609 262.251 23 56.4607 281.252 26 239.309 380.655 28 288.46 262.845 31 431.95 176.935 34 343.76 347.62 35 68.0459 309.48 37 92.7697 286.916 40 314.087 239.252 41 330.029 278.624 55 218.321 353.512 57 436.166 326.637 59 170.133 347.05 60 367.767 217.403 63 445.216 279.282 64 365.959 288.456 65 300.252 296.574 66 166.344 468.614 67 202.502 467.298 70 391.422 298.324 71 344.166 334.477 76 419.916 184.021 77 291.654 481.137 78 245.287 318.274 82 215.902 427.183 84 73.3816 334.194 86 54.0766 269.347 89 352.72 313.953 91 414.663 253.513 98 387.675 336.393 101 413.927 324.396 102 279.889 382.155 107 254.203 485.569 122 235.302 447.382 124 370.802 171.48 145 192.661 401.873 243 132.142 568.372 244 101.811 557.87 246 298.627 274.4 249 202.015 576.954 250 227.596 203.983 253 385.203 202.009 254 417.513 210.889 258 282.16 207.786 262 284.538 411.731 270 319.34 210.828 277 318.959 366.581 279 94.0376 257.595 282 452.118 164.623 315 58.1668 420.386 320 82.1859 528.975 327 393.365 186.829 328 298.124 189.267 329 78.2463 325.098 331 54.5188 541.776 339 450.59 141.196 382 410.295 126.49 383 477.321 158.917 386 26.8848 241.211 387 455.241 244.292 388 24.0706 436.886 389 447.635 130.691 393 378.518 117.883 395 296.781 153.099 396 298.463 233.09 398 226.044 186.397 401 261.118 155.364 403 373.891 155.88 407 455.348 333.834 437 270.044 204.583 438 320.402 208.895 439 322.437 176.973 440 273.592 327.406 441 486.492 128.307 442 279.03 104.897 443 453.099 474.199 444 455.914 438.849 445 334.462 311.242 446 470.963 191.231 447 303.941 726.28 448 352.028 239.152 449 49.2228 252.439 450 552.461 137.659 451 111.55 452.358 452 87.382 300.501 453 169.944 283.31 454 33.8427 255.044 455 456.16 175.596 456 241.851 227.523 457 198.01 226.781 458 298.593 479.429 459 76.7652 591.069 460 209.615 141.847 461 112.819 232.372 462 36.9541 435.319 463 387.995 224.551 464 543.485 216.712 517 398.044 171.831 518 532.157 265.189 519 590.528 138.19 520 60.2792 370.135 521 573.724 183.428 522 630.651 213.059 523 557.498 185.185 524 519.89 193.375 525 539.323 563.416 526 408.29 36.8412 527 355.128 43.5065 528 474.758 212.062 529 277.297 435.694 530 598.34 216.342 531 548.703 575.252 532 568.164 194.628 533 277.377 540.413 534 382.234 194.977 535 482.089 32.9236 536 558.943 235.968 537 347.477 99.3175 538 521.899 558.206 539 566.851 170.31 540 275.704 533.124 541 62.2461 561.705 542 99.2252 596.125 543 152.354 615.91 544 573.101 238.796 545 261.62 554.126 546 612.824 234.609 547
16 0.6031294470333155 0.7957435933772827 -0.02265661914202845 -0.05013662662515169 -2.738621620662182 3.15799225240294 -1.840070176044029 0 frame_00005_front_16.jpg
241.194 575.511 284 348.397 564.588 358 365.179 541.094 416 462.028 571.514 419 277.048 708.195 420 392.756 520.36 421 483.967 546.181 422 128.094 623.135 484 720.579 728.59 485 301.743 339.199 486 186.541 656.792 487 695.59 98.04 488 726.87 102.291 489 705.862 326.108 490 443.303 544.619 548 466.83 629.805 549 391.743 267.613 551 278.341 597.495 552 416.705 594.18 553 348.576 552.687 554 273.91 651.819 555 306.008 542.211 556 387.47 556.411 557 134.588 658.458 558 684.234 254.398 559 641.387 462.749 560 640.774 493.198 561 727.667 200.743 562 640.098 382.447 563 622.019 520.949 564 624.784 429.847 565 275.435 86.0852 566 210.013 607.752 567 155.084 485.422 568 189.858 57.4829 569 236.306 231.171 570 218.793 50.0226 571 474.106 275.725 572 218.551 663.596 573 461.587 406.752 574 243.685 679.391 575 133.764 386.664 576 223.144 39.8682 577 555.328 369.774 578 128.185 468.404 579 210.404 63.9692 580
17 0.5213758282048419 0.569196352878915 0.4541679926363683 -0.4448754793172003 -1.732056619035298 1.443990721435946 0.3358721099151857 0 frame_00005_left_17.jpg
233.865 542.7 209 237.16 701.993 301 251.02 739.92 379 227.091 741.333 430 216.135 723.406 505 90.2365 740.685 506 448.91 312.462 507 235.805 534.997 508 420.537 487.275 509 373.371 403.935 510 337.182 418.956 511 40.8512 342.776 512 258.429 127.809 513 195.92 225.953 581 408.499 343.987 582 597.291 506.448 583 608.754 84.8553 584 600.117 568.064 585 418.884 321.286 586 544.012 348.332 587 388.011 297.042 588 375.021 150.34 589
18 -0.01537464674675023 0.9975898053913158 -0.06126289359565013 -0.02872382782668932 -0.4113137876642931 2.845993727638375 0.3796656708282293 0 frame_00006_bottom_18.jpg
392.557 314.123 17 270.618 483.435 21 229.582 440.306 28 283.888 328.501 31 425.029 248.618 34 362.978 286.584 63 358.933 355.429 65 295.285 363.396 66 157.85 525.418 67 195.026 524.149 70 413.358 256.861 77 283.269 540.497 78 239.444 380.209 82 209.316 485.985 84 293.311 299.717 97 407.498 322.308 98 245.779 542.205 122 227.707 506.486 124 364.445 241.842 145 121.639 623.99 244 90.4474 611.281 246 293.538 340.016 249 192.193 632.829 250 379.925 272.147 254 278.226 274.853 262 434.734 257.482 263 277.207 471.423 270 457.016 51.8328 314 444.029 239.043 315 51.5353 477.419 320 293.594 257.098 329 404.185 199.284 383 468.531 233.448 386 447.646 313.686 388 374.025 190.894 395 368.978 227.617 407 420.665 166.499 415 266.216 271.291 438 316.365 277.21 439 319.155 246.867 440 462.612 263.558 447 346.591 308.769 449 540.616 214.318 451 531.871 290.246 517 392.764 243.232 518 521.271 337.449 519 575.835 216.203 520 49.7717 450.49 521 561.22 258.906 522 614.229 291.568 523 545.336 260.11 524 508.432 268.801 525 526.606 619.059 526 403.489 116.141 527 351.823 120.492 528 466.063 284.247 529 270.423 495.196 530 583.285 291.733 531 531.219 634.469 532 554.971 270.023 533 267.662 597.405 534 374.981 265.455 535 475.029 114.707 536 546.829 308.166 537 342.874 171.785 538 507.067 614.809 539 555.337 245.563 540 265.662 590.854 541 422.724 25.9519 596 232.963 558.153 597 297.51 202.462 598 494.152 82.5496 599 422.565 74.6324 600 418.01 55.9562 601 476.22 238.611 602 311.476 583.97 603 561.769 299.474 604 265.587 257.721 605 305.961 57.0203 606 584.009 261.714 607 299.811 146.523 608 497.295 327.852 609 267.167 395.106 610 257.168 669.19 611 235.399 110.848 612 446.96 61.59 613 385.257 54.972 614 217.647 694.628 615 260.642 635.894 616 93.7156 497.711 617 313.416 84.9284 618 158.759 592.003 619 350.584 96.5037 620 219.32 669.381 621 445.617 37.3998 622 587.763 228.535 623 376.296 208.187 624 105.415 370.098 625 415.162 343.341 626 246.054 508.025 627 479.799 91.2347 628 395.298 80.7607 629 451.168 105.509 630 492.648 69.4404 631 417.218 235.359 632 265.174 450.988 633 526.177 82.3244 634 72.2815 505.637 635 286.984 691.768 636 325.296 698.454 637 314.484 743.751 638 118.597 22.6623 639
19 0.6693052252494465 0.7399499292268686 -0.05951635521076766 0.03102291336037951 -0.203509526486765 0.7143146409185595 -3.037161574316497 0 frame_00006_front_19.jpg
332.403 615.188 182 613.747 496.114 185 651.288 186.192 186 616.504 545.777 187 627.499 293.347 188 347.162 592.33 358 379.832 584.169 362 450.073 572.411 548 477.353 678.795 549 133.049 224.349 550 402.953 270.966 551 267.639 631.042 552 421.697 632.166 553 346.789 578.43 554 258.946 697.396 555 243.525 644.532 640 279.056 633.47 641 479.294 625.901 642 466.687 591.721 643 427.595 643.66 644 77.299 670.8 645 320.992 544.03 646 73.8736 293.267 647 480.321 648.429 648 212.922 643.805 649 297.337 679.962 650 241.859 705.643 651 163.263 644 652 365.265 582.015 653 437.995 581.425 654 53.8964 621.994 655 420.125 714.922 656 380.175 752.019 657 379.274 679.034 658 364.351 689.358 659 155.781 386.803 660 411.947 222.235 661 285.212 188.084 662 563.697 344.808 663 567.865 293.637 664 638.271 295.758 665 306.281 340.207 666 236.079 218.789 667 238.995 98.4718 668 275.883 376.994 669 308.576 667.787 670 258.995 592.32 671
20 -0.0304637084115002 0.9986495695467241 -0.03604145502720567 -0.0217258655404922 -0.6307371549495557 3.82235817301576 0.6218556822864083 0 frame_00007_bottom_20.jpg
258.641 524.682 21 36.1139 353.956 23 220.205 481.332 28 277.346 375.951 31 419.566 307.084 34 202.222 457.09 57 357.346 340.622 63 148.022 559.936 67 182.951 559.384 70 408.212 314.365 77 198.698 523.305 84 288.439 349.454 97 215.889 543.622 124 360.127 296.641 145 374.027 326.482 254 404.066 337.961 258 293.102 599.799 261 274.353 322.518 262 461.188 114.672 314 440.052 298.296 315 25.3286 200.519 316 40.9069 652.167 318 290.083 306.817 329 402.04 257.26 383 463.67 294.595 386 372.907 246.804 395 176.524 574.252 397 366.02 282.793 407 316.249 298.645 440 522.279 352.515 517 387.142 299.242 518 551.982 323.818 522 601.851 357 523 536.807 324.375 524 500.78 330.715 525 257.892 535.449 530 545.799 334.331 533 547.277 312.167 540 248.898 626.473 541 430.673 86.558 596 219.68 593.389 597 297.017 266.357 598 496.319 146.107 599 425.958 133.915 600 423.034 116.19 601 470.627 299.584 602 295.645 620.158 603 550.421 362.827 604 262.193 306.479 605 312.02 111.177 606 574.368 328.741 607 301.66 214.394 608 486.119 387.517 609 259.505 437.207 610 235.947 720.632 611 239.805 170.616 612 451.385 122.355 613 389.673 112.792 614 199.838 720.264 615 242.386 669.699 616 85.5596 529.851 617 316.935 138.706 618 144.065 621.963 619 355.361 151.319 620 201.993 695.26 621 451.333 99.0058 622 580.617 297.336 623 373.915 264.059 624 565.081 130.509 674 642.684 57.5764 675 445.835 109.346 676 242.267 544.849 677 198.198 102.726 678 447.996 238.621 679 60.4936 574.832 680 265.797 290.527 681 542.791 177.452 682 43.5914 640.731 683 385.2 145.814 684 438.629 18.7216 685 64.8117 679.016 686 554.741 128.895 687 405.847 27.7943 688 316.56 657.239 689 334.246 100.31 690 557.376 115.205 691 388.917 58.1792 692 612.596 103.185 693 55.6871 491.36 694 547.371 153.362 695 250.064 626.033 696 674.795 687.134 697 372.667 298.482 698 234.185 146.204 699 107.99 331.941 700 57.3721 239.229 701 379.053 212.937 702 361.682 24.2571 703 564.528 91.4974 704 321.187 137.859 705 436.821 264.944 706 368.088 260.929 707 393.037 236.677 708 205.535 353.897 709 57.046 325.756 710 100.745 476.698 711 244.681 308.799 712 301.706 295.635 713 181.162 588.077 714
21 0.6614377065944892 0.7487275814006745 -0.03877540769172705 0.02009071684283983 -0.3698946771513652 0.970217897686151 -3.971678606941144 0 frame_00007_front_21.jpg
89.8578 713.84 170 645.608 313.696 178 342.848 632.23 182 674.625 516.677 293 664.41 337.238 348 358.958 607.84 358 694.255 466.934 359 594.198 141.93 360 482.531 343.555 361 392.671 598.471 362 708.547 528.942 417 695.309 352.843 423 723.421 545.485 491 470.669 587.654 548 309.82 572.133 556 246.505 663.302 640 283.312 651.62 641 503.538 653.395 642 489.885 610.49 643 444.554 672.473 644 54.4571 703.243 645 331.629 546.957 646 67.0098 278.929 647 506.427 681.143 648 212.611 660.653 649 299.607 710.652 650 237.541 737.746 651 151.501 673.047 652 377.722 594.349 653 457.113 597.952 654 39.2844 638.135 655 213.007 540.669 715 425.888 644.792 716 87.469 458.947 717 112.551 291.479 718 229.808 580.604 719 297.626 265.42 720 273.758 245.994 721 493.406 628.746 722 293.045 481.003 723 411.656 571.162 724 428.077 613.34 725 419.828 635.851 726 218.209 637.38 727 309.474 649.254 728 144.09 600.142 729 223.909 528.242 730 328.461 736.53 731 376.276 671.042 732 349.318 689.002 733 378.135 632.781 734 353.868 471.028 735 129.946 670.77 736 505.718 293.804 737 474.994 509.39 738 353.798 291.171 739 220.724 681.015 740 96.0553 740.021 741 102.706 204.873 742 252.128 635.872 743
22 -0.02082404721575249 0.9983229147338849 -0.05205098272322759 -0.01443648753481069 -0.4445953257638562 4.765082278240543 0.6459887182929032 0 frame_00008_bottom_22.jpg
169.224 499.86 10 224.451 550.384 28 277.047 443.71 31 206.118 527.249 57 158.187 522.296 60 152.377 629.269 67 188.094 628.057 70 233.125 494.511 82 203.193 592.9 84 286.808 417.191 97 221.539 612.566 124 272.29 394.4 262 302.378 537.508 279 450.546 188.081 314 31.1077 310.973 316 662.892 169.722 317 46.5744 725.618 318 289.868 378.775 329 369.159 319.402 395 362.463 353.872 407 315.528 364.625 440 399.931 291.999 476 219.293 692.593 480 546.152 436.603 558 295.187 340.274 598 484.609 219.051 599 417.254 208.925 600 414.251 192.16 601 466.986 366.559 602 306.501 190.028 606 297.646 292.377 608 240.157 260.447 612 381.315 190.696 614 311.618 215.928 618 348.579 227.63 620 258.511 560.458 633 376.287 103.57 657 549.942 201.436 674 621.169 130.166 675 435.057 185.571 676 247.255 613.672 677 196.413 218.232 678 441.423 309.217 679 66.3338 648.126 680 262.513 373.596 681 530.964 247.329 682 50.6051 715.969 683 377.384 222.12 684 424.976 102.295 685 71.1679 751.939 686 540.83 200.352 687 395.122 110.766 688 324.473 724.976 689 325.847 180.027 690 542.315 187.725 691 379.145 138.584 692 594.861 174.694 693 60.5742 567.88 694 533.942 224.741 695 257.09 690.115 696 349.107 106.933 703 188.096 655.248 714 372.762 54.3238 762 384 39.6343 763 262.823 238.788 764 389.571 214.342 765 661.628 203.298 766 585.149 212.839 767 532.899 548.954 768 323.919 103.942 769 191.372 417.546 770 73.3233 625.21 771 300.233 328.113 772 599.137 238.723 773 534.677 593.94 774 509.905 292.278 775 624.949 210.414 776 603.243 660.473 777 647.036 118.251 778 239.222 105.238 779 27.5739 117.287 780 245.818 412.925 781 348.318 250.225 782 368.482 135.132 783 523.394 598.208 784 83.0484 623.593 785 651.622 199.069 786 443.102 130.927 787 562.145 251.716 788 155.74 638.616 789 421.46 46.7305 790 585.234 235.923 791 542.732 637.449 792 49.9528 121.621 793 679.764 201.479 794 296.68 123.239 795 273.803 656.276 796 239.162 639.28 797 106.324 106.462 798 315.7 83.4853 799 98.3822 483.107 800 566.02 201.328 801 261.192 391.356 802 528.69 179.871 803 24.8111 126.266 804 48.8336 248.045 805 691.089 75.0561 806 152.882 133.499 807 665.1 193 808 737.673 146.128 809 720.623 126.338 810 88.1817 108.011 811 25.5224 137.326 812 141.118 106.57 813 202.503 121.383 814 229.854 89.0922 815 611.295 638.489 816 102.995 491.786 817 62.5342 321.46 818 453.606 694.546 819 58.8383 486.714 820 108.71 507.04 821 352.353 697.827 822 642.233 466.807 823
23 0.6725423142881276 0.7378127597065346 -0.04631705611519405 0.03426218643079966 -0.2273289730290021 0.9457381639302486 -4.863918136925532 0 frame_00008_front_23.jpg
322.485 682.663 182 340.427 652.16 358 466.205 626.981 548 393.012 642.464 557 747.777 272.754 559 715.749 509.486 560 712.358 553.107 561 748.113 253.477 562 712.239 417.752 563 689.452 591.519 564 695.31 475.875 565 503.897 709.699 642 487.284 654.828 643 168.483 724.631 649 361.942 636.029 653 178.928 573.984 715 417.908 700.507 716 46.5359 481.066 717 60.9953 296.368 718 197.907 620.956 719 273.565 268.569 720 236.383 243.439 721 492.478 678.21 722 270.456 504.006 723 399.886 606.587 724 418.782 659.605 725 409.98 688.701 726 178.153 694.354 727 282.66 708.215 728 190.626 562.834 730 359.768 736.316 732 334.37 299.579 739 135.903 600.468 824 480.931 558.112 825 437.125 673.411 826 518.476 605.875 827 406.993 564.53 828 382.658 291.813 829 292.736 490.862 830 518.006 633.42 831 84.0213 575.288 832 557.842 249.028 833 367.658 300.932 834 166.047 643.705 835 390.309 682.128 836 465.361 641.723 837 161.141 443.405 838 492.578 286.743 839 423.066 215.907 840 255.205 541.171 841 337.38 742.356 842 395.435 733.641 843 488.514 745.723 844 385.023 730.668 845 405.598 706.972 846 20.6848 590.458 847 421.974 597.624 848 139.065 212.528 849 337.943 346.26 850 231.691 696.765 851 182.567 373.507 852 134.201 692.903 853 281.482 333.553 854
24 0.5176453899244985 0.5508263170719367 0.4360033398843398 -0.4884001497958216 -4.696910271296253 0.7160750281349497 -0.07476514049717878 0 frame_00008_left_24.jpg
207.997 231.648 592 514.733 335.804 672 536.231 590.346 745 598.252 243.009 746 545.51 574.13 747 553.069 705.316 748 305.231 565.901 855 320.161 269.676 856 306.843 720.22 857 324.433 634.328 858 708.629 536.799 859 212.802 131.7 860 268.391 606.347 861 639.2 513.256 862 298.162 588.361 863 353.646 560.728 864 371.239 675.545 865 399.97 651.691 866 253.043 377.024 867 226.379 395.031 868 374.46 446.61 869 427.672 497.865 870 262.192 721.425 871
25 -0.01408775369705678 0.9995818835690221 -0.0250740460436465 0.00298084742618048 -0.8082994472768531 5.615290562053008 0.6177281503817895 0 frame_00009_bottom_25.jpg
140.387 550.245 10 285.488 569.5 18 231.166 646.284 21 193.45 603.749 28 253.889 499.273 31 300.016 578.221 35 179.336 604.016 49 176.92 579.267 57 126.774 572.754 60 298.689 594.766 62 114.896 680.77 67 152.297 680.713 70 300.172 622.23 74 298.347 666.014 79 206.8 547.613 82 169.395 645.369 84 265.491 472.744 97 303.464 643.092 106 201.821 700.559 122 187.56 665.432 124 262.392 510.677 249 193.652 536.981 267 239.268 635.579 270 274.229 593.097 279 438.889 258.083 314 649.08 254.305 317 328.713 667.335 342 180.396 747.859 480 471.099 290.632 599 405.35 276.72 600 402.415 258.993 601 300.273 276.749 618 337.149 289.521 620 371.853 169.522 657 375.493 75.266 658 535.128 276.354 674 525.249 274.75 687 388.517 178.966 688 318.028 241.122 690 528.099 263.723 691 370.897 204.767 692 577.486 254.08 693 518.711 298.144 695 345.539 172.734 703 305.353 275.866 705 309.212 97.5686 731 371.093 123.959 762 381.593 110.513 763 250.314 296.123 764 378.676 279.005 765 642.53 286.157 766 567.554 290.26 767 504.513 612.534 768 320.427 167.179 769 177.524 488.132 770 32.5225 674.435 771 283.384 384.297 772 580.575 316.437 773 503.585 656.775 774 491.485 362.299 775 606.749 289.851 776 567.513 723.79 777 629.856 202.543 778 234.379 164.25 779 20.0459 158.729 780 224.372 466.553 781 335.646 312.238 782 360.431 200.939 783 490.827 660.416 784 41.9017 672.765 785 632.749 281.212 786 433.117 200.425 787 543.838 325.477 788 118.484 690.558 789 417.902 119.764 790 567.219 311.927 791 508.606 700.401 792 42.0475 163.481 793 651.537 289.597 794 290.519 183.625 795 238.304 713.335 796 203.93 694.6 797 318.199 29.0911 879 413.024 77.1769 880 287.604 454.734 881 404.819 126.049 882 345.988 75.7097 883 371.592 55.817 884 452.865 198.831 885 231.141 113.586 886 240.726 431.418 887 316.256 649.814 888 44.8849 470.658 889 473.596 136.441 890 393.647 194.329 891 455.88 116.463 892 357.381 675.295 893 486.953 97.0347 894 281.021 415.491 895 305.022 56.2874 896 367.034 44.4411 897 108.15 198.104 898 389.721 725.672 899 66.135 96.2688 900 294.827 44.3385 901 257.433 39.7083 902 334.209 294.417 903 293.012 691.252 904 235.938 609.237 905 633.05 251.527 906 202.957 110.628 907 336.039 256.698 908 154.25 507.789 909 396.052 171.627 910 418.625 131.328 911 443.891 114.051 912 481.45 68.4753 913 490.682 205.048 914 71.0188 195.203 915 422.202 65.0056 916 567.018 118.395 917 506.294 379.631 918 225.703 431.002 919 160.726 205.798 920 166.217 491.384 921 310.367 612.065 922 184.007 501.945 923 137.083 164.591 924 224.351 415.835 925 252.705 450.4 926 511.7 637.392 927 596.02 650.397 928 365.304 726.279 929
26 0.6822609609259068 0.7306269588185876 -0.01407622950694117 0.0224963998637119 -0.744262732688188 0.8512856259175619 -5.650959115062477 0 frame_00009_front_26.jpg
484.77 673.936 548 367.615 676.959 653 736.976 315.821 665 179.052 590.314 715 57.5752 482.571 717 263.274 258.346 720 230.476 232.184 721 411.689 643.573 724 430.209 711.712 725 161.42 735.183 727 491.959 569.43 738 131.113 617.431 824 505.313 591.699 825 449.757 731.154 826 551.098 651.091 827 423.291 594.485 828 403.268 295.384 829 305.688 505.61 830 550.497 684.293 831 83.5161 588.633 832 614.78 242.148 833 385.488 306.305 834 156.18 670.283 835 396.661 738.004 836 483.959 692.247 837 169.853 449.002 838 528.729 290.844 839 199.222 383.712 852 273.317 726.15 872 144.081 464.518 930 218.952 710.835 931 130.856 674.481 932 114.469 706.014 933 315.692 590.025 934 105.38 666.478 935 225.248 645.412 936 187.056 231.427 937 439.943 654.468 938 109.264 677.127 939 174.596 710.781 940 379.834 615.984 941 488.623 716.534 942 213.211 681.386 943 520.492 715.917 944 348.318 665.321 945 507.448 617.674 946 174.263 681.096 947 209.182 719.557 948 120.465 456.555 949 271.552 639.588 950 323.823 624.86 951 645.516 395.631 952 316.988 706.82 953 397.433 755.844 954 442.39 741.371 955 502.818 120.592 956 521.228 136.447 957 480.144 563.944 958 445.374 195.969 959 70.0126 518.293 960 138.725 183.82 961 499.138 138.949 962 544.646 103.504 963 445.882 626.401 964
27 0.4877709506040521 0.5420291761945683 0.4700646994211851 -0.4973158455737441 -5.820193938941491 0.9831182231925697 0.5788454585838625 0 frame_00009_left_27.jpg
162.401 241.371 592 518.355 581.097 745 553.208 236.016 746 522.659 694.829 748 293.789 547.657 855 290.235 269.042 856 277.306 690.732 857 300.106 614.652 858 697.658 537.067 859 163.34 155.403 860 253.87 584.333 861 627.899 510.033 862 286.378 569.818 863 340.307 542.789 864 341.712 655.389 865 258.205 368.128 867 658.972 544.42 966 178.117 731.054 967 117.237 369.209 968 737.426 669.635 969 443.134 252.117 970 499.25 727.675 971 729.132 652.141 972 455.469 539.758 973 356.732 700.371 974 730.638 457.184 975 338.424 655.323 976 321.769 514.353 977 569.039 474.566 978 560.7 365.595 979 351.733 671.742 980 584.459 700.323 981 521.137 212.876 982 132.22 667.814 983 333.05 82.8333 984 459.471 255.791 985 258.119 678.115 986 306.956 616.308 987 334.025 721.874 988 222.411 554.138 989 327.917 677.786 990 341.355 459.645 991 296.971 675.681 992 350.363 218.977 993 485.083 413.428 994 434.232 317.884 995 395.663 329.424 996
28 -0.03581166551436987 0.9991359706350629 -0.0203509679169889 0.005538492670323173 -0.8677549943422617 6.533612564228044 0.9006485413208293 0 frame_00010_bottom_28.jpg
140.815 585.883 10 230 676.506 21 193.149 636.267 28 251.859 538.094 31 297.131 613.873 35 176.35 613.446 57 127.599 608.175 60 296.56 629.183 62 117.786 709.032 67 154.125 706.727 70 296.335 653.267 74 295.004 696.672 79 206.077 584.119 82 170.717 675.401 84 263.017 512.754 97 299.597 675.045 106 188.092 693.475 124 259.613 549.686 249 237.443 667.088 270 437.224 303.212 314 289.846 581.167 446 403.775 320.391 600 369.409 298.735 614 298.249 320.555 618 370.929 211.63 657 354.783 127.794 659 534.24 320.556 674 423.097 297.888 676 525.087 320.606 687 388.393 221.041 688 315.975 284.304 690 527.897 308.613 691 369.644 246.999 692 517.982 342.973 695 343.712 214.127 703 307.578 135.911 731 370.217 163.915 762 381.932 149.786 763 376.557 323.151 765 36.9637 701.469 771 579.038 361.127 773 606.2 334.774 776 223.741 504.366 781 359.412 243.545 783 482.914 691.454 784 46.9858 700.699 785 433.407 243.265 787 417.911 159.818 790 566.754 355.653 791 499.917 729.394 792 35.5294 203.727 793 288.406 225.725 795 334.688 54.1368 842 400.966 50.1238 843 389.005 44.1162 845 316.186 65.2181 879 413.678 115.626 880 284.837 494.546 881 405.089 166.557 882 345.746 113.679 883 371.453 92.9779 884 452.39 241.721 885 228.292 151.571 886 239.39 484.803 887 312.903 681.213 888 50.4895 530.928 889 473.971 177.031 890 392.862 236.771 891 456.835 155.514 892 351.847 704.751 893 488.973 136.544 894 278.46 460.427 895 303.154 92.9654 896 368.195 81.997 897 103.496 238.077 898 383.795 752.054 899 57.2324 143.169 900 292.426 80.0912 901 253.747 75.649 902 331.979 337.811 903 289.587 720.093 904 234.794 643.311 905 643.464 297.477 906 197.106 150.484 907 570.331 159.337 917 220.798 213.03 1003 196.991 197.573 1004 219.548 365.341 1005 520.874 78.0968 1006 127.841 106.217 1007 65.8808 537.665 1008 677.052 58.7959 1009 550.185 229.128 1010 180.991 116.23 1011 663.577 109.75 1012 391.614 197.07 1013 141.092 119.14 1014 600.521 123.189 1015 278.378 32.8056 1016 409.076 229.443 1017 212.252 48.7427 1018 581.186 175.669 1019 648.113 68.2059 1020 543.425 241.407 1021 359.112 124.147 1022 376.708 73.993 1023 634.416 82.5992 1024 95.1854 256.54 1025 105.546 87.1036 1026 313.537 284.911 1027 149.666 85.9507 1028 309.193 52.2165 1029 418.828 35.2969 1030 359.813 195.421 1031 326.316 106.419 1032 321.237 43.8657 1033 487.024 20.2044 1034 442.831 103.768 1035 427.413 44.0441 1036 162.577 86.5095 1037 247.145 359.829 1038 621.265 95.6392 1039 317.096 383.338 1040 560.493 115.922 1041 506.506 396.252 1042 642.784 204.83 1043 552.161 109.591 1044 74.2275 175.968 1045 645.443 127.545 1046 543.622 341.859 1047
29 0.668312660797856 0.7435578301961067 -0.01111765849186324 0.01887692350480029 -0.8441278387784301 1.129382822086061 -6.539413519293772 0 frame_00010_front_29.jpg
496.11 687.674 548 370.161 692.257 653 692.52 353.303 663 705.975 277.044 664 415.689 651.122 724 406.082 269.083 829 70.5324 590.199 832 137.357 680.595 835 493.323 709.167 837 130.275 455.558 930 203.032 730.153 931 108.587 685.087 932 88.2829 723.793 933 311.282 597.541 934 83.7241 676.045 935 213.252 652.884 936 124.415 168.517 937 446.552 664.361 938 85.2633 689.116 939 155.438 728.516 940 381.669 620.173 941 500.182 738.302 942 199.301 694.184 943 536.289 740.013 944 347.302 676.078 945 521.188 624.361 946 156.55 693.437 947 191.941 740.365 948 494.79 185.325 1048 472.578 665.145 1049 106.359 535.384 1050 519.898 654.29 1051 89.968 532.055 1052 155.878 678.612 1053 428.127 635.992 1054 363.226 666.183 1055 379.242 677.088 1056 374.162 560.967 1057 423.765 252.769 1058 382.562 540.817 1059 213.622 638.14 1060 392.919 203.29 1061 238.532 686.65 1062 431.518 626.054 1063 520.489 544.892 1064 347.132 280.062 1065 287.493 449.778 1066 538.945 274.874 1067 393.91 600.336 1068 417.539 583.346 1069 348.161 358.363 1070 435.811 606.857 1071 504.388 662.951 1072 412.948 750.836 1073 439.214 697.651 1074 273.214 730.113 1075 358.088 254.14 1076 420.732 216.601 1077 515.648 110.35 1078 249.141 688.606 1079 375.871 581.441 1080 123.362 708.371 1081 196.319 532.078 1082
30 0.478588608393574 0.543763444810954 0.4585080788462059 -0.5148248261651612 -6.751516630069651 1.144592346258483 0.7484019746242647 0 frame_00010_left_30.jpg
491.57 691.976 748 431.982 416.787 749 269.545 550.79 855 669.697 528.145 859 599.728 504.096 862 112.921 693.195 965 629.109 537.433 966 137.433 735.701 967 49.6947 381.552 968 701.945 662.32 969 356.857 253.842 970 464.953 725.845 971 696.465 639.726 972 429.059 538.556 973 328.639 696.468 974 712.238 446.765 975 301.982 655.919 976 260.381 514.213 977 132.966 721.103 1083 286.655 659.771 1084 216.241 398.07 1085 287.299 313.079 1086 504.297 705.297 1087 150.27 368.413 1088 563.105 526.711 1089 171.848 666.104 1090 617.678 670.567 1091 321.572 546.62 1092 570.904 631.584 1093 668.306 658.782 1094 544.522 379.588 1095 469.056 639.228 1096 270.721 634.134 1097 585.998 115.072 1098 448.376 546.254 1099 580.336 58.9004 1100 25.1673 426.194 1101 276.668 726.856 1102 315.436 410.031 1103 353.138 285.801 1104 429.1 434.081 1105 426.265 709.366 1106 392.786 508.977 1107 323.736 510.692 1108
31 -0.02808022045155316 0.9992651823910758 -0.02395285212494382 -0.01033718314644286 -0.9293360169864933 7.359957842439396 0.889935608361657 0 frame_00011_bottom_31.jpg
341.616 671.995 8 290.702 658.001 18 204.07 687.668 28 259.794 592.496 31 304.829 666.606 35 304.071 682.286 62 305.298 706.667 74 306.432 655.266 76 215.191 636.93 82 180.461 725.759 84 356.996 687.985 92 273.534 567.03 97 308.108 727.634 106 267.571 603.531 249 246.632 718.576 270 280.451 680.399 279 569.347 588.092 523 303.289 379.779 618 421.042 234.471 656 375.062 272.989 657 378.985 178.119 658 358.291 193.351 659 391.776 283.209 688 374.719 309.688 692 433.445 74.6406 716 426.331 57.7248 726 269.835 76.3811 728 312.673 201.29 731 420.976 222.646 790 54.6538 272.199 793 294.691 289.546 795 400.905 43.7493 836 338.308 122.232 842 402.794 116.368 843 390.898 112.191 845 257.678 31.86 872 416.251 179.74 880 408.336 229.446 882 349.416 179.215 883 374.91 158.436 884 320.555 734.178 888 308.066 159.261 896 370.847 147.959 897 117.414 303.329 898 298.67 148.889 901 260.575 143.582 902 243.347 692.08 905 204.938 219.148 907 572.894 218.515 917 168.59 336.586 920 231.675 535.958 925 452.917 47.1207 955 456.832 328.524 999 228.945 278.528 1003 197.413 274.613 1004 224.14 437.532 1005 522.043 139.63 1006 140.843 176.596 1007 75.939 607.538 1008 678.883 116.718 1009 554.192 288.087 1010 191.739 185.149 1011 666.545 167.432 1012 395.617 260.778 1013 153.393 188.444 1014 602.408 182.215 1015 284.69 104.469 1016 413.095 290.211 1017 216.201 121.733 1018 583.816 234.868 1019 650.141 127.178 1020 546.645 300.732 1021 362.573 189.711 1022 378.676 139.083 1023 636.139 140.699 1024 108.997 321.45 1025 117.147 158.78 1026 319.77 346.244 1027 161.151 156.839 1028 313.448 120.337 1029 419.98 103.094 1030 363.817 260.033 1031 623.161 153.896 1039 417.065 28.8904 1073 554.195 264.24 1112 648.72 149.384 1113 364.176 118.908 1114 337.145 365.181 1115 691.559 164.436 1116 656.059 230.821 1117 323.255 271.443 1118 321.271 94.9787 1119 636.357 302.567 1120 107.717 78.6837 1121 571.914 264.532 1122 381.874 717.031 1123 77.0376 76.3224 1124 451.03 76.5098 1125 288.379 66.7733 1126 319.696 645.457 1127 375.306 176.868 1128 398.01 88.1391 1129 635.534 250.153 1130 290.579 725.627 1131 268.842 99.6182 1132 317.593 74.7371 1133 106.138 220.457 1134 422.329 94.6755 1135 77.2115 90.1078 1136 659.883 264.399 1137 627.012 238.038 1138 215.754 54.9761 1139 258.749 146.949 1140 659.524 146.918 1141 201.505 378.115 1142 430.924 152.249 1143 714.093 437.612 1144 251.05 708.308 1145 204.092 66.7555 1146 443.364 308.001 1147 366.531 51.2356 1148 368.333 312.532 1149 510.084 78.5473 1150 503.846 119.723 1151 461.187 109.183 1152 228.031 293.666 1153 77.5806 359.177 1154 193.439 621.643 1155 575.699 293.767 1156 54.1588 354.223 1157 61.984 66.8697 1158 30.654 282.169 1159 242.958 302.057 1160 51.6916 202.817 1161 74.4334 58.6195 1162 108.806 227.987 1163 97.7881 344.874 1164 638.438 180.592 1165 264.197 717.529 1166 95.1018 222.492 1167 608.643 267.772 1168 38.8089 274.812 1169 121.791 188.459 1170 693.827 430.964 1171 572.103 99.0917 1172 443.252 726.648 1173
32 0.6724659156161512 0.7396360060776704 -0.02371220682049945 0.01288029874287024 -0.825410744755672 1.224403822280107 -7.377346449797391 0 frame_00011_front_32.jpg
419.332 693.845 724 397.042 267.441 829 294.909 516.79 830 105.167 740.557 835 449.623 680.88 848 104.887 479.358 930 72.9002 748.886 932 43.867 737.589 935 456.391 709.594 938 381.318 657.213 941 343.698 727.792 945 536.494 657.617 946 95.2055 465.403 949 243.751 709.043 950 311.581 672.705 951 483.118 709.614 1049 77.2816 568.635 1050 535.759 693.836 1051 58.3645 564.1 1052 125.628 737.136 1053 362.292 714.74 1055 379.095 728.42 1056 372.161 588.664 1057 417.077 244.823 1058 381.447 562.488 1059 190.739 690.317 1060 374.058 176.211 1061 220.281 745.254 1062 436.571 662.445 1063 532.802 572.163 1064 333.681 283.445 1065 277.905 466.068 1066 545.187 269.384 1067 394.21 632.397 1068 419.522 612.508 1069 331.506 371.451 1070 440.694 638.213 1071 519.061 702.777 1072 402.58 669.142 1174 471.212 557.872 1175 504.936 704.437 1176 488.15 699.861 1177 433.178 692.976 1178 378.891 698.649 1179 433.17 650.826 1180 365.875 634.329 1181 415.889 678.014 1182 450.095 243 1183 580.932 245.583 1184 502.34 599.673 1185 379.087 560.763 1186 106.037 513.188 1187 419.132 694.046 1188 118.296 726.368 1189 362.831 671.4 1190 304.897 269.321 1191 89.9587 155.632 1192 27.426 640.521 1193 128.351 587.379 1194 434.381 521.88 1195 384.827 564.669 1196 191.252 124.412 1197 373.517 285.609 1198 460.308 284.343 1199 252.717 736.051 1200 295.616 749.852 1201 270.839 748.226 1202 386.653 742.278 1203 165.193 638.896 1204 402.969 337.986 1205 378.575 268.794 1206 503.874 374.61 1207
33 0.5154710916284388 0.5399131395662677 0.4510970555781088 -0.4891776792412368 -6.854294783966216 0.7678491836250648 0.3130255951422888 0 frame_00011_left_33.jpg
443.438 710.213 748 351.677 432.514 749 316.684 648.545 866 57.4798 705.892 965 249.744 670.838 976 72.1842 735.968 1083 233.681 671.413 1084 195.778 412.878 1085 250.631 328.96 1086 454.964 724.254 1087 135.638 378.901 1088 127.256 246.284 1109 582.478 732.49 1208 588.56 712.539 1209 340.124 637.701 1210 345.605 258.559 1211 335.004 726.314 1212 705.229 689.987 1213 590.465 693.622 1214 414.13 342.703 1215 469.002 672.896 1216 617.419 637.077 1217 749.999 620.468 1218 635.619 546.63 1219 479.759 595.482 1220 480.892 717.272 1221 374.306 678.986 1222 314.44 153.054 1223 230.679 724.564 1224 328.368 281.359 1225 293.139 225.607 1226 411.027 655.789 1227 473.795 682.253 1228 492.36 279.042 1229 195.409 257.479 1230 355.426 508.796 1231 443.595 443.776 1232 232.044 525.664 1233
34 -0.05206098673426929 0.9986069644191602 0.002367212058469552 0.008257153315444681 -1.466884378234026 8.222227044911891 1.309736823700056 0 frame_00012_bottom_34.jpg
272.124 688.845 35 291.125 605.763 45 271.481 703.242 62 297.795 646.267 65 319.547 655.907 71 273.833 678.53 76 184.871 659.243 82 148.021 741.224 84 282.73 664.833 91 321.457 709.08 92 312.187 682.578 101 272.186 745.441 106 213.549 735.619 270 265.521 659.621 446 278.027 389.958 606 203.856 716.227 633 357.047 318.031 657 365.785 220.664 658 345.174 235.02 659 373.484 327.588 688 355.909 352.302 692 427.036 118.875 716 259.198 107.362 728 298.053 240.514 731 318.571 180.952 733 355.411 86.237 734 406.189 269.309 790 275.991 327.839 795 395.608 84.5155 836 327.193 160.496 842 393.228 159.256 843 381.658 154.097 845 247.618 59.5828 872 309.125 172.162 879 402.933 225.161 880 393.146 275.251 882 336.379 220.385 883 363.342 201.062 884 294.462 197.426 896 357.614 189.74 897 285.442 184.895 901 186.741 250.008 907 555.227 274.979 917 447.438 92.1487 955 435.374 376.831 999 209.315 311.957 1003 511.128 191.974 1006 120.743 201.942 1007 532.841 342.811 1010 132.695 215.584 1014 272.63 137.578 1016 564.812 292.515 1019 524.428 354.546 1021 350.458 232.457 1022 367.414 181.956 1023 84.6692 347.908 1025 142.522 181.898 1028 302.967 158.452 1029 315.11 150.094 1033 412.078 70.4508 1073 533.431 319.42 1112 632.672 211.35 1113 354.222 159.423 1114 312.547 401.445 1115 672.614 227.176 1116 632.314 292.708 1117 305.196 312.118 1118 309.517 132.038 1119 609.386 361.561 1120 86.688 96.2255 1121 551.664 321.724 1122 344.361 736.523 1123 54.0861 92.3946 1124 444.032 121.754 1125 278.474 99.0532 1126 286.255 669.466 1127 363.299 219.851 1128 389.252 130.695 1129 612.052 310.21 1130 255.869 742.53 1131 255.897 130.185 1132 308.363 110.102 1133 83.6502 245.047 1134 414.135 138.444 1135 53.3064 107.474 1136 635.078 324.237 1137 606.556 298.035 1138 203.257 84.7836 1139 244.601 177.606 1140 175.866 426.663 1142 419.232 200.125 1143 36.8315 84.1666 1158 622.114 240.568 1165 480.068 135.212 1243 461.635 80.0112 1244 419.962 155.022 1245 170.974 30.3922 1246 200.713 375.415 1247 600.528 47.063 1248 139.547 431.159 1249 529.547 98.4193 1250 190.772 413.682 1251 173.718 214.455 1252 477.967 100.017 1253 475.666 228.272 1254 395.153 56.0031 1255 204.38 398.77 1256 443.477 266.116 1257 102.902 81.9514 1258 513.807 267.818 1259 89.8158 77.1462 1260 242.416 92.7063 1261 272.874 644.401 1262 252.467 90.5373 1263 51.5737 72.9624 1264 279.417 592.183 1265 243.543 416.252 1266 432.17 209.701 1267 284.602 120.244 1268 23.5847 25.743 1269 114.815 126.742 1270 155.718 183.765 1271 62.3345 60.1547 1272 38.2022 250.157 1273 438.488 293.696 1274 518.384 184.467 1275 270.089 551.003 1276 267.322 444.706 1277 241.336 434.928 1278 553.739 412.783 1279 82.1657 283.53 1280 227.019 575.45 1281 575.172 109.944 1282 153.582 384.504 1283 304.756 659.518 1284 56.4238 149.241 1285 67.2581 419.126 1286 476.782 249.434 1287 198.786 312.457 1288 140.333 540.484 1289 212.04 491.68 1290 274.518 459.905 1291 545.44 609.966 1292 225.729 81.7867 1293
35 0.6582311438262808 0.7527449745217708 0.007524215032243302 0.007081724190720489 -1.376457061173872 1.540045712311046 -8.192549953636375 0 frame_00012_front_35.jpg
495.336 446.991 591 420.314 234.384 829 459.533 705.183 848 104.568 459.297 930 106.675 441.857 949 229.649 719.303 950 303.887 689.385 951 697.262 376.192 952 556.741 726.635 1051 51.4655 547.615 1052 106.059 740.387 1053 441.529 693.136 1054 359.958 737.345 1055 176.415 697.1 1060 445.515 678.474 1063 560.659 594.661 1064 345.885 253.869 1065 602.602 233.215 1067 400.634 640.238 1068 449.18 650.483 1071 407.206 684.441 1174 491.912 576.224 1175 520.549 736.04 1176 502.824 729.624 1177 439.95 716.709 1178 379.815 719.531 1179 442.971 665.305 1180 367.296 650.523 1181 420.855 696.039 1182 479.327 195.623 1183 657.712 201.992 1184 524.492 623.976 1185 388.879 556.855 1186 104.641 494.259 1187 424.338 716.501 1188 98.7804 726.82 1189 363.99 693.662 1190 316.885 233.444 1191 400.985 656.108 1294 542.595 528.367 1295 676.359 134.617 1296 154.017 468.793 1297 282.85 209.334 1298 346.892 601.488 1299 450.548 531.883 1300 299.051 552.707 1301 333.449 581.247 1302 469.982 589.614 1303 122.977 600.196 1304 539.031 358.109 1305 396.356 645.741 1306 499.455 140.695 1307 161.565 325.722 1308 346.403 458.86 1309 154.936 249.614 1310 402.548 670.719 1311 330.293 606 1312 333.497 98.7834 1313 269.733 546.315 1314 96.8602 366.016 1315 127.551 615.064 1316 365.702 653.853 1317 467.32 639.935 1318 154.247 663.16 1319 116.185 655.552 1320 346 588.23 1321 78.7101 697.98 1322 178.839 699.775 1323
36 0.477109547259321 0.5433233843017317 0.4635065226108867 -0.512179542233075 -7.936646533675615 1.229077602430959 0.9992247883705085 0 frame_00012_left_36.jpg
444.027 577.008 745 428.496 687.935 748 69.3773 683.878 965 79.5923 723.579 967 676.23 450.791 975 77.846 710.149 1083 512.941 521.307 1089 118.222 660.484 1090 521.24 666.773 1091 286.51 546.524 1092 491.088 636.595 1093 539.598 710.152 1208 538.877 689.84 1209 336.109 618.862 1210 281.26 263.583 1211 323.335 702.404 1212 675.714 671.628 1213 543.501 670.55 1214 406.957 330.755 1215 750.028 596.972 1218 365.447 655.335 1222 254.275 700.983 1324 413.776 475.612 1325 223.848 650.871 1326 676.898 576.92 1327 755.217 588.339 1328 263.465 594.135 1329 737.64 529.589 1330 187.744 586.899 1331 592.75 589.879 1332 38.128 530.293 1333 681.657 644.049 1334 97.3153 290.883 1335 310.794 188.985 1336 227.724 699.332 1337 190.712 604.671 1338 467.466 667.504 1339 294.326 166.78 1340 109.747 694.239 1341 225.554 150.841 1342 183.056 309.734 1343 220.367 114.007 1344 291.126 235.145 1345 254.686 651.131 1346 217.06 227.8 1347 219.519 386.666 1348 304.334 465.848 1349 326.478 538.12 1350
37 -0.05350143710971336 0.9983503088558253 -0.01991644776432269 0.006131243195684074 -1.225599835935254 9.198975291096628 1.474355035598391 0 frame_00013_bottom_37.jpg
282.599 737.894 35 297.212 658.155 45 327.034 704.81 71 283.618 727.558 76 292.405 712.603 91 331.957 755.561 92 321.649 730.527 101 274.355 452.047 606 356.349 687.907 626 353.057 286.385 658 332.868 299.708 659 406.659 182.129 716 419.8 114.731 725 399.771 164.921 726 287.135 307.531 731 337.188 224.347 732 304.373 248.856 733 337.063 155.242 734 393.377 330.051 790 267.462 391.599 795 291.009 355.906 799 375.193 150.346 836 312.66 228.462 842 375.797 223.103 843 365.267 218.593 845 230.198 134.082 872 294.86 239.229 879 389.143 287.673 880 381.168 336.491 882 323.851 286.287 883 348.607 265.221 884 211.429 320.784 886 282.061 264.445 896 271.71 253.137 901 273.305 104.911 953 374.525 172.987 954 426.288 155.045 955 368.976 242.437 997 204.158 379.542 1003 113.329 277.512 1007 551.441 343.277 1019 351.644 245.79 1023 133.562 257.931 1028 287.221 224.422 1029 393.681 210.17 1030 299.76 219.274 1033 390.994 136.209 1073 236.134 112.003 1075 76.9956 177.574 1121 43.7493 176.402 1124 425.894 184.632 1125 260.983 170.649 1126 371.399 194.328 1129 241.074 203.056 1132 291.421 180.13 1133 79.2397 322.163 1134 396.156 202.872 1135 623.113 369.652 1137 232.488 250.144 1140 434.184 217.084 1152 541.278 402.533 1156 460.512 194.524 1243 439.415 142.844 1244 402.346 217.764 1245 154.307 109.45 1246 197.295 445.674 1247 576.187 104.321 1248 142.443 509.059 1249 507.892 157.086 1250 191.043 482.533 1251 165.048 287.49 1252 456.43 160.887 1253 459.977 290.776 1254 373.367 123.718 1255 202.621 461.867 1256 431.334 325.658 1257 91.0439 162.407 1258 498.002 328.189 1259 77.8527 158.597 1260 226.131 166.088 1261 281.358 694.388 1262 234.878 163.431 1263 40.5289 157.111 1264 285.068 644.218 1265 241.547 478.537 1266 274.403 605.827 1276 471.987 47.052 1358 173.83 154.403 1359 237.958 609.518 1360 68.818 322.687 1361 138.53 65.8153 1362 270.751 82.0101 1363 258.328 58.5357 1364 48.6653 58.419 1365 498.168 55.5045 1366 83.1994 491.183 1367 350.362 129.593 1368 400.015 84.6239 1369 663.404 50.2647 1370 317.966 50.9357 1371 372.314 271.869 1372 262.532 96.3338 1373 145.733 49.2338 1374 196.539 711.825 1375 268.03 49.7849 1376 696.806 116.03 1377 378.97 142.365 1378 379.431 85.7726 1379 336.27 44.7994 1380 678.488 64.0045 1381 37.7402 47.0877 1382 213.493 126.169 1383 659.206 102.238 1384 276.419 213.508 1385 264.989 212.629 1386 566.123 102.719 1387 22.8027 334.529 1388 190.217 223.915 1389 61.9723 194.045 1390 187.795 404.411 1391 468.456 124.424 1392 83.0939 604.705 1393 152.928 132.149 1394 287.795 140.895 1395 96.5823 129.898 1396 655.066 89.8136 1397 394.761 73.7769 1398 477.999 61.6531 1399 429.187 346.634 1400 299.839 393.873 1401 170.604 366.741 1402 123.898 415.38 1403 612.757 177.375 1404 69.6629 245.044 1405 175.17 420.442 1406 568.299 234.255 1407 497.158 464.94 1408 637.83 160.623 1409 44.8156 332.372 1410 595.427 312.555 1411 636.98 210.839 1412 634.587 665.556 1413 391.812 341.68 1414
38 0.6569778699183868 0.7534813202359157 -0.01335070079805595 0.02162723471092641 -1.070106514939712 1.74806935260776 -9.145180533127995 0 frame_00013_front_38.jpg
479.87 463.969 591 391.212 216.045 829 307.701 243.278 1065 377.737 677.845 1068 431.211 689.024 1071 384.144 734.974 1174 423.599 708.143 1180 679.823 170.064 1184 515.543 670.028 1185 366.299 576.852 1186 38.9067 519.015 1187 266.394 214.04 1191 361.363 216.056 1206 376.309 698.615 1294 538.696 557.014 1295 705.841 84.332 1296 103.122 481.129 1297 211.872 177.08 1298 316.288 633.645 1299 426.379 564.252 1300 262.798 584.56 1301 300.607 618.381 1302 453.134 635.321 1303 56.9879 643.972 1304 519.947 369.719 1305 371.469 686.091 1306 488.838 66.0824 1307 117.484 334.221 1308 312.727 469.192 1309 79.4005 237.094 1310 376.375 716.511 1311 303.53 638.739 1312 509.888 493.129 1415 291.011 172.372 1416 517.082 540.368 1417 488.127 233.301 1418 227.109 355.828 1419 471.19 489.003 1420 556.23 233.813 1421 339.298 434.959 1422 248.874 564.107 1423
39 0.482775080214687 0.5514331761249829 0.4527508596691318 -0.5078054088539017 -9.120505356063367 1.471976617691561 0.9165803229637645 0 frame_00013_left_39.jpg
634.475 223.986 757 494.733 508.581 862 360.731 705.79 1087 236.903 557.552 1092 421.947 644.935 1093 464.628 382.088 1095 344.085 652.572 1216 518.237 616.861 1217 680.854 597.003 1218 559.374 531.226 1219 419.674 582.512 1220 351.738 664.645 1228 169.459 712.683 1324 366.23 479.405 1325 164.281 658.134 1326 613.119 576.602 1327 687.386 589.366 1328 212.471 606.62 1329 674.982 530.722 1330 128.36 597.985 1331 532.909 594.016 1332 696.469 219.699 1424 638.345 599.825 1425 663.137 229.959 1426 65.1358 625.748 1427 567.653 139.334 1428 616.196 231.712 1429 689.432 577.885 1430 213.398 704.095 1431 694.122 705.868 1432 505.456 163.837 1433 538.95 205.452 1434 173.636 528.919 1435 189.587 447.611 1436 510.763 436.177 1437 740.758 663.167 1438 666.407 645.093 1439 702.934 626.289 1440 367.056 172.591 1441 259.84 349.892 1442 498.786 426.071 1443 670.615 458.78 1444 625.64 600.89 1445 689.778 517.632 1446 635.341 250.001 1447 711.014 484.957 1448 605.472 406.974 1449 302.633 526.737 1450 363.314 683.606 1451 273.407 157.833 1452 140.09 435.813 1453 432.191 659.262 1454 133.915 731.564 1455 120.16 346.706 1456 480.725 668.09 1457 605.741 699.132 1458 207.171 341.743 1459 357.202 340.374 1460
40 -0.04760035856767179 0.9984388294096026 0.02871600250856453 -0.005431481505053506 -2.400995002611658 9.886695652292623 1.428083117157575 0 frame_00014_bottom_40.jpg
301.294 713.018 17 260.55 701.786 45 286.935 750.951 71 326.481 673.292 77 624.836 588.972 111 269.236 669.217 118 286.581 654.541 145 320.341 693.301 258 291.717 643.82 407 270.633 625.151 467 42.3083 607.76 625 317.405 737.436 626 358.98 121.097 653 350.763 343.513 658 329.829 355.776 659 414.066 247.229 716 432.419 182.734 725 408.859 229.258 726 253.597 230.605 728 283.897 358.503 731 306.402 303.744 733 347.147 213.532 734 258.092 436.995 795 385.14 214.121 836 316.459 284.451 842 379.306 285.61 843 368.598 279.517 845 397.342 254.533 846 245.015 185.719 872 386.975 348.572 880 321.813 341.067 883 348.927 324.138 884 208.085 365.247 886 458.09 375.517 894 283.532 317.826 896 344.882 312.647 897 274.803 305.717 901 179.986 358.904 907 382.794 236.691 954 435.615 222.445 955 371.534 303.758 997 118.115 312.845 1007 352.802 304.861 1023 140.283 295.708 1028 291.819 279.035 1029 348.157 78.8767 1055 401.637 201.087 1073 444.76 136.905 1074 252.576 164.382 1075 93.6111 213.852 1121 61.3137 210.068 1124 431.99 251.525 1125 271.922 223.55 1126 250.422 253.919 1132 300.644 235.459 1133 82.1045 350.338 1134 401.173 266.555 1135 235.834 298.13 1140 436.301 284.284 1152 84.3411 358.025 1163 514.198 77.7791 1177 445.716 57.1728 1178 465.924 265.009 1243 449.824 211.733 1244 174.671 155.95 1246 178.359 489.874 1247 515.956 231.603 1250 170.727 527.448 1251 167.085 326.533 1252 386.063 187.595 1255 187.987 498.503 1256 97.0058 195.643 1260 247.662 214.095 1263 250.927 685.976 1265 223.505 519.852 1266 501.884 314.014 1275 490.353 121.425 1358 189.337 200.566 1359 203.091 660.346 1360 71.4093 349.768 1361 163.958 114.009 1362 290.156 139.444 1363 279.529 116.15 1364 78.827 97.7015 1365 516.044 132.721 1366 72.7194 516.513 1367 363.844 192.404 1368 415.735 152.429 1369 682.904 139.144 1370 336.861 112.585 1371 371.486 331.252 1372 280.378 152.704 1373 171.904 97.7507 1374 156.77 743.699 1375 290.253 108.712 1376 710.428 213.897 1377 389.205 205.815 1378 395.037 151.498 1379 358.171 110.047 1380 695.577 155.63 1381 70.1338 87.415 1382 231.128 176.611 1383 671.636 192.027 1384 282.366 267.497 1385 273.662 265.308 1386 575.138 191.602 1387 23.4285 369.385 1388 195.256 269.264 1389 77.487 228.768 1390 178.847 444.216 1391 478.52 196.461 1392 60.5213 636.568 1393 169.913 175.948 1394 300.721 197.929 1395 667.846 178.385 1397 494.249 136.276 1399 652.543 273.307 1465 633.033 223.313 1466 617.259 261.362 1467 252.649 578.998 1468 165.104 549.161 1469 341.999 283.871 1470 585.416 296.863 1471 217.434 565.019 1472 260.084 66.6025 1473 540.99 662.098 1474 491.656 321.404 1475 301.623 255.133 1476 547.709 144.516 1477 662.15 228.074 1478 164.473 418.59 1479 418.812 90.108 1480 301.287 324.052 1481 683.676 191.615 1482 437.727 45.8674 1483 404.861 117.824 1484 330.089 96.6463 1485 52.5589 104.792 1486 268.738 106.305 1487 68.9048 77.5202 1488 503.449 112.711 1489 465.119 244.586 1490 537.998 647.155 1491 647.379 246.758 1492 661.682 198.616 1493 696.099 233.394 1494 147.911 620.042 1495 383.532 373.863 1496 350.205 46.5723 1497 616.95 199.113 1498 206.393 182.936 1499 163.266 357.363 1500 274.515 580.772 1501 230.216 391.445 1502 509.559 389.304 1503 86.5867 77.1323 1504 449.937 179.371 1505 92.2576 301.912 1506 447.317 82.2505 1507 36.6938 192.785 1508 276.238 595.632 1509 402.562 142.566 1510 574.764 76.6409 1511 644.326 179.256 1512 525.22 95.6294 1513 281.336 714.178 1514 211.523 291.455 1515 295.217 657.059 1516
41 -0.4706912505732412 -0.5188905367330445 -0.4760690959763323 0.5315642702241837 -9.803308649741467 1.36409154413026 1.987745990778087 0 frame_00014_left_41.jpg
500.082 521.019 862 461.447 534.788 1089 700.923 623.723 1218 619.096 599.678 1327 708.477 615.05 1328 699.765 552.351 1330 662.473 234.809 1424 651.615 622.466 1425 633.164 246.591 1426 95.274 607.888 1427 472.093 171.497 1428 594.293 245.971 1429 718.698 605.705 1430 221.036 690.045 1431 696.374 737.264 1432 413.113 193.345 1433 445.424 240.392 1434 199.541 524.916 1435 157.411 458.157 1436 522.791 445.9 1437 618.094 263.553 1447 218.359 618.166 1523 315.4 714.796 1524 58.9473 615.43 1525 206.026 556.844 1526 390.399 713.503 1527 226.173 217.462 1528 97.378 708.884 1529 498.741 710.191 1530 282.461 746.351 1531 22.197 434.306 1532 597.934 260.024 1533 641.536 699.161 1534 544.183 408.787 1535 534.831 463.019 1536 115.353 223.249 1537 535.375 316.046 1538 612.169 609.75 1539 564.455 302.038 1540 478.656 431.972 1541 145.088 262.778 1542 106.98 285.89 1543 128.777 742.465 1544
42 -0.05087745134740326 0.9943400227649375 0.09325549021361845 0.001678575954146428 -3.852639851885857 10.24052799977263 1.502203164425206 0 frame_00015_bottom_42.jpg
243.728 736.613 17 284.996 698.559 34 206.263 720.503 45 273.715 700.597 77 236.785 678.607 145 279.788 657.191 383 242.964 668.821 407 237.693 719.006 464 256.916 564.932 620 373.437 168.637 653 314.159 392.483 659 539.143 727.587 697 246.584 682.798 698 411.971 300.777 716 437.78 239.229 725 408.637 282.714 726 255.355 260.908 728 268.561 390.202 731 350.967 258.382 734 387.787 263.523 836 310.784 322.676 842 373.406 333.038 843 363.726 326.17 845 394.693 304.992 846 252.504 216.462 872 309.808 379.061 883 338.378 365.52 884 274.828 350.046 896 233.032 323.23 902 262.653 536.881 908 436.004 278.961 955 362.674 349.157 997 112.206 324.008 1007 263.451 292.186 1016 345.252 348.548 1023 133.427 308.284 1028 287.734 316.097 1029 478.41 88.1401 1054 405.886 253.403 1073 459.236 195.396 1074 262.509 196.106 1075 96.3822 222.324 1121 63.8554 214.172 1124 274.073 257.028 1126 248.701 282.794 1132 301.584 272.825 1133 68.0703 356.367 1134 397.358 318.389 1135 63.1587 227.597 1136 229.875 323.464 1140 428.984 339.115 1152 69.6218 363.778 1163 438.638 68.4632 1174 531.12 148.492 1177 453.55 89.4356 1182 450.796 269.957 1244 513.883 298.221 1250 157.527 343.761 1252 101.938 204.924 1260 241.663 245.116 1261 251.969 246.25 1263 197.786 704.887 1265 189.035 539.782 1266 116.253 255.351 1270 78.9433 185.376 1272 501.508 186.437 1358 57.5995 353.709 1361 179.827 133.269 1362 302.787 176.498 1363 295.945 152.106 1364 524.886 200.327 1366 368.431 239.335 1368 425.528 206.995 1369 291.593 188.354 1373 189.892 118.941 1374 306.69 145.461 1376 405.309 203.248 1379 374.219 157.113 1380 88.6169 93.8085 1382 239.458 204.96 1383 79.3626 235.799 1390 155.031 460.196 1391 307.066 236.071 1395 504.79 201.581 1399 640.191 356.809 1465 628.526 306.656 1466 608.395 339.804 1467 212.598 602.26 1468 127.48 570.308 1469 336.16 326.288 1470 573.165 370.752 1471 180.542 583.792 1472 281.436 101.329 1473 485.283 711.861 1474 477.221 382.174 1475 300.367 292.436 1476 554.246 217.102 1477 653.734 313.946 1478 144.014 433.297 1479 435.542 144.952 1480 290.976 358.606 1481 680.858 281.983 1482 460.916 105.766 1483 418.39 172.212 1484 349.155 139.676 1485 69.1359 107.726 1486 286.096 141.086 1487 88.902 85.7251 1488 516.895 180.17 1489 462.353 305.572 1490 484.025 699.297 1491 637.809 330.575 1492 660.672 289.224 1493 685.865 319.581 1494 92.6819 648.221 1495 360.002 397.38 1496 590.045 154.486 1511 225.352 232.969 1547 464.861 232.676 1548 196.081 224.859 1549 493.842 45.8081 1550 487.033 193.528 1551 385.162 222.768 1552 69.3859 242.59 1553 484.612 149.511 1554 138.899 469.273 1555 192.978 386.842 1556 474.03 32.4538 1557 137.82 543.906 1558 300.976 199.65 1559 405.432 154.77 1560 306.016 186.696 1561 283.27 305.044 1562 42.9895 90.1755 1563 67.4225 109.038 1564 461.055 77.6542 1565 352.511 263.23 1566 66.8009 194.274 1567 446.977 38.407 1568 109.337 550.363 1569 294.371 125.026 1570 206.845 226.917 1571 45.9709 242.527 1572 254.05 568.573 1573 495.097 61.958 1574 100.408 611.338 1575 177.478 198.348 1576 240.343 49.2563 1577 191.894 238.498 1578 56.6721 34.3054 1579 110.187 109.744 1580 98.6234 314.077 1581 100.857 440.67 1582 34.1298 80.0603 1583 367.07 169.43 1584 23.9784 110.946 1585 468.025 360.513 1586 79.0618 315.905 1587 391.323 237.609 1588 509.622 138.074 1589 115.672 565.77 1590 186.194 639.636 1591 558.668 138.259 1592 543.872 258.685 1593
43 -0.4335653585991199 -0.4920540980887039 -0.5088307322210529 0.5576693736653608 -10.20029605198184 1.464253745773634 3.33905196318839 0 frame_00015_left_43.jpg
422.162 639.054 1093 741.424 636.058 1218 559.634 608.765 1332 53.2071 513.632 1333 578.018 666.138 1334 654.997 222.826 1424 689.628 630.912 1425 145.132 582.385 1427 250.513 667.159 1431 623.595 252.62 1447 351.181 518.307 1450 256.629 599.382 1523 333.533 697.332 1524 117.27 585.81 1525 245.578 539.299 1526 392.308 702.716 1527 202.869 238.693 1528 145.564 673.682 1529 505.358 711.417 1530 301.207 721.546 1531 52.5291 430.416 1532 601.973 250.281 1533 667.108 710.773 1534 572.11 403.692 1535 559.727 464.24 1536 106.718 247.31 1537 551.037 308.65 1538 212.045 718.167 1595 269.341 679.419 1596 594.305 714.409 1597 588.667 288.657 1598 377.858 221.08 1599 300.937 746.282 1600 565.076 696.631 1601 649.714 153.445 1602 93.5997 698.613 1603 375.604 654.858 1604 477.811 165.422 1605 249.535 701.779 1606 564.53 620.984 1607 273.71 148.469 1608 247.184 630.361 1609 295.051 734.952 1610 512.858 567.632 1611 122.521 631.083 1612 120.674 620.554 1613 735.905 646.789 1614 593.603 481.007 1615 559.183 579.713 1616 457.685 502.07 1617 581.304 302.5 1618 576.41 315.673 1619 88.05 685.29 1620 48.5837 657.793 1621 162.15 690.682 1622 455.667 492.461 1623 203.558 707.895 1624 299.861 681.296 1625
44 -0.03846731508735984 0.9945056428175612 0.09733264209239743 0.002269109365483543 -3.994096576046545 11.08696387759764 1.305144865437179 0 frame_00016_bottom_44.jpg
272.267 718.694 383 235.307 729.586 407 222.963 583.66 606 251.934 625.602 620 369.711 239.679 653 406.493 367.801 716 432.887 309.023 725 403.955 349.646 726 252.93 328.486 728 264.284 452.264 731 345.669 327.4 734 306.44 387.075 842 252.185 284.443 872 261.658 399.602 901 257.48 598.348 908 430.768 347.439 955 401.596 322.147 1073 452.936 265.894 1074 261.715 265.213 1075 99.5577 289.041 1121 272.457 324.794 1126 298.551 340.132 1133 66.8354 436.052 1163 436.187 145.134 1174 448.24 164.031 1182 445.85 338.958 1244 104.221 271.6 1260 239.991 311.626 1261 185.358 602.126 1266 116.227 320.766 1270 496.035 258.824 1358 301.814 246.315 1363 295.141 223.254 1364 101.406 175.765 1365 364.976 307.289 1368 420.971 277.262 1369 289.697 257.944 1373 305.02 216.805 1376 371.059 228.33 1380 498.099 272.884 1399 174.076 644.805 1472 545.992 286.022 1477 141.392 492.391 1479 413.996 244.292 1484 345.754 211.604 1485 285.579 212.535 1487 456.631 372.287 1490 629.397 408.711 1492 226.449 665.692 1501 410.092 265.278 1510 224.769 299.964 1547 459.106 302.399 1548 196.169 292.484 1549 486.804 123.339 1550 480.819 264.533 1551 380.942 292.121 1552 71.777 308.924 1553 476.153 221.236 1554 135.626 530.677 1555 188.783 453.929 1556 468.251 111.829 1557 133.919 606.129 1558 299.28 269.259 1559 401.614 226.112 1560 303.8 256.058 1561 282.215 373.314 1562 50.0347 160.834 1563 72.8296 180.459 1564 455.349 153.229 1565 349.547 330.938 1566 70.3641 261.221 1567 442.608 117.407 1568 107.037 624.526 1569 294.241 197.775 1570 205.685 297.017 1571 46.6914 309.521 1572 248.01 628.885 1573 488.062 139.358 1574 93.7795 673.612 1575 178.604 265.861 1576 239.979 144.195 1577 290.834 481.098 1631 484.606 186.258 1632 208.613 364.103 1633 621.929 107.048 1634 169.322 524.165 1635 224.291 356.083 1636 47.5411 428.597 1637 474.526 446.825 1638 249.003 248.137 1639 340.501 199.303 1640 369.381 47.1401 1641 66.6773 369.342 1642 529.457 424.407 1643 161.762 697.418 1644 396.162 48.2503 1645 307.342 354.354 1646 172.825 674.043 1647 281.276 173.237 1648 326.649 172.289 1649 371.524 60.3897 1650 183.123 686.227 1651 510.897 252.5 1652 613.871 50.7845 1653 57.371 278.662 1654 151.562 518.793 1655 611.249 104.597 1656 253.035 471.283 1657 631.558 97.0711 1658 305.046 470.297 1659 217.624 703.541 1660 80.5914 379.737 1661 294.739 183.929 1662 389.451 356.939 1663 84.434 317.011 1664 589.873 357.008 1665 390.909 241.43 1666 342.216 744.38 1667 24.051 352.433 1668 565.141 441.621 1669
45 -0.446556085925496 -0.4810810444022792 -0.5142916806014561 0.5519535832874383 -10.98259232874877 1.079191750002243 3.408078119326165 0 frame_00016_left_45.jpg
226.079 597.482 226 261.073 538.457 1092 362.852 635.842 1093 521.098 616.009 1332 577.456 240.122 1424 647.638 642.861 1425 745.566 736.321 1438 684.969 702.143 1439 712.025 681.358 1440 125.613 232.51 1441 623.194 640.213 1445 566.263 265.318 1447 346.243 701.828 1527 253.903 718.707 1531 161.901 715.04 1595 531.467 714.105 1597 532.963 301.103 1598 272.481 229.479 1599 249.997 744.004 1600 502.094 703.193 1601 577.915 167.227 1602 55.115 683.4 1603 317.835 655.538 1604 446.27 175.827 1605 204.842 696.658 1606 524.999 627.845 1607 190.947 154.234 1608 213.344 625.925 1609 244.818 732.159 1610 473.658 573.186 1611 84.1246 622.82 1612 82.73 613.191 1613 698.24 663.208 1614 528.313 313.577 1618 661.982 540.501 1671 687.68 643.238 1672 230.158 412.546 1673 552.204 311.139 1674 91.0555 576.435 1675 613.127 704.74 1676 605.175 268.81 1677 214.054 624.869 1678 236.315 747.907 1679 213.232 661.266 1680 401.947 494.562 1681 198.547 383.103 1682 346.97 461.556 1683 668.356 486.116 1684 557.651 648.596 1685 431.014 651.88 1686 519.057 652.539 1687 461.579 304.617 1688 638.219 182.603 1689 543.558 420.65 1690 510.353 305.456 1691 699.205 48.889 1692 523.365 296.272 1693 677.914 75.2356 1694 136.525 636.692 1695 158.466 694.115 1696 171.454 433.4 1697 175.258 391.048 1698 146.41 741.019 1699 286.701 559.717 1700 625.676 495.328 1701 620.952 556.962 1702
46 -0.03453135119177687 0.9913502811212022 0.1254872524227273 -0.01688654450082846 -4.838699999092955 11.66831527226541 1.34809832156074 0 frame_00017_bottom_46.jpg
212.54 625.592 606 238.714 669.119 620 376.08 300.319 653 232.247 624.352 690 214.078 649.969 705 260.7 500.712 731 258.07 337.074 872 286.423 442.758 879 261.361 450.336 901 229.14 437.335 902 136.361 421.391 1028 457.225 329.788 1074 267.976 319.217 1075 111.055 331.245 1121 275.565 376.324 1126 246.915 398.71 1132 298.612 391.96 1133 445.833 208.791 1174 458.377 228.95 1182 117.333 315.677 1260 245.597 362.802 1261 308.085 302.987 1363 303.11 279.625 1364 120.765 223.221 1365 424.85 338.968 1369 296.954 312.499 1373 314.083 273.905 1376 405.059 334.774 1379 93.4073 341.936 1390 502.109 339.59 1399 139.563 531.061 1479 419.606 306.106 1484 353.309 271.039 1485 294.317 268.803 1487 461.255 366.167 1548 203.379 339.637 1549 485.529 330.29 1551 132.519 567.253 1555 479.67 177.341 1557 305.082 324.775 1559 279.705 421.356 1562 93.5019 226.111 1564 453.856 180.999 1568 302.969 255.601 1570 213.586 343.542 1571 247.625 216.907 1577 285.057 531.615 1631 492.485 252.019 1632 209.399 414.754 1633 608.467 267.231 1634 166.079 565.144 1635 224.391 406.771 1636 58.0824 461.313 1637 490.502 473.309 1638 256.734 301.277 1639 349.679 258.697 1640 385.745 110.101 1641 74.6783 423.223 1642 526.682 491.675 1643 146.594 731.052 1644 412.759 112.465 1645 307.266 405.189 1646 158.604 709.384 1647 296.259 230.117 1648 342.903 244.234 1649 387.419 123.246 1650 168.021 723.79 1651 516.991 319.773 1652 599.994 219.911 1653 72.0642 320.822 1654 147.278 559.469 1655 598.309 264.214 1656 248.475 518.895 1657 618.827 259.784 1658 304.113 506.509 1659 200.441 744.208 1660 86.0833 429.474 1661 304.949 241.962 1662 365.475 25.9129 1712 448.985 127.951 1713 196.452 157.839 1714 709.896 161.228 1715 266.446 565.727 1716 109.041 641.587 1717 286.784 204.236 1718 125.332 587.854 1719 127.957 593.864 1720 79.9127 578.271 1721 167.337 610.945 1722 40.1489 507.613 1723 263.42 90.6549 1724 729.003 187.403 1725 199.415 580.376 1726 153.564 642.937 1727 49.6464 492.396 1728 148.27 35.8927 1729 70.2867 602.619 1730 448.59 147.525 1731 146.582 403.832 1732 128.309 479.455 1733 136.224 300.253 1734 703.164 176.522 1735 169.707 67.0603 1736 237.278 196.353 1737 709.229 227.533 1738 210.909 355.869 1739 254.918 424.964 1740 34.2786 294.49 1741 563.554 404.304 1742
47 -0.4472053082622383 -0.4534259614004073 -0.520980430051677 0.5683235885420932 -11.5560494110256 0.995252672136354 4.186271883445523 0 frame_00017_left_47.jpg
480.494 539.827 862 259.352 546.475 1092 509.145 636.171 1332 317.71 366.696 1442 469.349 339.64 1538 214.874 260.947 1599 227.316 749.274 1600 514.316 649.013 1607 81.9237 621.496 1612 81.9643 612.618 1613 690.91 693.822 1614 492.674 332.105 1618 650.559 567.848 1671 678.812 673.711 1672 240.611 422.336 1673 523.168 328.978 1674 95.8245 577.926 1675 594.1 737.176 1676 570.976 289.194 1677 212.115 632.58 1678 213.421 752.965 1679 204.898 666.762 1680 400.002 506.728 1681 153.737 395.757 1682 349.678 474.344 1683 652.271 508.579 1684 542.59 669.466 1685 159.608 724.778 1746 374.939 598.228 1747 508.722 668.044 1748 50.1967 413.014 1749 44.4938 425.148 1750
48 -0.02895290366700616 0.9915251302219429 0.1242744795471247 -0.02440285313031172 -4.931379000657913 12.55989284854153 1.26159355650708 0 frame_00018_bottom_48.jpg
383.367 217.665 223 431.831 241.754 224 274.795 712.413 614 235.119 728.796 620 295.878 641.093 657 229.614 683.522 690 429.435 751.727 704 211.879 709.383 705 253.578 437.432 728 258.979 559.978 731 254.25 397.342 872 259.39 509.793 901 228.045 497.031 902 137.476 477.987 1028 267.256 379.093 1075 74.3903 528.181 1163 307.128 363.864 1363 301.479 341.085 1364 499.262 400.729 1399 396.876 49.7065 1463 139.328 588.135 1479 351.382 333.299 1485 482.64 391.185 1551 301.938 320.616 1570 209.863 409.026 1571 224.019 465.723 1636 60.4855 520.428 1637 255.867 362.004 1639 382.764 175.171 1641 409.031 176.019 1645 295.066 292.22 1648 144.727 618.84 1655 302.984 304.519 1662 362.491 93.9531 1712 445.502 191.075 1713 183.094 238.449 1714 696.25 323.769 1715 263.656 624.89 1716 101.628 710.26 1717 285.755 276.119 1718 123.712 643.869 1719 125.243 655.51 1720 81.8096 647.078 1721 168.222 669.907 1722 44.3493 565.047 1723 257.81 175.204 1724 708.166 350.368 1725 196.905 640.141 1726 151.771 699.007 1727 52.0521 548.59 1728 143.902 126.539 1729 68.2191 670.424 1730 445.63 210.074 1731 147.611 460.347 1732 127.139 536.363 1733 136.747 361.283 1734 681.134 333.994 1735 165.387 147.857 1736 235.592 284.303 1737 685.961 397.171 1738 203.544 427.655 1739 37.3736 566.262 1759 113.202 426.975 1760 670.178 405.267 1761 94.9615 267.394 1762 215.362 106.84 1763 649.71 366.31 1764 124.015 56.4622 1765 380.168 73.3685 1766 478.019 239.303 1767 644.127 196.447 1768 202.543 317.043 1769 69.6928 623.318 1770 441.814 43.9372 1771 747.342 334.577 1772 670.414 390.182 1773 337.146 109.995 1774 91.5811 559.926 1775 461.04 149.28 1776 108.066 393.684 1777 280.286 58.8356 1778 244.897 449.195 1779 276.336 643.404 1780 106.375 76.3973 1781 582.277 259.212 1782 677.028 377.157 1783 257.005 42.5641 1784 361.729 190.923 1785 428.396 26.3928 1786 557.498 354.195 1787 88.8294 73.8765 1788 622.237 361.176 1789 189.281 373.928 1790 677.151 273.169 1791 115.708 619.406 1792 238.992 292.939 1793 86.8233 205.322 1794 130.956 625.061 1795 37.1552 215.024 1796 573.336 612.28 1797 544.643 638.763 1798 558.223 603.956 1799 162.274 448.699 1800
49 -0.009179220401607334 0.9970006389463572 0.07222299057784037 -0.02625466597326394 -3.663405489124911 13.84142942770131 0.6858457140949176 0 frame_00019_bottom_49.jpg
361.41 293.997 223 413.982 309.626 224 318.285 726.055 657 255.921 520.477 728 272.484 645.283 731 253.418 479.437 872 335.973 753.882 891 234.935 582.484 902 141.1 575.758 1028 80.5468 629.823 1163 243.282 506.272 1261 200.421 491.42 1549 209.562 495.06 1571 368.53 102.93 1594 228.539 552.404 1636 250.08 444.92 1639 359.831 248.689 1641 385.236 248.027 1645 160.929 715.3 1655 290.871 381.613 1662 140.186 746.443 1719 215.75 734.204 1726 424.642 277.632 1731 150.254 554.557 1732 137 634.381 1733 132.098 466.451 1734 220.783 387.023 1737 678.62 539.497 1738 205.255 514.084 1739 260.33 567.476 1740 230.373 497.209 1743 46.8551 677.347 1759 113.837 523.96 1760 664.72 541.402 1761 76.4306 386.112 1762 182.657 216.211 1763 639.482 503.262 1764 98.4766 158.48 1765 346.55 153.178 1766 458.595 302.948 1767 615.42 304.064 1768 191.064 419.917 1769 82.184 729.951 1770 402.127 120.076 1771 738.868 512.986 1772 662.453 535.605 1773 306.171 208.072 1774 101.075 661.992 1775 430.237 212.315 1776 108.053 494.725 1777 245.232 158.233 1778 248.008 533.259 1779 298.07 730.376 1780 78.1244 187.393 1781 559.797 383.641 1782 665.423 519.784 1783 223.956 147.172 1784 339.78 267.859 1785 386.459 107.709 1786 544.608 490.712 1787 63.9645 187.179 1788 608.798 500.221 1789 185.63 466.941 1790 652.501 413.562 1791 129.887 721.739 1792 224.157 398.215 1793 69.233 325.973 1794 583.76 659.243 1799 348.768 210.179 1809 632.842 166.567 1810 343.708 217.064 1811 620.575 474.3 1812 624.19 144.7 1813 540.067 383.201 1814 219.29 167.652 1815 348.007 81.4165 1816 193.836 416.37 1817 418.374 206.265 1818 678.634 128.562 1819 359.052 205.828 1820 362.108 261.186 1821 620.385 460.256 1822 356.02 49.6722 1823 621.955 486.628 1824 651.484 516.682 1825 526.206 115.348 1826 232.884 583.194 1827 359.614 266.899 1828 486.571 127.111 1829 479.592 329.18 1830 468.142 296.158 1831 492.893 232.333 1832 88.4601 296.672 1833 36.2351 63.7681 1834 406.693 54.381 1835 235.616 316.45 1836 394.517 717.745 1837 422.83 702.325 1838 332.329 737.389 1839 277.593 674.099 1840 629.986 700.052 1841 395.614 706.152 1842 605.522 712.987 1843
50 0.01011002825341949 0.9971186566141801 0.07409659065970059 0.01272270463607241 -3.820874466449578 14.63972515659388 -0.09824076683040206 0 frame_00020_bottom_50.jpg
274.601 728.019 659 210.108 596.307 728 226.267 727.343 731 256.237 671.43 733 208.495 552.187 872 248.995 661.789 879 335.623 724.409 880 268.584 711.504 883 298.071 695.832 884 222.897 671.909 901 186.087 663.129 902 406.335 727.367 913 65.3079 688.764 1014 219.093 627.285 1016 82.9005 654.966 1028 250.219 701.265 1032 204.066 619.274 1132 258.228 603.889 1133 258.228 508.27 1363 194.458 542.194 1383 150.496 565.837 1549 321.497 315.203 1641 214.32 646.356 1740 182.948 571.7 1743 51.4548 603.679 1760 510.984 524.211 1782 351.276 175.846 1786 134.511 540.035 1790 310.98 276.368 1809 577.804 284.968 1810 306.658 282.319 1811 569.382 640.215 1812 570.939 260.041 1813 492.582 521.517 1814 172.367 248.334 1815 314.916 149.01 1816 137.584 507.32 1817 376.272 272.622 1818 624.865 228.726 1819 321.73 272.271 1820 324.755 326.758 1821 567.655 627.958 1822 318.83 120.203 1823 568.129 649.464 1824 596.451 682.178 1825 482.915 188.162 1826 182.519 664.785 1827 321.92 333.048 1828 446.678 197.345 1829 238.919 615.551 1854 158.26 654.81 1855 163.086 638.784 1856 232.871 699.255 1857 307.941 722.4 1858 310.929 219.868 1859 164.088 512.849 1860 561.929 299.991 1861 224.358 480.673 1862 107.376 60.8895 1863 494.702 497.905 1864 199.378 507.114 1865 264.026 249.767 1866 348.16 314.911 1867 139.144 134.993 1868 596.625 154.866 1869 505.777 493.574 1870 40.2527 45.498 1871 571.638 514.086 1872 497.783 575.734 1873 241.19 639.219 1874 581.008 268.915 1875 556.732 472.806 1876 345.31 149.314 1877 592.209 503.446 1878 562.76 315.753 1879 320.853 259.545 1880 516.067 205.977 1881 236.809 79.1161 1882 87.2213 127.485 1883 164.155 730.54 1884
51 0.009329273080701169 0.9886457847728536 0.1487332243242893 0.0192588913687914 -6.186570685330011 14.5811527392836 -0.1463699331999581 0 frame_00021_bottom_51.jpg
161.518 613.726 728 211.042 679.658 842 165.685 570.912 872 190.037 684.592 879 201.079 737.259 883 233.42 725.131 884 232.521 714.18 897 162.082 690.844 901 165.18 646.019 1016 185.14 724.193 1032 181.834 612.122 1126 150.986 636.195 1132 207.445 629.55 1133 221.832 534.612 1363 346.33 208.772 1594 313.229 350.387 1641 157.57 664.837 1740 449.531 646.863 1782 364.626 215.087 1786 556.774 394.798 1810 555.979 366.584 1813 433.898 640.272 1814 380.858 327.366 1818 622.315 323.414 1819 125.321 677.081 1827 186.809 637.961 1854 100.42 665.997 1855 107.371 652.429 1856 168.37 718.287 1857 239.317 752.965 1858 317.033 253.446 1859 124.099 544.63 1860 535.127 404.112 1861 197.122 502.984 1862 139.034 66.2259 1863 437.861 618.985 1864 164.575 528.438 1865 257.564 285.79 1866 339.812 354.259 1867 159.803 143.282 1868 606.533 239.251 1869 449.468 617.031 1870 75.7883 34.8063 1871 504.208 660.16 1872 431.744 700.173 1873 185.209 661.233 1874 571.847 380.131 1875 499.041 615.645 1876 362.177 187.832 1877 527.203 653.306 1878 535.083 417.866 1879 117.315 150.009 1892 685.067 404.697 1893 697.759 378.474 1894 431.588 197.357 1895 267.923 224.033 1896 262.413 314.408 1897 274.775 47.5495 1898 423.049 181.81 1899 370.945 157.328 1900 346.295 97.0384 1901 199.105 512.363 1902 339.773 135.65 1903 182.956 715.007 1904 206.184 180.788 1905 211.429 66.6023 1906 277.331 722.393 1907 132.877 41.5683 1908 152.21 64.8729 1909 198.142 164.719 1910 91.2536 640.111 1911
52 -0.009542701185677797 0.9606884646796607 0.276870922241694 0.01814119903840625 -10.00516696569736 13.29841980395603 0.3475898505792726 0 frame_00022_bottom_52.jpg
176.587 703.5 590 112.699 730.138 659 240.544 676.113 716 106.366 589.358 728 70.5736 711.376 731 159.313 672.273 732 192.591 692.921 843 185.871 683.009 845 120.562 549.6 872 168.956 749.085 880 113.488 712.992 883 146.348 710.742 884 147.452 700.338 897 87.9309 661.196 901 213.25 691.042 1030 126.746 593.23 1126 203.492 668.601 1129 90.8277 607.37 1132 145.359 615.418 1133 197.976 623.811 1148 299.23 61.9158 1236 216.194 700.758 1245 383.745 244.454 1594 89.1759 635.706 1740 399.453 257.256 1786 124.235 617.956 1854 145.129 737.547 1858 344.05 281.244 1859 216.256 46.585 1863 217.821 130.732 1868 117.297 640.048 1874 406.3 228.293 1877 172.859 124.91 1892 629.111 638.028 1893 644.964 622.021 1894 469.443 252.578 1895 303.378 239.387 1896 268.535 342.514 1897 354.325 62.9849 1898 467.089 238.865 1899 421.127 198.27 1900 409.889 137.684 1901 168.33 516.268 1902 398.087 169.277 1903 103.44 688.933 1904 254.176 180.983 1905 288.277 65.8693 1906 188.308 719.438 1907 168.791 611.409 1916 172.106 261.78 1917 180.333 529.475 1918 85.7329 164.899 1919 257.177 423.898 1920 183.908 174.475 1921 205.621 269.549 1922 348.708 85.943 1923 342.501 296.616 1924 306.459 276.335 1925 283.892 160.39 1926 571.7 65.5021 1927 205.268 454.233 1928 347.671 245.359 1929 71.5737 187.681 1930 174.987 135.91 1931 165.313 204.107 1932 601.188 89.9765 1933 210.203 512.215 1934 175.816 202.178 1935 275.024 132.64 1936 134.062 175.902 1937 253.686 244.385 1938 234.501 539.495 1939 195.918 617.796 1940 70.8904 238.845 1941 272.152 398.348 1942 193.7 63.8356 1943 287.824 137.606 1944 75.0458 568.763 1945 244.785 94.2953 1946 116.62 701.09 1947 160.91 697.797 1948 85.0862 139.087 1949
53 -0.01456850957346763 0.903671655829213 0.4271904399375552 0.02595428684541311 -13.85027342497955 9.870768512764977 0.2053716189510467 0 frame_00023_bottom_53.jpg
68.1861 648.752 590 139.525 643.177 716 147.392 626.172 726 35.9149 515.027 728 61.0017 612.559 732 141.489 599.741 836 42 597.355 842 86.9139 643.971 843 21.822 589.426 879 45.9523 689.898 880 37.031 647.051 884 42.1118 636.736 897 124.898 611.807 954 170.797 639.503 955 106.885 648.691 1030 162.303 602.804 1073 54.2446 524.61 1126 65.9569 553.853 1133 128.668 681.602 1152 391.017 65.8423 1236 163.076 687.794 1243 187.812 641.233 1244 108.081 658.966 1245 160.922 582.425 1255 75.7865 703.214 1267 205.883 580.218 1369 146.381 719.667 1586 414.456 274.094 1594 425.191 291.817 1786 324.867 342.3 1809 363.035 295.74 1859 289.526 107.286 1868 440.298 264.797 1877 491.314 312.759 1895 495.176 297.84 1899 463.243 240.343 1900 309.465 169.037 1905 92.0253 557.156 1916 202.686 219.092 1917 129.988 483.365 1918 149.941 96.8815 1919 240.364 418.794 1920 241.298 138.845 1921 227.95 243.745 1922 431.154 108.808 1923 356.816 310.52 1924 329.955 279.836 1925 344.848 157.384 1926 637.233 194.076 1927 180.995 423.168 1928 378.323 262.222 1929 127.74 114.601 1930 244.727 98.129 1931 214.142 161.995 1932 660.024 228.434 1933 156.469 478.395 1934 226.057 164.821 1935 344.937 129.713 1936 193.702 123.074 1937 289.02 230.262 1938 172.987 515.633 1939 115.353 569.436 1940 109.603 172.726 1941 260.402 385.712 1942 313.736 241.641 1960 249.201 90.5329 1961 303.022 85.2519 1962 656.092 180.511 1963 497.659 348.907 1964 302.544 224.013 1965 379.832 285.797 1966 119.627 340.442 1967 112.241 316.578 1968 96.3728 119.499 1969 281.598 410.224 1970 176.347 133.596 1971 351.922 77.2204 1972 266.617 383.596 1973 60.5638 150.619 1974 191.291 220.46 1975 330.551 63.1041 1976 196.504 612.512 1977 114.011 645.653 1978 630.077 174.806 1979 415.208 86.9839 1980 120.507 730.906 1981 241.529 488.376 1982 535.033 298.423 1983 89.5598 721.934 1984
54 -0.04664119992510862 0.8300445784526906 0.5554748997172043 0.01726939590729661 -16.45598223532456 5.871408715655707 0.9995443230852699 0 frame_00024_bottom_54.jpg
79.8021 571.072 716 92.6374 559.036 726 31.5648 558.462 843 31.9953 545.737 845 135.256 482.473 873 110.463 579.222 955 50.5062 568.353 1030 111.869 542.46 1073 33.7084 468.739 1133 60.3424 604.071 1152 184.284 552.345 1241 91.0568 620.678 1243 126.264 586.127 1244 441.925 304.415 1594 335.998 342.601 1809 470.705 302.463 1877 356.375 342.772 1880 498.373 491.82 1881 500.294 286.489 1900 230.233 398.871 1920 511.262 141.902 1923 374.073 321.458 1924 276.764 132.036 1932 682.929 378.129 1933 289.175 139.497 1935 164.56 121.813 1941 353.669 241.183 1960 332.943 67.581 1961 388.398 77.4745 1962 688.201 336.15 1963 494.768 420.535 1964 346.332 219.141 1965 404.1 303.692 1966 127.388 289.622 1967 127.754 250.251 1968 169.4 66.1018 1969 274.144 396.119 1970 247.493 92.9204 1971 441.112 83.9273 1972 267.073 365.035 1973 121.612 88.4565 1974 237.333 184.118 1975 423.006 63.5981 1976 140.9 560.841 1977 57.7755 568.197 1978 672.677 315.432 1979 502.18 115.053 1980 41.4528 647.506 1981 213.593 467.425 1982 549.205 387.495 1983 397.587 128.066 1994 331.558 233.481 1995 415.972 84.9228 1996 249.757 185.341 1997 49.8877 104.018 1998 549.862 57.2785 1999 375.716 87.6963 2000 551.033 31.5647 2001 214.039 199.378 2002 257.211 667.438 2003 69.1077 93.365 2004 502.946 166.262 2005 114.639 103.818 2006 479.214 267.282 2007 122.966 569.192 2008 223.98 472.709 2009 316.711 38.8038 2010 500.349 124.897 2011 262.835 523.918 2012 227.994 530.494 2013 255.698 56.9984 2014 385.732 124.579 2015 211.498 116.834 2016 237.21 505.41 2017 292.27 464.796 2018 220.382 111.047 2019 425.867 246.815 2020 253.259 479.59 2021 278.385 149.149 2022 194.874 595.859 2023 234.982 424.103 2024 465.227 81.4578 2025 31.2476 442.442 2026 77.9095 329.261 2027 193.185 356.176 2028 104.98 339.165 2029
55 -0.06319737035527041 0.8019342632304886 0.5937010259114747 0.02065482192648471 -17.15439877912292 4.964369384524782 1.422578597553424 0 frame_00025_bottom_55.jpg
66.3676 568.647 716 122.63 500.583 873 94.9435 578.286 955 38.4005 563.322 1030 29.0484 468.844 1133 501.117 135.666 1236 166.786 559.439 1241 108.956 587.018 1244 437.267 347.433 1594 381.658 349.107 1859 484.716 211.557 1882 367.795 79.4293 1883 495.793 335.281 1900 355.455 276.98 1960 351.466 101.755 1961 405.871 117.725 1962 184.93 92.0093 1969 265.486 420.621 1970 263.102 119.553 1971 457.218 129.302 1972 244.753 211.69 1975 124.933 565.014 1977 517.041 164.175 1980 409.626 168.883 1994 335.889 269.043 1995 432.297 126.712 1996 258.671 213.399 1997 66.5912 113.315 1998 569.298 109.056 1999 392.203 123.611 2000 572.037 85.8387 2001 216.793 232.774 2002 232.242 675.21 2003 86.4477 106.329 2004 511.891 219.114 2005 123.346 125.462 2006 481.946 326.175 2007 107.481 570.975 2008 207.644 499.99 2009 337.32 70.9599 2010 512.09 174.863 2011 245.01 542 2012 210.271 546.649 2013 275.11 84.4325 2014 398.996 164.533 2015 225.718 141.284 2016 220.416 520.993 2017 277.791 488.309 2018 235.183 135.035 2019 424.696 291.02 2020 239.221 498.413 2021 288.938 179.788 2022 174.342 614.861 2023 224.691 443.731 2024 482.599 127.034 2025 217.521 150.105 2039 241.786 379.283 2040 314.722 276.68 2041 436.142 191.386 2042 101.964 713.103 2043 384.179 135.376 2044 151.796 613.122 2045 530.51 83.0057 2046 578.682 136.411 2047 185.723 599.785 2048 161.748 601.334 2049 307.682 173.255 2050 296.657 136.133 2051 92.7461 246.78 2052 128.812 703.214 2053 408.94 321.824 2054 345.632 274.689 2055
56 -0.05883147724042325 0.7528145612140346 0.6555594843260611 0.007131354708548014 -18.01794229321924 2.78034511852739 1.63634718690751 0 frame_00026_bottom_56.jpg
527.435 71.4787 755 46.5177 619.966 1150 623.272 131.35 1235 515.424 211.571 1236 231.947 318.993 1237 241.069 217.302 1628 275.361 498.316 1731 262.575 535.073 1767 489.137 281.582 1882 395.737 140.105 1883 494.988 114.611 1908 287.395 117.86 1919 442.601 130.907 1943 356.264 326.021 1960 247.643 447.939 1970 474.101 199.803 1972 272.388 250.371 1997 412.704 186.372 2000 590.379 175.09 2001 170.96 697.753 2003 161.401 166.136 2006 178.222 521.127 2009 209.864 559.794 2012 252.015 178.071 2016 189.327 535.944 2017 262.351 174.25 2019 420.325 350.468 2020 210.943 517.235 2021 131.64 613.281 2023 242.739 186.259 2039 229.916 405.228 2040 315.516 318.268 2041 445.539 256.502 2042 35.1817 726.362 2043 403.032 193.987 2044 110.681 613.567 2045 550.71 166.669 2046 587.104 239.754 2047 145.13 605.756 2048 122.146 603.236 2049 325.682 221.985 2050 319.187 183.377 2051 108.738 261.658 2052 62.9446 721.241 2053 292.557 280.883 2058 262.617 490.014 2059 233.199 227.463 2060 283.473 432.26 2061 595.369 110.13 2062 574.774 125.795 2063 88.8802 25.8916 2064 74.5114 638.177 2065 253.173 582.048 2066 33.9507 208.766 2067 291.529 455.233 2068 253.176 145.11 2069 218.21 616.759 2070 614.563 77.236 2071 55.9609 625.542 2072 191.253 190.672 2073 240.031 561.669 2074 569.115 91.3208 2075 242.715 498.336 2076 235.761 122.576 2077 401.128 245.586 2078 241.707 466.136 2079 372.797 186.244 2080 68.1041 148.987 2081 266.737 436.497 2082 268.825 34.3261 2083 93.0835 201.824 2084 37.7958 97.4438 2085 475.041 82.1463 2086 26.417 626.744 2087
57 -0.05655255259265495 0.7429618735950383 0.6669388453581052 -0.001428191794838352 -18.28248684190383 2.927338944315045 1.860026662196347 0 frame_00027_bottom_57.jpg
566.672 250.777 230 522.134 136.718 755 614.643 197.5 1235 507.555 272.649 1236 226.972 377.929 1237 75.7041 239.686 1486 239.022 270.586 1628 33.2482 574.144 1663 264.693 543.27 1731 251.005 579.36 1767 261.675 248.511 1806 493.236 264.244 1906 489.147 178.099 1908 286.037 174.407 1919 416.847 325.57 1926 366.201 226.201 1931 418.528 365.4 1936 436.745 189.673 1943 239.97 492.624 1970 456.761 236.579 1976 160.604 223.699 2006 168.512 569.304 2009 252.221 232.014 2016 260.963 228.847 2019 201.166 560.271 2021 120.105 654.211 2023 398 253.91 2044 100.158 649.125 2045 286.757 333.801 2058 252.428 538.533 2059 230.728 280.86 2060 274.62 478.714 2061 587.396 175.237 2062 567.665 190.599 2063 99.4255 81.5867 2064 63.5059 672.361 2065 240.028 623.982 2066 34.8277 273.98 2067 281.872 501.921 2068 252.735 199.462 2069 205.418 657.908 2070 606.828 145.014 2071 45.8405 659.347 2072 187.541 253.031 2073 227.94 603.347 2074 562.326 157.052 2075 233.521 543.584 2076 237.41 177.597 2077 395.044 300.697 2078 232 511.463 2079 368.714 244.423 2080 74.2518 198.137 2081 258.574 483.216 2082 272.847 96.2957 2083 97.3911 251.301 2084 593.062 213.43 2098 292.047 314.875 2099 287.53 628.809 2100 97.8206 686.52 2101 255.238 368.576 2102 279.53 118.979 2103 580.141 240.094 2104 684.1 96.4005 2105 219.608 216.548 2106 486.06 135.578 2107 231.616 481.779 2108 347.991 162.792 2109 530.623 158.736 2110 592.364 253.367 2111 71.4374 226.919 2112 83.4975 654.587 2113 168.724 163.622 2114 252.205 433.86 2115 540.563 214.205 2116 519.453 124.988 2117 306.299 186.714 2118 121.673 558.578 2119 199.74 209.006 2120 615.966 222.137 2121 111.093 219.214 2122 260.105 176.815 2123 535.869 194.094 2124 500.917 212.047 2125 177.775 118.303 2126 59.288 144.151 2127 446.347 126.227 2128
58 -0.06087891968234973 0.733054138281984 0.6773970839871495 0.007653632580323737 -18.58288181479375 3.172413112560307 1.820696733179599 0 frame_00028_bottom_58.jpg
550.076 304.309 230 509.209 188.532 755 598.742 252.123 1235 208.515 428.621 1237 61.4969 275.421 1486 246.194 580.114 1731 231.478 614.505 1767 248.237 291.693 1806 214.447 635.58 1830 239.01 620.46 1831 274.466 217.439 1919 353.304 271.759 1931 424.71 239.671 1943 77.5376 165.523 1950 143.924 277.12 2006 148.481 610.838 2009 238.669 272.883 2016 248.703 271.139 2019 100.756 681.913 2023 384.113 300.796 2044 447.314 62.8602 2056 256.712 518.089 2061 574.482 230.172 2062 552.365 244.766 2063 87.0385 115.976 2064 220.08 656.692 2066 185.537 688.974 2070 592.657 199.673 2071 208.58 636.232 2074 214.675 579.26 2076 216.984 548.429 2079 60.2938 231.991 2081 82.8278 285.982 2084 34.9496 182.584 2085 241.06 36.4198 2088 576.215 267.694 2098 277.826 356.384 2099 273.248 658.661 2100 78.973 714.212 2101 237.034 416.827 2102 268.036 160.63 2103 564.415 293.236 2104 671.003 153.015 2105 204.396 260.659 2106 474.97 185.596 2107 215.77 518.32 2108 335.836 208.68 2109 519.678 208.076 2110 575.346 306.553 2111 58.306 262.528 2112 64.6993 682.851 2113 157.046 218.73 2114 230.718 489.751 2115 524.136 266.054 2116 504.39 175.08 2117 294.131 226.058 2118 113.36 601.753 2119 179.721 262.758 2120 598.384 275.669 2121 343.085 234.103 2136 260.982 574.399 2137 81.9529 199.764 2138 225.86 33.7779 2139 540.755 193.8 2140 109.59 258.66 2141 263.663 540.109 2142 267.368 410.184 2143 587.036 109.53 2144 734.893 102.96 2145 717.554 182.587 2146 657.832 116.2 2147 76.7046 287.647 2148 292.252 306.281 2149 276.511 345.304 2150 88.0127 322.107 2151 557.355 102.769 2152 477.911 229.692 2153 325.049 102.043 2154 609.811 82.5304 2155 624.122 113.271 2156 433.651 80.8654 2157 217.402 85.5009 2158 166.593 626.932 2159 250.038 635.774 2160 642.984 148.698 2161 591.492 80.854 2162 263.471 356.389 2163 261.949 596.523 2164 265.124 136.258 2165 144.383 153.509 2166 157.361 397.747 2167 385.664 211.024 2168 119.315 193.865 2169 412.029 271.413 2170 310.626 62.0744 2171 189.277 257.747 2172
59 -0.03824044234444016 0.6926097119746327 0.7201742317560206 0.01336156287054577 -19.14708891312656 1.627738512461903 0.9938401649730039 0 frame_00029_bottom_59.jpg
518.969 375.185 230 491.72 258.463 755 677.229 54.9282 874 550.356 119.69 876 35.1214 281.486 1486 187.847 612.362 1731 168.36 645.634 1767 225.209 322.814 1806 147.581 666.807 1830 229.793 667.766 1832 314.087 97.8889 1887 259.825 253.404 1919 68.1757 176.713 1950 468.137 72.9188 1985 79.8816 641.016 2009 217.045 304.004 2016 227.38 301.999 2019 470.743 107.03 2031 439.31 140.16 2056 548.816 305.665 2062 528.033 316.634 2063 150.903 688.534 2066 569.074 279.536 2071 140.809 668.25 2074 155.36 608.315 2076 164.32 578.211 2079 246.019 85.4662 2088 245.823 389.616 2099 202.55 697.045 2100 260.496 198.721 2103 644.535 247.432 2105 321.949 253.8 2109 542.676 379.272 2111 495.007 334.262 2116 488.387 244.718 2117 277.462 272.018 2118 566.346 350.806 2121 158.644 180.255 2126 326.858 280.668 2136 203.656 608.173 2137 67.5728 215.035 2138 231.664 79.8674 2139 522.003 266.861 2140 87.0591 271.814 2141 210.166 573.954 2142 229.952 443.576 2143 570.037 199.239 2144 702.843 216.714 2145 682.977 283.132 2146 632.354 214.473 2147 48.7054 296.491 2148 268.052 342.622 2149 247.18 378.192 2150 54.4124 333.08 2151 543.263 189.989 2152 457.749 293.498 2153 326.713 151.943 2154 589.804 179.018 2155 603.519 205.969 2156 429.823 153.595 2157 216.626 119.216 2158 99.8333 655.408 2159 183.894 670.519 2160 621.101 239.634 2161 573.763 177.587 2162 230.14 393.495 2163 201.373 631.005 2164 259.456 173.844 2165 642.937 43.0048 2179 679.53 387.108 2180 290.795 423.191 2181 431.962 134.07 2182 116.01 364.63 2183 684.641 538.723 2184 732.947 401.185 2185 203.217 435.386 2186 707.271 404.016 2187 349.127 73.2282 2188 312.286 135.7 2189 590.291 109.29 2190 459.644 164.021 2191 249.608 469.381 2192 421.053 235.901 2193 562.836 238.089 2194 277.645 109.355 2195 236.777 408.59 2196 610.047 102.322 2197 615.132 382.599 2198 577.951 171.806 2199 631.554 410.15 2200 528.604 57.8374 2201 147.74 612.203 2202 371.496 69.7234 2203 194.583 535.463 2204 439.157 80.9826 2205 535.947 152.237 2206 660.629 245.085 2207 604.69 131.395 2208 720.471 406.55 2209 208.421 335.641 2210 294.986 180.828 2211 228.804 655.65 2212 647.458 69.0827 2213 193.544 93.7269 2214 103.051 640.061 2215 703.778 267.822 2216 80.902 218.396 2217
60 -0.01463419299590644 0.671502596932692 0.7408546365113287 0.00212373907913263 -19.44108965862738 1.086475359853664 0.528858331108881 0 frame_00030_bottom_60.jpg
494.972 438.466 230 474.412 323.932 755 123.576 441.582 759 646.054 179.886 874 89.029 318.964 875 534.148 213.091 876 660.129 256.186 878 143.272 665.175 1731 120.027 699.629 1767 95.6372 721.569 1830 111.763 70.7381 1885 307.583 166.788 1887 246.833 304.854 1919 247.829 585.825 1924 58.7013 215.029 1950 239.908 347.313 1971 451.341 165.508 1985 24.4576 696.398 2009 454.169 194.21 2031 528.677 373.201 2062 97.7225 746.37 2066 548.995 348.602 2071 110.217 656.947 2076 123.893 630.946 2079 250.757 250.422 2103 509.443 431.17 2104 622.665 322.184 2105 150.325 224.941 2126 151.333 442.585 2129 159.858 661.878 2137 170.651 626.318 2142 205.776 494.856 2143 549.465 277.152 2144 608.61 295.267 2147 28.6447 331.881 2148 317.397 209.525 2154 418.725 224.312 2157 209.578 171.191 2158 600.102 315.048 2161 205.342 439.268 2163 156.46 684.506 2164 612.665 166.72 2179 641.912 500.009 2180 264.994 474.392 2181 420.987 210.338 2182 89.174 413.136 2183 635.978 644.799 2184 689.639 517.468 2185 167.802 481.446 2186 667.341 510.136 2187 340.743 156.602 2188 304.843 195.006 2189 567.431 208.346 2190 445.507 235.785 2191 218.267 522.439 2192 407.636 296.402 2193 539.695 307.389 2194 271.774 170.225 2195 212.013 456.087 2196 587.495 205.385 2197 582.298 479.026 2198 551.467 255.922 2199 585.517 506.71 2200 508.641 165.404 2201 100.835 664.744 2202 361.504 149.102 2203 153.177 595.146 2204 429.513 171.87 2205 518.685 234.579 2206 636.999 323.284 2207 583.169 230.777 2208 676.345 523.612 2209 187.463 380.806 2210 284.897 234.876 2211 183.178 714.284 2212 617.373 188.412 2213 191.231 151.938 2214 53.8397 691.592 2215 676.967 350.874 2216 69.468 258.782 2217 466.58 216.762 2218 479.81 136.038 2219 247.753 496.337 2225 209.139 110.056 2226 146.378 589.412 2227 380.348 149.842 2228 493.564 142.665 2229 198.446 425.233 2230 461.201 370.017 2231 429.988 101.581 2232 650.709 500.11 2233 605.436 480.669 2234 133.328 299.44 2235 377.652 118.782 2236 235.108 476.036 2237 615.303 489.921 2238 136.665 60.8906 2239 637.867 487.399 2240 164.786 77.2925 2241 661.887 218.013 2242 279.88 87.7872 2243 438.054 161.852 2244 284.984 156.449 2245 533.31 163.401 2246 354.107 65.4693 2247 268.034 34.6138 2248 227.887 60.0592 2249 117.585 311.014 2250 68.7986 308.979 2251 186.298 347.818 2252 486.067 356.727 2253 656.586 363.181 2254 491.63 227.248 2255 169.273 322.93 2256 568.051 151.307 2257 590.976 388.45 2258 376.628 179.757 2259 347.751 171.154 2260 392.859 104.747 2261 537.112 140.078 2262 398.705 256.617 2263 704.356 293.58 2264 597.1 474.162 2265 374.361 132.558 2266 532.973 166.047 2267 401.873 140.098 2268 678.772 348.765 2269 134.325 47.6426 2270 514.698 152.356 2271 600.093 166.017 2272 275.083 194.192 2273 519.005 264.569 2274 584.74 285.386 2275 498.072 194.54 2276 169.74 339.106 2277 442.468 60.1338 2278 127.696 277.498 2279 612.816 155.626 2280 627.497 345.02 2281 340.23 134.048 2282 183.598 77.4176 2283 231.763 186.821 2284 425.926 320.826 2285 263.395 511.001 2286
61 0.01166790468736249 0.4637047338467021 0.8855921875571449 -0.02383814477086 -17.57895798157953 -8.079937229918782 0.5609593461619693 0 frame_00031_bottom_61.jpg
481.111 427.24 755 119.406 353.58 759 93.9131 221.135 835 691.151 418.784 874 143.529 243.452 875 579.869 373.663 876 667.089 477.287 878 178.931 582.076 1463 199.068 601.407 1594 223.679 333.877 1806 215.547 623.987 1877 289.196 59.5586 1885 147.631 554.446 1924 249.719 374.525 1932 174.373 137.979 1950 265.41 332.534 1971 200.76 561.863 2054 197.513 482.754 2055 505.156 499.587 2062 533.717 489.317 2071 129.495 118.828 2085 321.676 256.997 2103 463.528 542.009 2104 142.116 369.426 2129 26.9295 580.307 2137 566.646 431.799 2144 87.5734 217.2 2148 400.267 256.349 2154 187.32 399.445 2163 584.849 746.513 2185 567.081 721.947 2187 496.079 341.493 2191 154.734 479.603 2192 377.121 204.052 2195 185.389 416.583 2196 574.12 415.126 2199 463.707 236.131 2203 57.826 520.164 2204 612.192 417.146 2208 202.284 337.735 2210 358.275 259.153 2211 525.517 341.175 2218 569.589 290.697 2219 196.643 470.808 2225 352.026 131.258 2226 56.569 510.154 2227 477.942 246.685 2228 579.676 299.883 2229 192.041 377.452 2230 449.462 459.368 2231 542.381 238.377 2232 552.154 695.521 2233 524.324 651.905 2234 195.577 241.677 2235 491.319 224.986 2236 196.232 444.193 2237 529.101 668.184 2238 314.196 65.4236 2239 551.506 677.388 2240 329.747 89.5567 2241 688.842 456.981 2242 422.889 153.367 2243 523.492 286.777 2244 396.363 201.166 2245 605.912 338.182 2246 493.605 175.881 2247 436.041 111.184 2248 390.487 109.279 2249 174.607 248.42 2250 133.721 223.515 2251 215.802 310.606 2252 476.14 461.606 2253 620.879 565.371 2254 540.881 360.102 2255 211.867 280.417 2256 637.361 346.932 2257 552.206 547.489 2258 467.831 273.728 2259 440.71 243.885 2260 509.235 221.205 2261 617.205 324.323 2262 445.432 332.251 2263 691.955 533.42 2264 513.229 640.718 2265 481.168 232.153 2266 602.227 337.99 2267 501.729 252.721 2268 645.288 564.569 2269 316.968 54.1399 2270 594.972 319.047 2271 662.861 374.669 2272 371.451 224.107 2273 547.671 407.072 2274 592.816 458.109 2275 560.894 340.922 2276 206.434 295.221 2277 572.534 186.813 2278 201.418 220.675 2279 675.323 373.601 2280 604.462 530.277 2281 453.193 215.881 2282 346.15 99.2396 2283 337.115 200.675 2284 165.812 626.11 2296 191.233 633.821 2297 530.153 148.103 2298 457.844 205.278 2299 52.4269 298.981 2300 642.355 449.104 2301 92.8532 243.712 2302 471.683 181.303 2303 376.16 127.336 2304 547.264 86.404 2305 562.969 364.399 2306 491.365 303.49 2307 69.5562 341 2308 102.763 308.718 2309 677.989 407.032 2310 426.465 113.02 2311 434.9 372.559 2312 164.994 328.614 2313 238.814 294.029 2314 156.898 130.682 2315 227.495 316.118 2316 208.634 267.205 2317 441.948 122.148 2318 478.073 318.948 2319 219.726 132.077 2320 435.359 391.033 2321 398.891 307.042 2322 280.265 176.003 2323 192.074 664.039 2324 640.892 89.1137 2325 98.2562 456.656 2326 537.156 198.688 2327 658.533 296.291 2328 547.916 434.835 2329 184.639 602.309 2330 136.692 206.704 2331 95.4642 324.127 2332 487.958 574.595 2333 27.1522 120.513 2334 131.336 489.162 2335 48.4552 85.6137 2336 190.511 108.068 2337 70.5547 38.4661 2338 176.565 529.786 2339 58.7441 91.2001 2340 45.1876 73.6881 2341 201.967 580.14 2342 201.975 381.601 2343 241.656 326.541 2344 715.983 193.799 2345 656.38 144.471 2346 103.188 95.567 2347 153.975 614.681 2348
62 0.03964046207292821 0.2125937456856138 0.9763262611526867 0.004423216659971269 -10.76974545664012 -15.49019426999483 -0.6677120615529646 0 frame_00032_bottom_62.jpg
152.027 225.247 759 201.221 94.59 835 631.27 609.332 874 184.847 104.04 1053 91.2475 467.393 1463 98.52 495.699 1594 77.8602 503.961 1786 261.1 269.682 1806 451.983 344.968 1834 103.096 525.467 1877 471.421 71.0515 1885 340.822 278.123 1919 264.052 317.961 1932 319.867 65.5625 1950 97.0132 455.935 1966 120.629 459.687 2054 247.223 59.5265 2081 389.081 252.453 2103 357.667 153.444 2126 166.148 252.573 2129 196.627 87.0372 2148 457.746 295.679 2154 200.01 300.636 2163 496.044 425.371 2191 127.381 353.968 2192 186.64 315.977 2196 524.974 528.768 2199 530.287 326.267 2203 286.087 94.9683 2217 526.634 451.905 2218 224.91 414.414 2224 486.702 169.825 2226 283.728 171.244 2235 180.836 347.854 2237 492.977 95.6854 2239 492.371 124.388 2241 540.577 236.498 2243 551.693 405.147 2244 491.089 258.016 2245 589.534 490.353 2246 537.769 182.748 2249 270.182 172.193 2250 267.782 243.252 2252 280.688 213.661 2256 511.86 361.341 2259 502.862 315.711 2260 579.948 349.34 2261 614.753 498.728 2262 457.168 383.859 2263 548.834 336.805 2266 553.818 362.902 2268 500.171 86.0739 2270 450.62 254.141 2273 508.16 508.163 2274 554.199 470.142 2276 635.081 325.649 2278 300.36 157.45 2279 530.665 302.166 2282 500.071 144.713 2283 435.409 218.883 2284 55.5873 499.994 2296 75.3035 520.628 2297 624.463 268.21 2298 542.87 301.726 2299 119.112 138.252 2300 570.734 598.369 2301 190.279 119.811 2302 569.052 291.775 2303 512.681 186.99 2304 670.889 222.417 2305 540.377 483.536 2306 515.323 393.33 2307 113.847 185.896 2308 162.35 176.271 2309 626.922 592.596 2310 566.681 208.736 2311 426.415 412.18 2312 211.395 235.372 2313 295.792 240.195 2314 308.746 50.0056 2315 274.855 254.575 2316 282.489 198.718 2317 575.295 227.577 2318 493.458 398.328 2319 365.791 88.7812 2320 418.74 429.036 2321 430.864 337.554 2322 395.711 159.008 2323 59.7822 548.769 2324 740.478 281.235 2325 86.2065 309.089 2326 609.562 322.339 2327 653.2 471.212 2328 492.872 527.491 2329 83.8403 488.848 2330 250.51 107.414 2331 149.626 187.378 2332 263.706 640.458 2357 739.591 437.264 2358 209.879 288.315 2359 665.119 96.7857 2360 190.048 480.234 2361 423.674 183.666 2362 233.034 122.223 2363 563.846 575.355 2364 574.297 542.623 2365 53.6975 373.377 2366 531.173 128.019 2367 512.817 63.5256 2368 80.6439 337.604 2369 314.425 40.379 2370 560.841 209.938 2371 349.762 55.0699 2372 587.899 561.503 2373 512.5 86.5309 2374 579.712 386.674 2375 619.53 530.42 2376 604.128 137.873 2377 265.46 624.122 2378 516.931 140.631 2379 527.455 355.616 2380 617.816 184.354 2381 433.318 81.9424 2382 720.985 449.116 2383 87.9524 54.2101 2384 265.802 507.63 2385 518.961 26.4788 2386 583.313 475.153 2387 560.312 597.224 2388 447.772 144.251 2389 235.044 411.103 2390 483.981 83.6265 2391 523.086 642.091 2392 55.2723 489.779 2393 506.309 99.2502 2394 268.13 593.271 2395 651.656 88.7366 2396 133.779 213.667 2397 218.516 310.909 2398 626.393 54.0778 2399 142.307 347.194 2400 555.16 521.065 2401 633.76 151.084 2402 576.561 526.563 2403 303.62 201.68 2404 550.862 503.15 2405 529.238 495.208 2406 502.773 168.948 2407 460.194 205.242 2408 470.299 337.147 2409 311.143 172.76 2410 355.455 130.226 2411 243.089 514.007 2412 495.037 686.788 2413 531.08 724.286 2414
63 0.03316040683795347 0.07077277954540659 0.9969275871567761 -0.005194907075909839 -5.981590733921639 -17.41636361523015 -0.0920358124806718 0 frame_00033_bottom_63.jpg
213.468 214.773 759 297.642 106.747 835 280.111 111.514 1053 285.148 91.5511 1365 88.0566 427.821 1463 309.923 83.1259 1486 339.155 90.9179 1563 87.2493 457.394 1594 65.0108 458.474 1786 304.942 286.09 1806 163.82 69.9223 1833 465.4 410.752 1834 61.4697 518.47 1835 81.9961 486.677 1877 561.259 166.863 1885 673.943 231.095 1886 379.612 314.69 1919 293.685 334.111 1932 417.755 110.485 1950 318.724 346.579 2051 118.547 428.976 2054 400.915 61.0544 2085 432.63 305.427 2103 220.675 245.245 2129 295.63 99.0874 2148 486.363 363.979 2154 236.278 300.833 2163 219.498 309.968 2196 546.05 432.503 2203 375.992 129.081 2217 228.886 413.578 2224 206.38 339.278 2237 574.614 199.925 2239 532.262 355.531 2245 562.609 618.313 2246 346.292 203.454 2250 521.398 462.722 2259 524.492 408.507 2260 583.898 641.594 2262 646.77 452.878 2278 553.446 412.286 2282 567.398 252.683 2283 484.985 292.097 2284 653.462 391.685 2298 592.275 424.083 2303 515.981 587.395 2306 238.353 173.403 2309 267.767 247.63 2313 322.184 275.52 2316 492.36 481.289 2319 454.7 141.445 2320 447.43 397.496 2322 35.4879 497.505 2324 633.562 441.453 2327 339.804 131.495 2331 451.806 101.201 2337 324.097 294.171 2344 197.24 665.065 2357 726.425 589.428 2358 250.819 291.018 2359 741.122 228.486 2360 177.774 467.897 2361 481.986 251.168 2362 318.114 145.754 2363 512.601 684.919 2364 531.116 660.465 2365 77.8636 328.535 2366 604.851 251.208 2367 602.849 181.903 2368 114.367 310.019 2369 419.17 84.7687 2370 604.95 341.598 2371 449.319 108.334 2372 539.887 685.698 2373 599.99 202.633 2374 579.729 514.657 2375 581.06 675.737 2376 670.067 253.565 2377 210.367 629.407 2378 586.076 255.172 2379 533.82 460.344 2380 675.421 303.17 2381 520.783 159.556 2382 703.016 595.168 2383 204.851 41.8135 2384 241.801 515.782 2385 619.606 155.429 2386 561.025 603.056 2387 502.325 705.119 2388 517.46 224.967 2389 240.176 413.341 2390 569.909 185.033 2391 450.863 720.712 2392 48.3914 439.871 2393 584.816 195.376 2394 219.777 599.798 2395 732.797 213.949 2396 200.597 201.822 2397 252.889 315.28 2398 713.875 172.16 2399 170.081 328.372 2400 517.108 626.19 2401 694.025 276.256 2402 535.105 641.761 2403 364.113 234.514 2404 519.571 607.861 2405 502.231 592.755 2406 565.826 274.246 2407 513.224 284.949 2408 484.028 411.625 2409 339.473 238.924 2418 235.291 540.152 2419 555.498 83.7051 2420 675.568 219.546 2421 523.182 292.345 2422 88.5267 371.835 2423 439.092 324.393 2424 593.158 555.784 2425 614.732 76.9071 2426 571.318 216.11 2427 154.553 706.619 2428 597.087 132.146 2429 122.24 675.708 2430 661.961 191.598 2431 543.904 240.626 2432 226.486 66.0033 2433 251.033 639.674 2434 139.344 151.168 2435 582.359 113.19 2436 577.591 356.515 2437 188.8 606.168 2438 722.926 447.723 2439 354.085 66.7658 2440 389.629 191.853 2441 484.137 54.3337 2442 559.336 482.094 2443 461.345 235.857 2444 674.749 277.301 2445 574.796 162.235 2446 629.803 581.107 2447 681.073 462.285 2448 669.232 459.284 2449 517.933 668.272 2450 535.061 39.8701 2451 684.495 203.014 2452 271.104 89.939 2453 193.95 374.105 2454 148.887 312.776 2455
64 0.02584190521342344 -0.02842135550564264 0.9992038598511735 0.01077352981519162 -2.674538050575768 -17.59411888344376 -0.5002039201673107 0 frame_00034_bottom_64.jpg
343.678 124.855 835 324.543 125.873 1053 77.6425 404.259 1463 359.042 103.4 1486 71.9446 433.237 1594 51.0246 429.399 1786 316.233 306.594 1806 36.5202 486.187 1835 61.923 459.198 1877 587.148 256.703 1885 694.707 323.535 1886 383.672 352.165 1919 297.544 352.336 1932 462.596 152.022 1950 456.622 98.171 2085 357.39 140.742 2093 438.006 353.23 2103 238.003 249.605 2129 343.109 117.184 2148 477.101 419.271 2154 243.724 306.849 2163 227.554 313.23 2196 502.132 747.788 2262 622.147 536.177 2278 578.168 341.419 2283 491.958 351.464 2284 638.563 485.463 2298 270.621 181.967 2309 459.667 131.468 2315 493.271 189.307 2320 254.548 659.054 2333 499.52 148.812 2337 333.463 318.716 2344 691.008 608.515 2346 463.27 61.4872 2347 675.998 90.0246 2349 711.929 72.7964 2350 499.498 306.959 2362 354.339 171.605 2363 451.235 740.94 2365 470.362 125.128 2370 587.658 463.388 2371 538.461 594.37 2375 687.941 344.391 2377 261.572 43.3735 2384 210.517 518.863 2385 590.533 280.391 2391 356.881 264.518 2418 199.54 542.592 2419 610.902 150.961 2420 701.131 307.541 2421 526.584 366.999 2422 87.4896 348.754 2423 440.194 372.237 2424 538.379 642.486 2425 668.299 155.91 2426 581.548 314.996 2427 81.4285 711.494 2428 627.734 240.483 2429 58.6699 668.75 2430 687.051 280.693 2431 554.331 327.507 2432 280.167 71.2868 2433 193.905 645.391 2434 167.317 160.238 2435 627.812 195.368 2436 555.686 461.305 2437 144.848 591.387 2438 694.717 556.492 2439 406.897 93.9816 2440 417.682 229.347 2441 540.873 109.363 2442 517.615 572.433 2443 486.218 271.37 2444 689.216 370.209 2445 599.292 261.497 2446 573.777 655.64 2447 653.528 551.951 2448 642.233 545.914 2449 439.352 743.514 2450 597.547 99.9822 2451 709.549 296.667 2452 236.038 668.001 2460 399.51 60.6457 2461 107.393 345.441 2462 282.348 598.877 2463 302.061 57.7479 2464 647.578 260.805 2465 294.461 76.3019 2466 184.66 316.495 2467 226.551 617.379 2468 376.652 229.966 2469 508.776 391.974 2470 250.262 73.6403 2471 347.779 83.3149 2472 428.81 47.1687 2473 543.507 357.356 2474 575.507 170.684 2475 582.218 634.868 2476 563.842 279.987 2477 360.437 296.226 2478 170.596 482.62 2479 265.281 133.712 2480 683.169 154.392 2481 605.014 219.323 2482 642.818 79.695 2483 304.388 120.713 2484 568.403 674.455 2485 521.992 348.837 2486 216.895 558.658 2487 192.129 708.147 2488 518.519 28.5453 2489 420.09 114.359 2490 366.644 306.787 2491 77.7831 375.39 2492
65 0.01909517269989874 -0.04981293452214733 0.9983708474301467 0.02024097170256272 -2.198529275322443 -16.9640187668145 -0.7281698853572901 0 frame_00035_bottom_65.jpg
340.973 166.862 835 315.127 142.791 947 414.832 219.941 1000 321.876 167.207 1053 365.21 33.0529 1124 326.14 44.9628 1260 69.7657 433.87 1463 540.436 272.251 1464 357.695 144.614 1486 63.7863 462.539 1594 42.7554 457.908 1786 306.384 347.057 1806 26.9954 513.018 1835 51.9647 487.016 1877 459.471 196.445 1950 97.2769 443.329 2054 163.655 398.169 2055 455.778 143.334 2085 354.771 182.937 2093 516.969 125.802 2097 425.257 391.909 2103 369.394 191.706 2122 340.316 158.761 2148 236.821 346.38 2163 217.422 350.271 2196 417.007 205.787 2217 232.96 690.515 2333 400.81 47.1656 2334 109.906 389.05 2335 447.006 47.5174 2336 497.085 193.667 2337 502.793 41.761 2338 113.28 405.73 2339 445.376 60.3163 2340 455.317 37.6268 2341 82.2465 452.949 2342 253.778 351.012 2343 323.06 363.605 2344 647.612 745.228 2345 666.266 674.91 2346 674.485 151.154 2349 708.827 140.262 2350 491.534 351.611 2362 466.933 169.423 2370 194.833 551.959 2385 181.262 579.054 2419 609.018 198.497 2420 507.809 425.195 2422 79.7873 379.02 2423 671.016 206.388 2426 535.96 396.437 2432 279.486 111.997 2433 128.324 618.327 2438 674.685 621.306 2439 544.252 696.557 2447 215.273 697.715 2460 399.438 105.14 2461 99.1947 376.887 2462 262.368 632.31 2463 302.583 98.0095 2464 624.993 347.21 2465 293.179 114.906 2466 175.146 360.131 2467 206.975 649.974 2468 367.468 274.857 2469 491.218 445.548 2470 243.148 123.712 2471 345.03 125.141 2472 428.924 90.4018 2473 523.806 422.284 2474 574.071 215.735 2475 558.38 681.889 2476 551.357 342.205 2477 351.014 339.092 2478 157.878 514.352 2479 261.424 173.195 2480 681.71 211.201 2481 593.035 295.765 2482 650.368 128.121 2483 301.348 161.292 2484 534.524 718.214 2485 506.001 404.532 2486 198.919 590.822 2487 168.811 734.706 2488 284.539 169.306 2498 362.719 261.376 2499 176.913 411.199 2500 140.028 415.906 2501 163.229 666.478 2502 512.956 381.876 2503 362.581 206.943 2504 206.635 554.367 2505 80.0437 428.387 2506 629.199 638.689 2507 243.163 280.397 2508 537.625 510.239 2509 269.777 203.586 2510 102.081 599.705 2511 560.822 401.059 2512 573.274 424.962 2513 253.671 246.187 2514 625.753 242.573 2515 466.922 117.385 2516 155.871 624.418 2517 32.307 497.211 2518 521.39 39.3854 2519 542.706 443.382 2520 705.235 252.81 2521 246.186 568.238 2522 230.842 287.316 2523 531.786 366.823 2524 261.939 256.411 2525 489.002 523.672 2526 496.69 373.268 2527 694.245 235.106 2528 228.433 128.668 2529 580.086 88.9241 2530 510.049 121.091 2531 233.674 662.497 2532 235.517 583.491 2533 575.871 162.472 2534 591.61 98.7141 2535 145.752 249.148 2536
66 -0.01034964096262284 -0.01695527663334997 0.9992000867264427 0.03470720691874841 -3.695043784846676 -15.98700527420147 -0.9518727745957911 0 frame_00036_bottom_66.jpg
620.24 236.914 225 325.893 214.751 835 144.076 104.544 872 402.332 260.738 1000 307.413 216.839 1053 339.681 77.0374 1124 82.427 52.72 1133 301.485 92.6953 1260 327.216 109.239 1272 91.068 490.272 1463 533.076 300.188 1464 341.808 189.092 1486 80.5742 541.425 1877 443.265 233.222 1950 117.222 497.68 2054 440.018 177.699 2085 338.856 228.51 2093 502.582 153.661 2097 324.726 205.859 2148 403.175 246.556 2217 444.15 210.57 2315 480.546 269.724 2320 378.034 85.6998 2334 425.12 80.093 2336 484.966 225.521 2337 481.844 65.2417 2338 432.18 69.2289 2341 104.264 507.694 2342 659.982 185.109 2349 697.562 172.237 2350 350.689 362.436 2351 602.918 221.125 2420 667.525 225.189 2426 261.93 162.843 2433 160.482 656.481 2438 327.403 175.092 2472 224.5 628.125 2487 270.272 220.799 2498 346.818 322.808 2499 185.788 462.511 2500 153.693 468.981 2501 193.631 706.186 2502 508.356 422.358 2503 349.531 252.62 2504 227.821 597.021 2505 100.358 484.464 2506 645.883 672.001 2507 239.563 335.078 2508 528.859 576.72 2509 257.659 257.39 2510 128.777 652.957 2511 552.336 463.42 2512 559.576 491.707 2513 246.93 300.296 2514 624.414 261.175 2515 449.407 150.103 2516 186.03 662.067 2517 63.4315 549.549 2518 501.371 62.0063 2519 543.235 483.062 2520 705.966 281.841 2521 265.735 607.68 2522 227.957 341.288 2523 525.688 415.333 2524 255.767 310.745 2525 489.079 570.376 2526 492.922 412.333 2527 692.288 261.942 2528 207.631 188.87 2529 357.395 81.8111 2543 425.425 38.7365 2544 277.198 92.7032 2545 213.673 217.36 2546 468.103 57.0661 2547 695.178 30.1544 2548 659.075 59.2171 2549 679.061 677.058 2550 245.241 663.92 2551 170.513 391.202 2552 305.006 72.4216 2553 371.694 744.134 2554 397.47 86.2212 2555 447.023 48.0276 2556 474.55 42.5659 2557 632.508 82.8521 2558 529.001 70.2229 2559 316.22 275.764 2560 665.892 266.732 2561 525.002 30.6245 2562 361.639 727.827 2563 413.219 263.096 2564 726.291 669.316 2565 668.347 663.22 2566 156.219 400.039 2567 640.509 248.455 2568 74.7728 546.269 2569 429.989 151.211 2570 399.144 95.3484 2571 297.63 274.413 2572 375.3 349.241 2573 403.374 314.774 2574
67 -0.03507588215257234 -0.05889243948728042 0.994559297593118 0.07844212282657591 -2.917783349674983 -15.19655785483679 -2.057594497760365 0 frame_00037_bottom_67.jpg
625.887 278.642 225 325.057 238.254 835 148.808 112.512 872 400.534 291.077 1000 126.369 26.314 1016 306.533 238.822 1053 377.808 68.4001 1110 347.719 92.8216 1124 143.259 35.6866 1132 89.3585 53.4698 1133 308.625 108.22 1260 365.737 166.394 1269 290.164 50.9569 1270 333.554 128.508 1272 230.533 195.242 1362 162.694 124.838 1383 207.999 99.373 1549 208.694 80.6072 1578 358.019 286.915 1579 223.002 374.819 1802 84.4879 526.815 1877 446.292 265.442 1950 117.054 490.642 2054 494.481 288.189 2064 442.508 209.543 2085 510.961 188.05 2097 353.674 262.308 2122 324.697 228.831 2148 400.389 276.804 2217 444.743 244.389 2315 477.523 308.024 2320 386.361 105.271 2334 436.426 102.368 2336 485.891 262.628 2337 498.477 92.0706 2338 698.243 254.5 2350 333.987 382.388 2351 185.859 579.597 2412 608.909 264.386 2420 264.561 180.981 2433 153.739 632.625 2438 209.76 616.1 2487 347.867 278.311 2504 626.782 311.023 2515 456.873 178.494 2516 519.727 86.4414 2519 248.092 602.731 2522 223.532 355.78 2523 691.193 333.519 2528 366.489 99.1526 2543 439.431 57.6532 2544 284.343 107.217 2545 205.725 255.592 2546 484.111 79.6603 2547 732.169 82.3461 2548 691.13 86.6552 2549 623.378 716.448 2550 231.894 649.039 2551 157.992 422.96 2552 313.239 86.9504 2553 336.657 730.448 2554 412.488 104.71 2555 465.037 68.5221 2556 491.141 63.8147 2557 653.254 130.147 2558 548.617 97.2149 2559 313.329 298.838 2560 667.027 323.777 2561 549.018 51.2152 2562 327.001 719.364 2563 409.784 293.726 2564 669.208 714.952 2565 614.976 700.707 2566 144.405 430.39 2567 644.898 299.193 2568 78.4376 530.406 2569 173.631 21.5095 2580 486.968 144.145 2581 158.468 32.808 2582 722.046 168.852 2583 413.919 160.986 2584 447.831 101.917 2585 589.882 287.541 2586 601.337 188.474 2587 602.584 600.234 2588 217.394 410.406 2589 195.983 605.371 2590 90.4403 610.288 2591 635.682 697.845 2592 260.739 414.431 2593 386.636 251.982 2594 326.92 259.215 2595 359.939 92.4394 2596 356.295 310.056 2597 152.739 592.076 2598 519.875 202.677 2599 273.626 256.677 2600 434.131 117.762 2601 145.77 79.7405 2602 599.68 657.916 2603 141.139 135.425 2604 382.285 240.005 2605
68 -0.01430826065853785 -0.05249862393794808 0.9946491199420346 0.08781968093818927 -3.366867202737855 -14.25401692600661 -2.34342353984802 0 frame_00038_bottom_68.jpg
581.499 331.313 225 287.573 292.087 835 103.784 166.639 872 36.6739 37.5694 879 105.136 36.7211 902 78.0684 80.8234 1016 44.8374 55.8617 1029 30.8725 61.6335 1033 270.226 293.466 1053 332.316 132.715 1110 273.183 143.396 1121 305.466 151.531 1124 72.7025 121.566 1126 39.3584 107.095 1133 179.771 203.514 1246 253.536 157.224 1258 266.782 164.234 1260 109.897 132.264 1261 65.0428 98.4961 1268 326.053 222.608 1269 247.13 107.29 1270 207.885 36.841 1271 292.456 184.388 1272 191.323 250.148 1362 302.799 269.737 1486 164.479 153.534 1549 55.6438 204.674 1561 165.455 135.005 1578 321.353 340.351 1579 189.309 429.752 1802 409.272 319.257 1950 455.728 340.31 2064 345.279 279.995 2081 402.647 265.218 2085 264.574 346.556 2089 303.442 307.919 2093 317.687 316.409 2122 567.999 211.455 2173 616.885 626.86 2174 364.595 330.076 2217 440.123 356.612 2320 344.64 162.097 2334 393.624 160.066 2336 447.004 314.953 2337 453.77 152.235 2338 402.694 149.42 2341 530.91 210.419 2415 364.754 161.703 2416 565.416 317.849 2420 187.294 657.208 2487 311.851 331.962 2504 415.965 235.409 2516 474.442 146.749 2519 187.971 410.824 2523 244.184 163.411 2545 438.234 138.298 2547 420.556 128.401 2556 446.683 121.972 2557 502.865 156.573 2559 277.623 351.872 2560 375.073 345.285 2564 572.702 728.029 2566 389.898 231.272 2570 367.046 173.759 2571 126.216 75.8333 2580 444.621 201.701 2581 110.229 86.27 2582 655.629 256.832 2583 373.65 217.013 2584 405.605 160.265 2585 546.355 335.215 2586 553.569 241.43 2587 565.487 627.93 2588 183.962 464.644 2589 172.827 645.736 2590 61.4763 661.324 2591 591.928 724.495 2592 225.01 474.605 2593 350.24 307.161 2594 289.82 313.356 2595 318.017 150.284 2596 320.634 360.909 2597 127.448 639.464 2598 477.236 259.309 2599 237.676 309.196 2600 391.697 174.997 2601 99.2255 134.469 2602 559.331 689.632 2603 95.8721 188.79 2604 708.752 589.971 2608 246.594 318.178 2617 157.249 23.584 2618 281.124 146.556 2619 558.772 58.7337 2620 317.36 312.04 2621 695.814 234.656 2622 721.392 580.77 2623 469.183 242.963 2624 648.255 310.208 2625 594.184 90.6243 2626 683.344 264.239 2627 681.324 626.977 2628 226.612 573.848 2629 609.278 553.716 2630 701.019 607.111 2631 241.288 365.771 2632 92.7523 175.064 2633 277.727 404.976 2634 495.628 81.6079 2635 120.201 643.493 2636 735.744 224.154 2637 703.282 627.886 2638 53.4894 577.173 2639 588.043 629.912 2640 150.371 317.578 2641 376.132 79.063 2642 610.477 598.512 2643 359.959 122.427 2644 240.888 674.21 2645 297.382 353.797 2646 245.136 422.975 2647 119.309 75.345 2648 571.86 503.531 2649 739.863 247.519 2650 125.44 248.632 2651 610.012 214.806 2652 675.153 580.332 2653 169.314 333.713 2654 704.713 574.758 2655 208.521 370.779 2656 520.68 51.8751 2657 525.304 147.009 2658 625.156 539.495 2659 472.747 100.732 2660 394.634 137.212 2661 552.498 573.323 2662 583.736 574.015 2663 260.817 90.9951 2664 235.484 40.5554 2665 292.102 106.011 2666
69 -0.01970948268344599 -0.04874500004359176 0.997407276171682 0.04913437394418883 -3.835447849989009 -13.78270235235013 -1.047573552393722 0 frame_00039_bottom_69.jpg
56.6543 70.5066 731 269.033 368.194 835 26.0766 151.114 842 99.0839 254.119 872 43.9295 142.533 879 58.2867 115.642 896 67.7415 129.162 901 105.588 138.551 902 78.4668 177.236 1016 50.522 156.724 1029 36.5673 100.081 1032 38.3947 162.556 1033 252.096 368.335 1053 93.2945 274.977 1075 285.672 239.953 1124 72.2688 214.343 1126 94.5931 185.283 1132 43.2801 201.385 1133 169.481 286.911 1246 237.761 244.928 1258 250.211 251.605 1260 105.958 223.098 1261 305.585 304.822 1269 59.0386 297.891 1363 260.328 349.66 1365 114.668 262.908 1383 40.094 109.17 1481 154.106 239.508 1549 54.4451 288.922 1561 287.945 344.735 1564 143.043 237.469 1571 247.774 346.855 1580 171.946 498.691 1802 47.5555 37.1366 1840 131.426 160.765 1856 117.665 64.952 1884 250.855 709.97 1909 379.439 341.417 2085 532.766 294.176 2173 598.469 705.517 2174 322.798 248.936 2334 367.753 246.727 2336 423.915 238.655 2338 376.12 236.633 2341 499.62 287.801 2415 339.322 250.077 2416 290.511 403.833 2504 443.23 235.564 2519 347.095 85.3953 2537 258.294 422.685 2560 344.231 259.349 2571 108.11 182.994 2582 606.164 353.135 2583 379.909 246.698 2585 524.256 315.416 2587 164.442 536.124 2589 449.381 337.767 2599 220.818 383.573 2600 367.759 259.641 2601 96.1517 225.071 2602 331.612 120.321 2607 689.668 660.663 2608 131.61 411.638 2609 689.401 58.924 2613 227.687 394.578 2617 150.725 128.783 2618 266.625 237.945 2619 519.678 155.39 2620 296.986 386.13 2621 639.139 335.719 2622 717.663 651.389 2623 442.137 322.18 2624 597.531 409.143 2625 557.16 181.924 2626 631.708 360.347 2627 666.79 702.195 2628 207.256 643.716 2629 592.03 622.917 2630 691.293 681.368 2631 222.306 440.238 2632 89.2392 262.515 2633 254.258 483.363 2634 456.435 185.053 2635 98.8322 714.788 2636 674.718 327.833 2637 690.762 704.412 2638 36.7028 646.4 2639 568.596 710.767 2640 128.284 414.045 2641 346.122 192.017 2642 598.576 665.559 2643 331.334 223.27 2644 230.914 656.327 2672 67.6663 319.894 2673 505.527 122.109 2674 191.524 443.639 2675 60.8026 254.873 2676 170.88 343.027 2677 97.9319 585.479 2678 645.69 210.697 2679 667.144 224.93 2680 33.539 33.7504 2681 635.597 34.6826 2682 662.465 195.964 2683 204.01 715.719 2684 603.99 258.086 2685 416.671 256.784 2686 395.65 174.622 2687 534.725 646.475 2688 513.225 135.028 2689 99.1761 45.898 2690 575.21 316.974 2691
70 -0.01109820537470169 -0.07551165596114903 0.995961157711053 0.04728839162336958 -3.481204039172421 -13.27774011097564 -0.9685628143253666 0 frame_00040_bottom_70.jpg
67.5572 242.328 728 39.1044 104.527 731 236.467 408.729 835 74.6268 286.9 872 39.3407 150.654 896 49.1185 162.835 901 85.3949 173.86 902 18.9092 132.083 1032 17.8671 193.199 1033 219.772 408.567 1053 67.4344 306.525 1075 49.4573 246.742 1126 142.839 323.034 1246 33.8175 327.418 1363 229.299 389.754 1365 200.581 315.809 1396 252.631 387.484 1486 119.103 270.781 1571 134.445 530.747 1802 88.0845 174.676 1827 31.5786 71.3232 1840 113.431 182.745 1855 109.728 198.327 1856 226.693 757.224 1908 205.844 739.711 1909 666.836 371.743 1991 211.221 455.895 2089 250.435 422.449 2093 265.537 388.947 2112 203.767 312.047 2354 257.125 444.49 2504 331.891 132.045 2537 223.643 461.009 2560 188.016 423.468 2600 316.063 166.934 2607 92.5681 461.22 2609 658.62 132.655 2613 580.258 428.313 2622 190.5 475.885 2632 505.679 614.293 2649 325.361 104.773 2667 188.765 686.808 2672 40.0539 349.013 2673 470.862 199.277 2674 158.474 478.423 2675 37.8772 285.142 2676 142.137 376.773 2677 56.4287 611.021 2678 609.03 271.469 2679 629.572 295.552 2680 18.9108 67.3038 2681 608.998 103.688 2682 628.828 261.63 2683 160.209 741.968 2684 563.821 332.426 2685 387.891 309.291 2686 358.059 251.243 2687 487.607 683.333 2688 486.947 196.144 2689 82.6096 81.6758 2690 166.038 106.024 2694 482.477 61.7592 2695 101.246 247.161 2696 229.218 254.044 2697 90.3994 357.573 2698 288.925 158.533 2699 421.745 186.599 2700 128.167 508.878 2701 505.119 109.051 2702 95.6671 427.252 2703 94.9928 400.624 2704 649.653 428.406 2705 126.875 556.262 2706 342.733 130.55 2707 114.907 582.256 2708 195.031 488.256 2709 82.8259 105.289 2710 176.575 479.084 2711 145.56 188.484 2712 89.3407 412.842 2713 270.292 541.191 2714 122.488 251.564 2715 665.99 424.286 2716 234.49 521.138 2717 469.006 75.8599 2718 580.395 208.365 2719 87.4233 646.867 2720 467.524 89.1717 2721 729.722 69.8698 2722 695.299 419.079 2723 243.076 466.277 2724 613.575 82.1618 2725 338.55 109.987 2726 227.853 399.322 2727 682.507 602.356 2728 200.088 404.558 2729 372.5 318.183 2730 217.62 315.344 2731
71 -0.001302715238543521 -0.06401555722860269 0.9975387515244165 0.02857884834676147 -4.113771146438473 -12.416653123624 -0.4920101470724435 0 frame_00041_bottom_71.jpg
43.4038 360.713 872 189.962 479.662 1053 40.8838 295.588 1132 51.0515 332.816 1261 198.004 462.843 1365 168.945 385.978 1396 220.875 458.208 1486 104.792 604.118 1802 612.791 462.606 1991 182.41 528.205 2089 220.122 492.551 2093 171.97 386.559 2354 227.88 514.558 2504 158.513 495.017 2600 260.296 480.728 2605 56.168 554.006 2609 160.225 548.486 2632 292.361 166.043 2667 336.776 211.491 2668 128.472 550.868 2675 108.444 458.081 2677 448.106 269.629 2689 128.269 218.907 2694 439.77 144.619 2695 70.1685 322.609 2696 188.058 341.016 2697 56.895 441.198 2698 268.314 201.987 2699 376.992 282.535 2700 97.4537 583.267 2701 462.484 187.786 2702 60.8909 513.254 2703 63.1191 484.555 2704 601.661 511.822 2705 95.0889 634.533 2706 297.896 237.694 2707 81.6645 661.456 2708 166.169 560.805 2709 50.5891 186.945 2710 147.218 554.269 2711 113.046 264.229 2712 53.9479 497.708 2713 242.929 611.305 2714 90.9464 325.866 2715 614.465 508.526 2716 207.915 593.916 2717 426.569 156.745 2718 541.246 278.614 2719 54.6261 725.057 2720 425.859 169.075 2721 667.235 166.308 2722 169.165 478.404 2729 41.968 124.896 2741 636.981 434.579 2742 319.379 213.325 2743 207.85 574.935 2744 225.129 638.903 2745 264.388 271.007 2746 447.458 219.941 2747 467.793 68.2614 2748 442.939 196.162 2749 77.7214 46.5222 2750 644.079 106.082 2751 151.357 65.1927 2752 694.223 150.362 2753 283.794 90.1592 2754 484.939 209.407 2755 583.559 546.467 2756 431.424 138.067 2757 443.419 208.759 2758 194.893 645.305 2759 437.595 227.631 2760 450.627 41.0544 2761 336.036 236.425 2762 339.976 179.521 2763 379.23 57.134 2764 452.831 77.5515 2765 722.527 95.4508 2766 603.41 33.6807 2767 660.911 248.183 2768 356.438 47.4737 2769 486.869 380.931 2770 558.195 132.349 2771 220.864 517.101 2772 583.509 272.655 2773 587.261 217.182 2774 472.417 215.269 2775
72 0.002279623713414461 -0.09614686242904345 0.9950673193093715 0.02432312075448332 -3.748063995091691 -11.85738564612982 -0.3842978049484364 0 frame_00042_bottom_72.jpg
168.55 522.534 835 143.196 500.639 947 150.761 520.642 1053 185.229 501.953 1486 49.959 413.483 1499 504.014 642.998 1705 419.965 43.8839 1745 611.433 93.3347 1753 209.993 110.126 1891 551.096 114.985 1912 190.149 718.338 1919 273.506 416.475 1989 390.049 175.63 2038 141.151 570.272 2089 181.706 537.615 2093 238.413 560.276 2217 149.065 502.115 2453 188.039 559.572 2504 153.184 575.918 2560 118.8 535.457 2600 221.832 527.875 2605 113.255 590.486 2632 294.473 306.804 2668 83.5807 589.776 2675 71.3571 495.767 2677 52.2529 620.297 2701 440.808 251.803 2702 544.248 601.403 2705 255.607 328.143 2707 122.069 602.41 2709 101.407 595.992 2711 156.239 647.894 2717 625.862 264.657 2722 172.187 579.905 2724 505.644 89.3187 2733 27.6166 160.476 2741 590.778 512.188 2742 292.376 274.549 2743 163.206 618.664 2744 175.494 683.105 2745 240.054 316.358 2746 424.473 283.647 2747 452.408 136.575 2748 420.265 259.546 2749 65.5047 98.6417 2750 621.48 187.218 2751 140.17 109.525 2752 654.33 252.379 2753 258.863 163.768 2754 461.642 275.34 2755 524.075 633.862 2756 414.256 201.564 2757 419.257 272.33 2758 144.698 688.955 2759 413.827 290.587 2760 436.225 108.664 2761 295.233 328.889 2762 309.079 259.485 2763 366.464 120.946 2764 437.061 144.332 2765 682.13 206.661 2766 591.374 103.37 2767 627.675 329.788 2768 343.466 109.776 2769 255.579 86.9651 2782 737.437 135.243 2783 385.761 260.856 2784 184.262 116.555 2785 451.815 87.7198 2786 721.188 347.755 2787 649.887 235.14 2788 74.6271 620.994 2789 203.097 82.3913 2790 136.107 186.704 2791 79.7207 519.852 2792 701.447 391.715 2793 652.387 77.9209 2794 385.08 197.012 2795 265.941 52.4945 2796 726.21 187.502 2797 194.617 693.154 2798 353.029 124.467 2799 560.207 330.481 2800 281.612 435.18 2801 713.674 127.795 2802 546.49 55.8869 2803 474.818 45.1697 2804 162.226 114.396 2805 107.851 568.317 2806 404.338 227.448 2807 246.851 60.6176 2808 178.07 87.5415 2809 482.846 426.208 2810 610.487 339.995 2811 181.67 734.759 2812 696.485 370.527 2813 543.201 338.347 2814 116.22 659.646 2815 707.737 404.119 2816 567.075 208.967 2817 143.845 714.597 2818 555.908 246.061 2819 563.771 289.909 2820 401.317 54.0882 2821 462.61 89.6756 2822 489.935 79.8998 2823 482.171 27.1963 2824 165.893 61.7172 2825 600.084 113.477 2826 125.406 557.274 2827 207.488 362.608 2828 201.96 378.126 2829 217.194 344.467 2830 281.808 155.67 2831 217.973 629.764 2832 395.992 137.656 2833 742.174 196.359 2834 474.23 183.494 2835 501.349 323.235 2836
73 0.001041083022200195 -0.1330980519034972 0.9903636857966168 0.03825695467460466 -3.269484609748551 -11.24000576202779 -0.6508681745605458 0 frame_00043_bottom_73.jpg
137.769 547.865 835 121.241 546.053 1053 396.802 68.1295 1704 444.874 713.191 1705 418.333 90.7188 1745 201.327 141.892 1891 546.581 169.749 1912 247.098 586.214 1950 234.969 474.051 1989 377.047 220.939 2038 108.487 591.269 2089 149.191 563.624 2093 205.588 589.974 2217 127.96 115.207 2294 155.56 584.591 2504 119.873 597.08 2560 211.364 604.138 2564 88.6299 557.393 2600 335.769 250.58 2614 83.7082 608.32 2632 53.2886 605.669 2675 43.7977 514.844 2677 423.417 304.168 2702 487.032 674.521 2705 89.1712 620.253 2709 70.797 611.195 2711 120.135 669.424 2717 138.672 602.167 2724 502.27 144.266 2733 405.711 334.113 2747 444.667 187.577 2748 609.981 254.612 2751 131.357 135.955 2752 401.787 322.77 2758 394.522 339.628 2760 428.569 194.44 2765 336.375 151.793 2769 517.815 31.9425 2777 249.275 121.826 2782 716.129 238.662 2783 368.893 308.658 2784 175.134 146.809 2785 447.563 137.068 2786 686.716 445.168 2787 622.121 319.709 2788 42.9676 635.423 2789 195.907 113.803 2790 116.662 233.633 2791 52.474 539.942 2792 661.802 483.421 2793 658.522 135.752 2794 373.981 244.561 2795 259.909 88.5295 2796 698.587 292.627 2797 154.114 712.525 2798 344.984 167.974 2799 542.693 381.791 2800 239.202 487.225 2801 692.329 230.521 2802 473.66 96.3124 2804 153.076 143.134 2805 77.1091 587.148 2806 389.569 276.16 2807 241.917 95.4294 2808 169.858 118.063 2809 463.466 462.329 2810 576.476 424.812 2811 139.36 749.449 2812 661.454 448.972 2813 521.429 396.107 2814 77.0336 684.311 2815 663.156 500.207 2816 554.903 269.629 2817 106.207 726.524 2818 542.448 304.132 2819 544.644 352.14 2820 505.405 61.8048 2839 492.473 188.684 2840 381.117 93.2564 2841 348.939 225.698 2842 380.529 287.657 2843 341.379 81.2692 2844 177.5 691.234 2845 688.87 252.018 2846 647.67 294.473 2847 331.506 223.211 2848 406.667 156.175 2849 129.481 637.232 2850 221.567 69.5291 2851 623.285 320.178 2852 248.292 67.4293 2853 294.753 28.2257 2854 419.187 150.091 2855 361.443 90.7951 2856 380.677 23.4467 2857 447.661 51.8824 2858 351.409 109.875 2859 181.052 102.537 2860 402.705 24.8171 2861 518.518 49.7665 2862 177.955 638.664 2863 317.91 141.179 2864 189.96 30.4781 2865 107.831 702.481 2866 159.746 669.88 2867 744.921 140.602 2868 176.813 605.045 2869 161.5 121.909 2870 30.3319 639.003 2871 142.455 653.329 2872 319.627 177.416 2873 667.904 206.511 2874 711.116 123.369 2875 725.266 99.9299 2876 270.244 157.779 2877 664.312 115.478 2878 604.266 104.27 2879 427.618 199.789 2880 437.71 68.829 2881 393.226 267.945 2882 498.564 88.9004 2883 306.246 168.489 2884 660.552 627.925 2885 275.194 74.7716 2886 253.281 300.599 2887 161.86 553.206 2888 187.633 478.628 2889 577.69 702.121 2890 638.969 585.728 2891 239.807 246.789 2892 675.422 660.352 2893 123.774 641.163 2894
74 -0.005310826026265637 -0.1110205561971452 0.9928022982711737 0.04460748565062528 -4.146992203976514 -10.22313472145928 -0.6278961274388574 0 frame_00044_bottom_74.jpg
547.55 257.345 594 300.886 314.118 877 117.891 603.212 1053 384.433 147.238 1745 577.461 246.973 1848 173.642 207.842 1891 516.063 220.712 1912 242.837 636.492 1950 480.527 233.916 1952 668.788 161.032 1953 350.646 278.599 2038 107.784 646.912 2089 146.207 619.334 2093 237.041 696.11 2166 202.744 641.008 2217 152.771 638.608 2504 208.915 653.65 2564 86.3511 614.943 2600 311.064 309.52 2614 84.6291 662.789 2632 42.7176 575.788 2677 90.7564 674.893 2709 68.6386 672.667 2711 564.123 646.133 2723 137.404 656.789 2724 494.369 358.766 2725 470.383 195.47 2733 415.683 241.406 2748 104.639 205.03 2752 399.889 248.392 2765 307.35 211.357 2769 381.375 78.0406 2776 480.046 84.994 2777 433.443 57.1761 2778 148.55 213.42 2785 415.499 191.453 2786 166.861 179.949 2790 51.209 600.779 2792 348.1 301.56 2795 316.151 226.99 2799 650.581 305.382 2802 127.324 211.168 2805 77.2747 643.593 2806 211.399 159.891 2808 140.807 185.189 2809 470.242 114.316 2839 464.051 240.869 2840 348.054 151.157 2841 323.96 284.252 2842 356.402 343.344 2843 308.708 142.023 2844 180.816 739.442 2845 646.465 326.182 2846 610.747 364.136 2847 306.619 283.108 2848 377.831 213.397 2849 130.283 689.866 2850 190.06 135.493 2851 585.466 396.512 2852 213.198 134.966 2853 259.037 91.3709 2854 388.722 205.601 2855 328.738 149.838 2856 344.322 83.3496 2857 411.534 106.074 2858 319.357 170.18 2859 152.81 169.776 2860 365.989 83.1013 2861 482.341 103.313 2862 176.396 689.271 2863 287.891 200.904 2864 154.704 112.293 2865 113.396 753.128 2866 162.107 719.366 2867 685.175 231.283 2868 173.049 655.998 2869 134.257 189.555 2870 35.0084 694.939 2871 143.762 705.511 2872 291.919 237.58 2873 623.143 275.867 2874 680.898 158.353 2875 696.157 141.895 2876 270.059 107.739 2898 324.559 33.2399 2899 243.038 220.293 2900 279.899 244.738 2901 358.341 89.4352 2902 628.834 57.1833 2903 60.2056 258.107 2904 622.345 338.116 2905 457.743 72.323 2906 235.074 105.551 2907 720.5 402.967 2908 392.212 36.3491 2909 705.963 277.312 2910 669.955 418.093 2911 630.501 380.144 2912 522.117 242.436 2913 691.106 190.587 2914 540.971 34.857 2915 472.918 58.4223 2916 211.048 159.54 2917 562.336 58.5752 2918 39.8309 56.3347 2919 439.112 71.6661 2920 333.599 215.516 2921 617.993 374.425 2922 176.304 242.661 2923 513.565 45.2632 2924 420.345 104.545 2925 291.804 288.518 2926 204.981 85.7029 2927 184.85 261.066 2928 706.947 112.286 2929 467.086 166.302 2930 523.958 109.488 2931 633.132 107.644 2932 274.323 62.0898 2933 328.247 357.643 2934 372.161 43.6602 2935 150.95 590.387 2936 208.651 234.05 2937 187.145 600.528 2938
75 0.0007147926242787207 -0.1511592673845597 0.9871360410795578 0.05208455967986098 -3.69654866443175 -9.744580056192 -0.7407350219076296 0 frame_00045_bottom_75.jpg
312.215 38.6609 234 298.915 78.4281 413 328.459 98.3878 468 708.37 573.546 593 523.545 319.426 594 275.812 352.182 877 350.776 172.236 1704 371.283 195.549 1745 78.962 251.339 1795 242.966 350.258 1847 552.385 313.834 1848 155.665 235.813 1891 495.318 280.403 1912 196.979 658.736 1950 459.144 290.667 1952 648.069 228.521 1953 634.89 496.83 1954 328.282 322.473 2038 64.701 658.533 2089 187.994 715.025 2166 153.944 420.053 2167 219.517 692.25 2320 551.79 103.808 2456 109.146 655.656 2504 75.0244 665.68 2560 162.482 673.976 2564 287.189 348.836 2614 545.342 379.356 2691 45.76 685.146 2709 395.014 291.686 2748 87.5969 227.618 2752 379.294 298.375 2765 289.652 252.906 2769 371.692 128.087 2776 471.112 142.04 2777 426.506 111.083 2778 130.92 239.764 2785 150.53 209.267 2790 324.393 344.82 2795 296.957 269.38 2799 109.222 235.942 2805 34.3758 654.948 2806 125.05 211.551 2809 458.172 170.805 2839 442.395 296.138 2840 301.342 326.325 2842 130.372 751.427 2845 283.633 322.54 2848 358.464 259.844 2849 314.933 192.883 2856 335.417 128.762 2857 401.867 159.424 2858 305.097 211.882 2859 357.849 131.608 2861 471.279 161.052 2862 127.69 705.395 2863 129.305 673.285 2869 96.1576 719.413 2872 272.572 277.197 2873 583.125 362.735 2874 659.95 235.413 2875 450.569 197.837 2883 259.9 145.887 2898 319.566 77.6378 2899 224.18 255.008 2900 259.509 282.624 2901 351.073 137.563 2902 618.568 128.207 2903 38.5721 276.79 2904 569.783 433.36 2905 447.512 127.448 2906 221.874 147.192 2907 658.268 502.174 2908 387.806 87.4751 2909 658.791 378.795 2910 613.948 505.787 2911 575.719 472.988 2912 498.793 304.964 2913 668.109 265.438 2914 532.738 100.671 2915 465.948 116.481 2916 197.407 193.813 2917 552.217 123.902 2918 31.3354 94.7709 2919 431.237 125.701 2920 315.457 259.117 2921 564.445 467.309 2922 156.966 271.236 2923 506.903 107.004 2924 410.365 154.183 2925 270.481 327.923 2926 189.108 133.541 2927 160.779 297.151 2928 688.169 188.554 2929 264.233 106.56 2933 512.231 95.9941 2943 539.445 186.106 2944 271.251 28.8726 2945 244.1 346.507 2946 564.189 27.8098 2947 345.325 60.2541 2948 222.529 595.557 2949 485.871 107.839 2950 618.966 488.605 2951 641.253 92.362 2952 656.203 611.249 2953 685.702 565.665 2954 639.221 242.168 2955 207.099 586.02 2956 104.469 301 2957 651.213 364.91 2958 564.715 63.7849 2959 630.474 133.248 2960 489.48 72.6145 2961 229.46 82.1699 2962 617.353 77.1299 2963 630.127 289.352 2964 286.845 108.463 2965 573.657 98.3533 2966 676.353 153.358 2967 256.536 388.528 2968 426.788 200.983 2969 596.731 184.829 2970 202.562 366.931 2971 262.792 324.86 2972 208.14 433.598 2973 171.968 496.994 2974 249.81 175.102 2975 128.664 514.212 2976 166.045 559.316 2977 658.565 211.56 2978 371.991 286.714 2979 662.564 176.256 2980 311.61 143.546 2981 652.981 102.464 2982 692.356 88.1906 2983
76 0.008793761805877279 -0.1530530219172951 0.9866057147765045 0.05573693394534966 -4.069667447653162 -8.8967540681977 -0.8166090277384823 0 frame_00046_bottom_76.jpg
277.774 95.9473 234 255.423 50.2383 238 282.606 83.5424 282 265.089 133.3 413 293.924 156.002 468 666.698 625.777 593 242.476 403.867 877 208.84 404.416 1847 123.813 290.551 1891 167.682 703.513 1950 582.972 570.697 1954 128.248 705.959 2217 584 184.366 2295 189.967 735.716 2320 515.63 163.391 2456 79.4655 701.47 2504 133.059 719.55 2564 252.054 400.567 2614 418.24 309.54 2733 358.831 190.453 2734 361.5 346.623 2748 350.611 316.54 2761 256.798 306.654 2769 436.481 199.876 2777 96.9007 292.608 2785 365.745 298.072 2786 289.102 395.091 2795 264.359 322.52 2799 460.41 277.161 2803 74.5258 289.15 2805 403.474 296.669 2823 423.003 227.217 2839 408.405 350.115 2840 266.528 378.003 2842 250.588 374.649 2848 323.99 313.729 2849 281.52 249.157 2856 301.257 185.221 2857 323.586 187.841 2861 435.948 218.347 2862 240.502 330.391 2873 615.5 303.637 2875 416.579 253.636 2883 285.095 133.91 2899 191.847 307.786 2900 315.574 192.67 2902 186.118 208.961 2907 526.366 547.248 2912 625.54 328.201 2914 496.994 159.188 2915 163.494 248.268 2917 280.222 313.1 2921 376.51 210.247 2925 149.274 201.326 2927 125.779 353.174 2928 475.879 229.213 2931 231.552 162.912 2933 267.068 446.576 2934 451.754 67.7787 2939 476.359 153.944 2943 503.924 244.128 2944 236.612 84.4677 2945 207.682 403.18 2946 521.026 101.848 2947 310.482 117.705 2948 180.946 666.276 2949 450.528 164.479 2950 568.608 562.195 2951 602.265 153.142 2952 611.396 666.068 2953 628.642 632.032 2954 592.752 306.911 2955 167.496 649.535 2956 71.5851 351.947 2957 598.211 450.578 2958 528.027 124.113 2959 594.353 191.322 2960 453.763 130.964 2961 188.113 151.484 2962 580.539 137.072 2963 591.4 348.112 2964 247.316 159.906 2965 541.98 155.623 2966 640.315 212.089 2967 217.767 453.617 2968 391.237 260.001 2969 751.077 131.707 2987 559.996 529.622 2988 521.939 485.153 2989 412.988 185.452 2990 432.617 149.68 2991 590.231 494.854 2992 301.558 252.64 2993 220.991 116.059 2994 394.992 224.863 2995 426.574 67.81 2996 332.407 149.014 2997 732.545 96.404 2998 90.6362 82.8993 2999 129.269 537.807 3000 660.686 112.142 3001 676.836 247.353 3002 672.417 96.4874 3003 642.096 230.396 3004 542.799 119.35 3005 127.526 228.98 3006 702.296 143.573 3007 82.7884 560.814 3008 689.91 68.1526 3009 154.821 267.472 3010 232.608 139.256 3011 254.855 450.929 3012 163.954 245.823 3013 310.074 43.2196 3014 227.015 323.423 3015 684.827 455.147 3016 284.927 65.0011 3017 227.692 359.232 3018 646.477 252.255 3019 659.841 131.607 3020 226.685 139.323 3021 247.885 98.1666 3022 534.279 508.908 3023 191.492 265.471 3024 604.598 200.391 3025 187.791 60.0313 3026 557.026 106.031 3027 115.155 596.768 3028 620.238 521.505 3029 729.714 125.121 3030 86.5456 326.297 3031 512.72 190.154 3032 390.091 183.445 3033 283.192 265.407 3034 209.598 416.467 3035 343.879 137.55 3036 392.737 350.765 3037
77 0.002387667947082742 -0.196797459613235 0.9793603885561288 0.0460248656569461 -3.874639512479138 -8.530065032985968 -0.5664022358815495 0 frame_00047_bottom_77.jpg
173.662 63.1187 88 660.257 78.3022 231 265.298 152.602 234 150.5 44.1969 264 253.99 33.7237 265 183.692 60.6139 266 248.438 188.148 413 276.646 209.344 468 203.994 447.166 877 717.81 331.172 1357 489.579 286.753 1744 171.585 444.881 1847 96.8773 323.797 1891 508.793 662.104 1954 554.647 264.665 2295 491.969 237.106 2456 215.134 444.993 2614 227.142 352.01 2769 412.482 265.656 2777 72.5062 325.285 2785 335.165 355.109 2786 251.211 442.121 2795 232.559 367.934 2799 51.2084 319.511 2805 372.686 356.445 2823 397.584 291.913 2839 214.011 419.745 2848 294.19 368.028 2849 255.649 298.612 2856 411.868 280.99 2862 208.557 373.045 2873 269.88 189.599 2899 163.185 346.902 2900 164.821 255.136 2907 473.722 232.642 2915 352.497 271.503 2925 199.65 423.565 2926 121.938 253.035 2927 225.022 491.572 2934 427.75 150.775 2939 455.027 224.424 2943 475.171 314.998 2944 295.621 175.899 2948 496.079 654.844 2951 580.546 231.368 2952 433.083 201.531 2961 163.585 208.948 2962 558.611 215.485 2963 609.381 295.245 2967 166.143 503.081 2968 363.379 319.195 2969 192.773 420.755 2972 708.05 247.363 2987 489.663 621.285 2988 456.046 572.001 2989 388.509 248.948 2990 411.952 217.388 2991 523.718 588.732 2992 275.165 303.387 2993 208.764 166.441 2994 369.586 287.021 2995 404.465 150.772 2996 314.09 208.065 2997 702.82 195.023 2998 63.0701 139.806 2999 65.2989 591.628 3000 638.363 196.405 3001 644.809 332.959 3002 650.912 183 3003 611.877 311.515 3004 517.478 206.849 3005 102.833 275.742 3006 663.75 249.165 3007 29.558 598.532 3008 670.476 157.542 3009 131.176 305.278 3010 218.719 189.508 3011 212.106 494.822 3012 141.081 287.79 3013 302.298 107.167 3014 195.454 361.134 3015 617.028 559.238 3016 274.881 124.603 3017 191.669 403.94 3018 616.41 332.918 3019 638.526 213.331 3020 211.159 188.016 3021 236.389 151.243 3022 464.91 597.962 3023 167.206 305.801 3024 581.548 280.351 3025 174.196 112.877 3026 530.047 193.794 3027 44.5102 643.792 3028 553.244 617.391 3029 688.997 238.22 3030 57.8314 356.889 3031 487.697 264.373 3032 366.4 246.211 3033 119.077 352.358 3044 202.591 44.3331 3045 729.34 165.114 3046 266.704 42.3024 3047 54.2125 437.74 3048 681.681 298.868 3049 711.973 98.2783 3050 349.847 159.451 3051 472.094 176.062 3052 284.448 92.0578 3053 158.87 447.802 3054 330.918 52.7388 3055 471.205 257.444 3056 445.356 177.225 3057 276.974 68.1649 3058 110.491 130.293 3059 288.491 114.36 3060 174.37 485.134 3061 520.02 119.441 3062 309.862 289.899 3063 272.548 201.468 3064 591.396 239.716 3065 745.4 163.353 3066 237.28 131.508 3067 449.314 235.122 3068 285.519 255.85 3069 706.138 312.289 3070 571.004 124.642 3071 671.788 270.182 3072 493.625 150.123 3073 246.261 126.039 3074 143.226 104.483 3075 590.871 239.61 3076 137.898 488.401 3077 221.984 468.652 3078 127.685 448.744 3079
78 0.007336296038084192 -0.1691558276266379 0.9836279724723842 0.06171301734849313 -4.939417125763257 -7.516305372879555 -0.7741519613547474 0 frame_00048_bottom_78.jpg
59.8232 67.232 4 156.954 73.9234 10 50.7613 62.5549 46 112.031 27.7793 50 159.847 128.974 52 83.6229 41.7181 82 109.882 111.442 88 600.696 103.51 231 84.0987 93.4599 264 188.441 78.0271 265 95.0626 61.5024 267 58.3683 26.4098 335 140.264 128.598 336 195.278 233.36 413 171.136 493.971 877 653.302 368.481 1357 106.387 479.877 1670 246.467 327.075 1704 443.09 320.125 1744 266.654 349.587 1745 137.852 493.109 1847 463.275 699.591 1954 727.09 120.238 1955 87.7201 105.321 1986 507.497 295.362 2295 182.005 490.796 2614 183.84 402.441 2769 218.276 486.515 2795 191.22 416.483 2799 194.88 469.228 2842 224.518 525.095 2843 178.091 466.059 2848 251.893 409.026 2849 210.946 343.788 2856 168.059 424.487 2873 216.493 234.1 2899 116.11 308.592 2907 423.489 266.282 2915 207.879 407.695 2921 304.633 313.284 2925 164.558 471.013 2926 165.169 260.831 2933 195.328 535.647 2934 101.757 274.373 2962 129.651 559.666 2968 320.609 357.504 2969 158.496 468.906 2972 641.595 294.21 2987 231.287 348.101 2993 153.7 214.66 2994 597.728 353.64 3002 600.214 289.315 3007 614.449 183.33 3009 164.647 237.598 3011 585.566 240.905 3020 157.777 235.635 3021 179.452 197.676 3022 124.101 356.257 3024 105.756 166.289 3026 315.906 284.9 3033 76.7859 414.29 3044 135.909 90.3196 3045 674.942 191.99 3046 201.754 86.4298 3047 22.2229 491.874 3048 623.768 336.312 3049 653.319 129.564 3050 284.088 210.122 3051 402.611 228.273 3052 223.255 135.576 3053 126.117 495.965 3054 254.465 121.833 3055 422.14 292.36 3056 380.133 229.751 3057 36.7663 199.796 3059 230.576 159.106 3060 139.269 536.181 3061 441.509 175.731 3062 263.367 332.535 3063 218.392 246.257 3064 541.635 267.935 3065 674.638 201.554 3066 181.465 178.963 3067 397.9 270.82 3068 236.269 300.143 3069 649.839 349.535 3070 503.578 164.553 3071 609.255 310.309 3072 425.817 210.932 3073 187.579 170.322 3074 82.2629 156.101 3075 541.792 267.343 3076 713.168 256.031 3082 137.301 503.53 3083 95.16 174.403 3084 173.778 673.047 3085 579.353 110.035 3086 338.583 288.204 3087 255.445 609.516 3088 405.95 382.059 3089 482.049 189.358 3090 117.119 614.546 3091 511.284 146.992 3092 196.399 591.083 3093 128.833 468.72 3094 164.265 218.286 3095 244.111 492.084 3096 647.204 247.376 3097 468.523 237.009 3098 372.399 45.355 3099 622.981 371.48 3100 239.538 587.315 3101 624.439 66.2362 3102 228.709 733.446 3103 506.751 632.963 3104 267.51 284.95 3105 236.11 208.494 3106 95.8524 343.448 3107 332.642 225.91 3108 242.221 148.739 3109 28.0811 394.176 3110 120.133 437.352 3111 31.2931 378.945 3112 54.0482 376.068 3113 412.484 597.604 3114 167.774 745.109 3115
79 0.008359769984922169 -0.1290425147161149 0.9896399973493349 0.06237643215148469 -6.001626535084037 -6.290208749539997 -0.6043766389735514 0 frame_00049_bottom_79.jpg
107.343 155.866 10 81.4134 77.418 49 59.8052 115.763 50 115.113 209.066 52 76.8484 106.419 57 541.159 147.978 231 137.176 156.655 265 76.8358 193.526 266 46.9035 149.945 267 93.2805 88.7459 268 492.869 49.4921 379 452.651 222.886 434 158.153 558.118 877 94.3971 550.373 1670 234.735 412.967 1745 126.442 560.28 1847 666.724 155.084 1955 43.9145 192.937 1986 205.265 528.229 2038 466.189 341.091 2295 103.466 350.184 2579 167.875 554.729 2614 698.946 323.732 2738 162.071 469.433 2769 326.871 361.814 2777 201.575 547.523 2795 170.578 483.068 2799 162.899 532.111 2848 148.698 492.546 2873 186.884 472.813 2921 131.507 334.708 2933 184.808 596.189 2934 117.891 633.722 2968 143.821 535.492 2972 580.986 355.74 2987 562.467 222.409 3009 129.918 313.626 3011 537.251 279.519 3020 122.639 312.985 3021 97.0798 438.149 3024 151.312 164.61 3047 115.248 564.16 3054 383.373 344.937 3056 323.122 310.383 3057 125.2 606.355 3061 230.346 397.452 3063 142.347 259.627 3067 442.493 228.315 3071 362.266 292.211 3073 530.807 247.925 3080 592.163 174.333 3081 648.279 317.432 3082 128.279 570.971 3083 57.0102 257.959 3084 176.767 725.66 3085 520.507 157.313 3086 303.144 348.854 3087 248.931 660.757 3088 392.7 397.028 3089 421.523 258.766 3090 107.393 686.284 3091 445.219 213.525 3092 190.802 648.176 3093 115.105 537.9 3094 126.981 294.405 3095 228.065 551.76 3096 586.182 304.233 3097 419.811 303.442 3098 296.2 142.371 3099 572.012 422.632 3100 232.359 642.509 3101 560.874 109.839 3102 476.594 686.057 3104 180.057 298.834 3106 286.136 304.937 3108 166.379 703.448 3121 464.882 311.421 3122 524.202 51.6012 3123 478.344 325.58 3124 523.267 301.525 3125 604.427 333.695 3126 510.379 181.892 3127 717.888 673.732 3128 533.48 214.863 3129 379.662 205.098 3130 621.266 429.005 3131 85.9818 253.655 3132 176.961 704.866 3133 518.996 103.85 3134 369.805 310.464 3135 571.882 126 3136 362.029 219.939 3137 565.343 245.025 3138 700.182 345.621 3139 512.97 48.1157 3140 100.732 565.233 3141 599.981 272.243 3142 615.573 108.61 3143 445.047 689.541 3144 196.955 234.129 3145 234.704 290.185 3146 99.3833 650.09 3147 460.11 79.0944 3148 123.402 516.26 3149 252.663 470.717 3150 555.374 174.41 3151 352.813 188.555 3152 108.208 129.301 3153 176.579 115.872 3154 657.439 143.209 3155 65.4296 251.116 3156 68.8723 47.5432 3157 34.6718 131.789 3158
80 -0.002940912293287631 -0.1700115878123048 0.9804530757219564 0.09899079427794259 -6.128527097847217 -5.938867978519168 -0.8152658891907325 0 frame_00050_bottom_80.jpg
92.0623 157.081 10 59.8511 192.831 266 30.6671 146.437 267 490.797 72.9431 379 422.064 266.45 434 98.6997 549.299 1847 317.173 100.402 1914 28.7597 190.114 1986 174.816 527.844 2038 596.63 398.403 2091 261.63 363.054 2220 138.486 548.583 2614 53.1739 557.225 2671 646.325 412.336 2738 232.289 503.596 2748 197.114 596.657 2749 218.458 508.379 2765 135.124 468.913 2769 173.415 422.784 2841 133.715 526.926 2848 198.758 477.51 2849 122.259 530.685 2926 152.054 587.313 2934 81.489 623.982 2968 115.926 528.377 2972 514.149 318.45 3020 103.017 316.663 3021 75.4589 435.182 3024 88.4935 552.127 3054 90.2202 599.749 3061 516.289 281.062 3080 586.439 204.257 3081 386.202 299.637 3090 415.285 251.752 3092 546.925 363.465 3097 133.094 681.285 3121 433.792 344.264 3122 524.152 77.4873 3123 451.423 359.733 3124 503.723 327.411 3125 553.537 410.187 3126 497.08 214.443 3127 643.241 717.869 3128 516.642 253.646 3129 346.757 257.295 3130 564.094 491.903 3131 68.6044 254.169 3132 138.02 688.268 3133 512.919 131.815 3134 325.213 354.191 3135 558.739 169.103 3136 324.374 271.316 3137 535.383 294.309 3138 643.881 433.37 3139 512.233 72.4802 3140 74.2236 552.238 3141 562.697 334.078 3142 615.924 140.901 3143 453.291 235.126 3162 71.3886 538.129 3163 485.67 136.129 3164 590.367 421.852 3165 456.496 53.8523 3166 504.553 56.5234 3167 485.974 103.135 3168 628.468 371.313 3169 171.937 109.875 3170 616.298 411.005 3171 556.891 321.684 3172 218.5 440.695 3173 562.953 378.46 3174 585.862 71.34 3175 245.693 222.357 3176 431.783 118.856 3177 174.1 265.017 3178 463.688 45.6411 3179 492.883 149.502 3180 152.825 133.792 3181 370.842 339.501 3182 77.4103 216.273 3183 480.998 86.7054 3184 255.945 481.54 3185 434.956 161.868 3186 446.894 159.049 3187 476.894 210.926 3188 222.702 413.035 3189 608.572 279.3 3190 494.381 147.264 3191 580.331 567.743 3192 689.15 541.192 3193 641.005 79.2915 3194 563.073 36.2166 3195 501.514 36.5582 3196 53.1224 476.147 3197 663.812 277.297 3198 153.47 402.154 3199 283.397 155.748 3200 235.476 76.8635 3201 120.938 576.769 3202 665.575 301.95 3203 640.202 94.4272 3204 541.875 703.387 3205 195.297 633.369 3206 689.396 364.174 3207
81 0.009243661045898993 -0.1363745498099005 0.9872068610772501 0.08209232812278319 -6.912931858295709 -4.92391441881356 -0.7130852888855295 0 frame_00051_bottom_81.jpg
279.781 21.8347 337 428.3 132.948 379 443.063 100.025 380 72.8726 621.317 1847 148.53 593.636 2038 539.767 454.381 2091 224.182 424.769 2220 323.64 519.64 2221 112.85 617.456 2614 26.4077 632.473 2671 240.172 272.954 2726 589.774 463.637 2738 401.145 40.4559 2739 181.592 678.536 2747 205.61 565.295 2748 169.646 614.129 2757 193.086 540.648 2761 193.043 572.273 2765 105.161 538.676 2769 113.215 551.606 2799 239.637 521.813 2823 155.604 644.809 2843 107.179 596.261 2848 169.668 540.665 2849 92.4396 560.07 2873 96.8573 602.043 2926 130.045 654.903 2934 235.041 566.669 3037 62.0626 624.94 3054 472.733 327.924 3080 531.993 255.588 3081 337.19 364.308 3090 460.525 135.93 3123 445.656 266.458 3127 467.557 304.404 3129 521.94 543.348 3131 24.6514 330.619 3132 588.877 488.584 3139 448.911 132.409 3140 507.597 392.381 3142 405.597 288.93 3162 43.5609 612.576 3163 428.845 190.878 3164 535.737 479.092 3165 394.009 117.361 3166 440.677 117.258 3167 426.06 161.183 3168 568.28 432.157 3169 112.162 194.556 3170 558.668 463.157 3171 502.693 376.443 3172 187.173 503.831 3173 508.938 437.685 3174 518.054 128.475 3175 188.751 301.433 3176 364.647 200.686 3177 122.294 353.956 3178 400.149 109.1 3179 436.81 204.852 3180 95.9364 216.435 3181 325.354 397.972 3182 32.0852 292.246 3183 420.121 146.086 3184 228.74 541.605 3185 374.245 236.604 3186 381.069 235.172 3187 427.209 263.8 3188 186.636 476.167 3189 544.553 333.37 3190 437.475 203.841 3191 536.745 627.349 3192 628.799 612.06 3193 491.351 98.3174 3195 565.185 410.815 3210 203.893 603.864 3211 199.65 442.544 3212 555.663 479.082 3213 408.45 84.5966 3214 174.363 90.2955 3215 235.939 424.426 3216 462.48 43.5883 3217 66.7014 46.3286 3218 586.429 381.819 3219 224.223 646.88 3220 72.7699 290.448 3221 637.617 185.498 3222 265.978 481.3 3223 133.307 154.182 3224 644.599 193.972 3225 254.184 528.104 3226 137.239 41.3208 3227 78.8367 129.196 3228 360.628 50.0979 3229 665.247 199.88 3230 76.9514 355.283 3231 739.176 305.167 3232 330.946 282.187 3233 287.852 68.7794 3234 503.312 181.016 3235 395.722 188.264 3236 37.34 509.571 3237 467.573 82.8573 3238 96.0182 382.246 3239 609.277 191.494 3240 368.259 146.765 3241 680.971 420.427 3242 131.564 65.5527 3243 47.0211 660.273 3244 438.536 250.406 3245 634.255 255.145 3246 127.711 542.15 3247 516.654 172.736 3248 633.812 402.903 3249 619.041 444.216 3250 456.353 98.1675 3251 184.799 562.585 3252 142.29 28.5711 3253 168.564 256 3254
82 -0.005389115972136429 -0.09756034990975881 0.9933631330632589 0.06068460616392553 -7.661784437155657 -3.796525123080043 -0.1872989383479549 0 frame_00052_bottom_82.jpg
327.456 141.036 0 209.506 115.553 246 246.51 113.258 337 394.009 200.142 379 407.026 168.26 380 71.2761 157.667 397 48.7165 82.6485 480 82.5419 698.287 1847 155.77 666.182 2038 121.7 691.901 2614 568.398 526.101 2738 192.868 750.591 2747 210.101 634.211 2748 185.535 732.685 2749 197.817 641.795 2765 111.455 613.278 2769 119.591 625.651 2799 239.927 590.185 2823 114.643 670.175 2848 99.713 636.539 2873 140.98 729.006 2934 503.926 305.031 3081 425.157 199.685 3123 413.469 197.26 3140 398.874 255.496 3164 514.453 546.912 3165 396.159 227.204 3168 95.1791 293.203 3170 537.232 526.987 3171 82.2445 314.711 3181 32.1766 378.412 3183 189.344 548.187 3189 452.661 162.321 3195 108.026 721.997 3202 539.017 475.552 3210 211.332 673.644 3211 192.324 520.485 3212 537.478 547.101 3213 371.435 157.323 3214 153.544 181.352 3215 213.795 511.132 3216 419.364 116.489 3217 54.4829 152.155 3218 565.408 443.293 3219 233.752 715.597 3220 62.7612 383.102 3221 604.451 233.003 3222 263.474 547.68 3223 113.348 251.797 3224 604.159 248.636 3225 255.941 593.927 3226 118.066 140.738 3227 58.6005 240.942 3228 323.456 130.422 3229 628.936 247.43 3230 73.0845 447.93 3231 697.224 366.656 3232 307.856 348.223 3233 256.446 153.873 3234 469.921 240.398 3235 366.616 254.152 3236 44.773 589.625 3237 427.115 150.082 3238 92.7567 472.702 3239 573.165 253.883 3240 337.555 217.76 3241 652.425 479.299 3242 112.526 163.576 3243 58.5076 738.61 3244 415.365 311.087 3245 611.134 291.511 3246 133.525 616.226 3247 482.832 230.459 3248 608.604 460.008 3249 598.893 500.706 3250 360.138 84.1344 3259 365.141 228.298 3260 281.692 100.665 3261 453.871 223.883 3262 515.767 283.56 3263 513.779 607.64 3264 660.152 232.365 3265 135.305 74.0939 3266 168.49 25.6788 3267 124.06 111.152 3268 39.7504 607.147 3269 273.493 162.468 3270 333.843 322.103 3271 554.742 298.352 3272 396.321 155.063 3273 316.036 65.1523 3274 304.28 208.399 3275 179.198 34.9628 3276 629.818 327.392 3277 265.178 67.5918 3278 336.293 139.1 3279 62.5807 147.884 3280 130.541 180.11 3281
83 0.00197487698934536 -0.02500426993615873 0.9977555822392791 0.06208610517816345 -8.471009439368604 -1.857636983037809 -0.1127531927060871 0 frame_00053_bottom_83.jpg
268.407 208.926 0 118.344 176.16 244 124.368 67.3963 269 186.096 192.208 337 341.164 256.851 379 291.787 249.925 1354 645.344 458.799 1756 205.038 297.367 1805 173.319 381.89 1914 674.646 469.181 1915 167.849 434.666 2495 716.203 500.646 2576 226.996 698.561 2748 215.731 707.42 2765 127.108 693.475 2769 137.994 703.191 2799 139.557 747.704 2848 119.636 716.515 2873 463.533 349.429 3081 359.69 251.33 3140 307.105 168.793 3159 346.393 282.583 3168 423.345 230.815 3175 309.913 241.153 3179 50.334 430.824 3181 475.918 222.18 3194 392.573 210.499 3195 52.2227 722.603 3197 545.837 399.092 3198 515.799 591.227 3213 313.332 218.616 3214 353.043 171.228 3217 46.5412 484.908 3221 73.2604 353.868 3224 562.688 257.776 3225 262.645 198.631 3229 322.873 313.031 3236 58.9822 681.283 3237 365.945 204.201 3238 289.178 281.835 3241 148.339 692.449 3247 291.103 149.752 3259 317.72 288.868 3260 218.952 174.812 3261 402.841 270.852 3262 473.675 322.92 3263 506.514 648.151 3264 607.793 242.675 3265 73.3809 169.812 3266 97.5243 118.547 3267 65.6726 209.266 3268 56.9753 696.98 3269 211.95 235.908 3270 289.426 401.122 3271 520.494 297.349 3272 657.433 430.982 3284 96.7371 460.788 3285 554.92 529.862 3286 57.4842 200.328 3287 435.657 62.5613 3288 18.1468 476.964 3289 118.591 163.94 3290 39.8725 150.52 3291 48.393 94.6012 3292 54.1852 283.427 3293 577.863 493.777 3294 530.933 233.439 3295 515.721 69.7172 3296 55.4152 59.9276 3297 680.933 611.109 3298 261.077 328.099 3299 729.623 477.157 3300 268.435 214.822 3301 196.085 251.693 3302 405.875 336.47 3303 330.502 161.173 3304 157.854 282.069 3305 167.385 396.629 3306
84 -0.02179599535476425 0.06793484370945754 0.9966866897839443 0.03905680483846982 -9.079908287966168 0.5941081230435699 0.4899373246037326 0 frame_00054_bottom_84.jpg
242.481 311.238 0 152.033 419.71 115 251.887 355.366 207 142.612 258.707 338 184.283 342.415 339 83.8783 235.318 409 270.192 345.151 1354 384.277 150.404 1755 645.799 505.847 1756 197.14 409.796 1805 613.7 712.485 2693 335.024 333.561 3140 270.921 266.521 3159 324.658 365.533 3168 69.7728 569.854 3181 439.755 288.669 3194 313.741 312.7 3196 285.251 312.518 3214 77.9898 499.609 3224 235.173 302.851 3229 332.272 287.686 3238 273.771 375.188 3241 252.738 252.103 3259 301.252 376.502 3260 378.298 353.342 3262 59.7855 350.353 3268 191.716 345.23 3270 308.279 301.362 3273 642.78 493.651 3284 112.906 607.698 3285 569.299 593.134 3286 50.8138 344.526 3287 357.832 174.13 3288 51.5878 610.048 3289 100.53 298.693 3290 28.6818 301.082 3291 31.0237 247.416 3292 58.7686 431.567 3293 584.517 581.244 3294 489.923 284.569 3295 432.894 164.797 3296 31.6619 218.152 3297 252.403 424.172 3299 550.116 721.914 3314 136.591 224.992 3315 530.743 672.291 3316 561.728 716.98 3317 223.632 426.494 3318 237.295 261.219 3319 306.118 232.388 3320 408.568 341.382 3321 228.939 378.477 3322 131.644 435.482 3323 262.789 404.262 3324
85 -0.0103819670601695 0.3320145833577156 0.9431856078879925 0.007709751664094175 -7.956810317974861 6.010450282131547 0.3098632299868717 0 frame_00055_bottom_85.jpg
201.259 475.31 0 42.3935 663.109 48 92.5914 674.558 67 65.726 742.474 84 43.1658 742.409 114 174.881 614.286 115 230.195 507.363 207 145.954 567.467 327 135.499 518.284 337 92.5593 484.443 338 166.712 534.382 339 31.2461 494.6 409 150.972 516.218 542 23.6925 740.03 627 578.12 587.994 1629 209.068 583.89 1805 694.703 298.012 2494 700.554 271.759 2496 723.533 683.032 2693 486.748 735.242 2944 264.503 436.338 3196 239.109 451.902 3214 267.96 407.114 3238 439.954 658.382 3255 252.316 431.858 3273 145.798 439.432 3274 232.176 532.801 3275 47.2403 520.079 3276 678.784 101.325 3282 267.041 568.526 3299 175.39 552.804 3302 218.915 401.244 3304 659.617 122.124 3308 672.948 711.426 3314 71.9963 459.174 3315 624.11 680.353 3316 682.713 704.87 3317 240.678 583.374 3318 545.303 528.851 3326 630.824 664.346 3329 214.075 616.755 3330 650.618 244.935 3331 710.901 147.404 3332 703.972 118.634 3333 586.916 132.605 3334 631.26 321.486 3335 588.172 155.89 3336 614.117 237.239 3337 249.175 274.291 3338 586.282 684.244 3339 711.717 108.092 3340 633.8 267.595 3341 600.757 200.648 3342 725.722 76.3198 3343 589.289 229.767 3344 261.993 298.818 3345 261.365 357.405 3346 435.734 684.26 3347 668.81 703.396 3348 558.944 591.842 3349 234.446 298.673 3350 279.718 302.228 3351 419.518 689.234 3352 294.906 591.732 3353
86 -0.00401660053047765 0.563586303740809 0.8260353143888233 -0.004472643346968038 -4.144745699000136 10.02965361954257 0.08540728080209528 0 frame_00056_bottom_86.jpg
165.182 688.049 338 254.663 693.718 339 115.892 729.575 409 180.894 700.917 543 131.435 739.036 544 647.845 610.472 699 652.854 212.973 750 635.811 564.567 1629 694.419 592.493 1844 371.849 737.814 2493 596.624 225.57 2494 468.699 679.957 2615 234.64 575.818 3159 251.427 534.744 3217 557.951 669.322 3255 142.172 741.951 3276 478.815 91.77 3282 272.175 708.286 3302 236.267 552.228 3304 471.433 116.622 3308 136.518 675.758 3315 716.065 615.617 3329 338.154 743.882 3330 530.225 208.466 3331 527.943 120.353 3332 507.537 98.5349 3333 411.12 173.799 3334 544.823 280.8 3335 422.423 191.356 3336 497.468 215.65 3337 194.436 466.415 3338 690.599 654.776 3339 510.58 82.2183 3340 525.354 239.473 3341 466.549 189.265 3342 496.68 73.9353 3343 473.908 219.947 3344 212.371 472.587 3345 618.827 576.24 3349 667.318 593.898 3357 631.16 157.007 3358 553.686 281.547 3359 655.312 281.935 3360 645.574 266.039 3361 417.712 153.656 3362 714.01 257.154 3363 451.291 680.024 3364 184.593 669.736 3365 556.063 563.2 3366 527.117 683.562 3367 750.048 405.622 3368 442.015 160.063 3369 569.174 522.574 3370 328.71 752.919 3371 539.947 732.134 3372 606.158 425.056 3373 691.709 49.2823 3374 733.146 625.209 3375 540.164 730.411 3376 233.906 616.253 3377 743.56 112.879 3378 703.64 222.348 3379 699.848 142.578 3380 230.042 632.089 3381 540.588 631.449 3382
87 -0.01771779394023413 0.7346349630750268 0.6781648423233525 0.009486698171010728 0.6564347858123792 11.68847670743757 0.5454849157765691 0 frame_00057_bottom_87.jpg
553.241 153.204 750 601.401 631.519 1545 674.426 507.166 1629 742.45 513.518 1844 517.84 748.112 2493 580.389 649.695 2615 483.623 686.791 3299 435.027 706.977 3322 492.229 754.892 3330 431.971 207.06 3331 325.965 270.701 3336 718.892 522.305 3357 507.364 131.284 3358 488.943 262.865 3359 587.199 215.558 3360 563.765 203.928 3361 307.308 244.761 3362 625.083 165.513 3363 329.282 753.964 3365 611.087 529.38 3366 631.768 629.27 3367 710.247 314.821 3368 332.198 237.783 3369 604.662 489.122 3370 626.289 579.458 3382 694.244 504.254 3384 453.185 29.2493 3385 734.982 250.962 3386 577.615 666.332 3387 696.262 78.9861 3388 500.162 701.896 3389 737.192 69.4891 3390 629.821 608.456 3391 593.442 39.5857 3392 595.238 136.483 3393 502.104 305.29 3394 306.748 755.367 3395 574.238 459.53 3396 535.191 437.78 3397 666.794 293.142 3398 669.764 734.043 3399 653.471 473.49 3400 625.643 124.279 3401 597.941 384.576 3402 653.302 64.2087 3403 572.31 542.245 3404 517.764 721.78 3405 671.694 164.903 3406 707.584 675.067 3407 565.803 513.043 3408 605.55 586.14 3409 601.428 613.128 3410
88 -0.05022475138421999 0.8139255091000493 0.5781178533364383 0.02797298050418174 3.408937944868432 12.04505443688404 1.520972400512415 0 frame_00058_bottom_88.jpg
483.974 151.519 750 564.924 253.135 1435 669.831 490.322 1629 213.134 130.348 2036 179.61 158.274 2037 544.222 31.4811 2175 581.019 708.758 2493 691.071 93.3482 2606 619.327 612.416 2615 538.321 666.368 3299 543.285 690.709 3318 444.406 284.805 3359 259.274 349.931 3362 609.543 628.007 3364 663.427 583.032 3367 560.196 731.39 3371 697.095 636.238 3372 571.355 432.297 3373 644.442 537.81 3382 685.099 484.903 3384 332.858 157.717 3385 687.9 196.535 3386 620.585 627.597 3387 606.795 58.9711 3388 555.784 675.273 3389 639.372 47.62 3390 657.976 564.205 3391 483.118 71.0592 3392 521.974 119.188 3393 466.383 310.533 3394 471.923 38.1184 3414 555.339 669.343 3415 557.207 135.683 3416 167.523 162.471 3417 584.171 646.486 3418 542.608 256.505 3419 533.681 244.586 3420 627.406 113.257 3421 206.971 143.629 3422 540.707 568.376 3423 596.39 95.8416 3424 686.586 71.7054 3425 247.799 129.912 3426 575.615 25.2305 3427 595.66 241.684 3428 480.077 62.3344 3429 582.603 170.752 3430 731.458 67.5888 3431 674.158 528.986 3432 533.308 622.507 3433 545.078 655.027 3434 567.918 104.13 3435 533.017 185.265 3436 650.861 621.901 3437 260.306 187.806 3438 558.001 653.026 3439 599.556 214.283 3440 494.518 79.3772 3441 560.478 453.828 3442 201.014 238.666 3443 271.276 213.08 3444 734.763 601.706 3445 536.561 552.879 3446 700.34 571.12 3447 245.965 151.606 3448 630.34 656.789 3449 229.951 138.439 3450 673.928 203.611 3451 706.153 460.764 3452 307.518 125.957 3453 571.374 688.559 3454
89 -0.02400465367217347 0.9022052469660714 0.4298062402703189 0.02675938664584985 7.227332537253766 10.87983830455109 1.147056616066865 0 frame_00059_bottom_89.jpg
523.909 644.603 379 464.352 468.459 1703 659.34 443.969 1913 118.909 352.477 2037 628.674 156.516 2096 555.136 104.413 2606 676.303 578.737 2615 662.028 740.385 2692 507.66 636.946 3140 500.94 660.536 3196 649.132 472.256 3209 473.315 657.617 3238 571.301 664.521 3241 621.564 658.624 3299 635.662 681.664 3318 403.603 331.197 3359 670.724 598.41 3364 705.537 535.194 3367 683.743 593.431 3387 640.848 662.095 3389 361.431 163.005 3392 415.154 165.928 3393 342.089 140.733 3414 638.851 657.285 3415 455.087 170.277 3416 104.613 365.783 3417 657.191 627.357 3418 481.247 278.785 3419 471.639 269.914 3420 508.329 137.38 3421 135.151 330.447 3422 587.021 562.489 3423 475.156 134.677 3424 546.865 89.6888 3425 166.165 305.784 3426 427.236 98.2336 3427 520.44 271.046 3428 356.449 157.608 3429 486.718 189.435 3430 581.427 75.2936 3431 684.359 494.566 3432 604.015 619.986 3433 623.198 645.66 3434 456.975 138.584 3435 445.422 219.049 3436 485.663 31.4838 3458 112.186 380.453 3459 554.743 171.28 3460 517.718 223.088 3461 334.137 165.872 3462 714.449 31.3424 3463 643.762 165.072 3464 593.422 55.1911 3465 294.608 231.539 3466 135.781 413.836 3467 444.335 172.426 3468 289.685 264.473 3469 594.185 550.021 3470 342.892 75.2005 3471 325.362 151.779 3472 345.249 179.618 3473 399.673 104.182 3474 319.609 188.571 3475 686.5 578.567 3476 499.093 74.3487 3477 577.871 116.07 3478 607.468 102.155 3479 671.629 646.495 3480 638.531 526.129 3481 670.421 660.817 3482 632.789 180.97 3483 605.596 583.187 3484 636.608 29.2379 3485 594.795 481.749 3486 622.062 191.042 3487 560.257 228.955 3488
90 0.009295911553474359 0.9560869049614727 0.2870715573101873 0.05832098398591729 10.16547958892397 8.922381951886246 1.552266124481933 0 frame_00060_bottom_90.jpg
655.549 719.048 339 566.419 645.56 379 457.741 497.042 1703 515.587 170.501 2096 439.073 149.045 2606 680.414 533.615 2615 718.474 688.298 2692 399.377 220.183 3043 551.732 641.577 3140 626.45 463.416 3209 616.507 648.648 3241 677.344 642.611 3318 486.039 698.57 3346 680.997 553.072 3364 691.185 543.653 3387 245.178 259.344 3414 362.057 223.667 3416 75.5552 575.156 3417 265.512 269.076 3429 450.615 124.511 3431 631.564 596.686 3433 356.568 196.162 3435 351.003 114.175 3458 87.0538 586.644 3459 454.602 201.753 3460 435.786 257.496 3461 245.973 284.133 3462 555.235 52.7976 3463 531.849 174.156 3464 455.135 110.42 3465 226.547 371.944 3466 119.645 606.279 3467 347.925 226.269 3468 231.738 395.482 3469 600.545 532.623 3470 229.787 187.166 3471 234.512 272.764 3472 262.546 293.451 3473 292.162 209.239 3474 238.58 318.125 3475 357.811 67.7996 3493 400.412 202.683 3494 499.954 252.603 3495 461.353 134.759 3496 385.554 60.286 3497 514.636 110.483 3498 478.682 181.953 3499 411.447 116.724 3500 406.998 307.226 3501 386.266 205.724 3502 356.81 153.051 3503 370.482 115.148 3504 491.113 91.2137 3505 381.409 45.5313 3506 541.969 205.34 3507 452.364 226.083 3508 505.81 88.8874 3509 404.346 159.374 3510 354.666 54.7525 3511 385.652 296.39 3512 517.685 198.699 3513 369.579 37.7943 3514 511.777 76.1833 3515 419.786 226.239 3516 661.453 476.67 3517 627.257 440.869 3518 422.754 177.778 3519 466.163 255.053 3520 220.094 154.229 3521 360.007 276.039 3522 486.315 698.491 3523 516.924 615.462 3524 663.523 155.84 3525 628.628 578.085 3526 683.927 685.87 3527 680.553 611.746 3528 551.062 701.002 3529 124.151 589.907 3530 750.627 682.554 3531 673.34 704.467 3532 703.958 565.134 3533
91 0.04498008956531954 0.9727103582621888 0.2205289777635859 0.05637659477733815 11.18396056601587 8.080956502216264 1.250294435434047 0 frame_00061_bottom_91.jpg
594.452 685.332 379 706.706 530.482 1751 467.244 225.938 2096 686.34 550.683 2615 704.391 587.465 2780 364.573 291.924 3043 578.483 684.498 3140 520.293 679.167 3175 583.376 711.453 3196 558.304 723.158 3238 645.313 680.271 3241 595.236 691.338 3283 566.796 88.0003 3310 704.851 664.351 3318 212.916 372.656 3414 608.92 577.546 3423 646.469 622.342 3433 299.493 212.734 3458 411.879 262.595 3460 403.978 318.309 3461 484.003 226.934 3464 188.264 300.59 3471 205.038 384.901 3472 234.058 400.296 3473 212.11 426.162 3475 300.451 170.511 3493 363.198 280.1 3494 465.993 300.554 3495 413.405 201.387 3496 325.429 157.067 3497 457.83 175.806 3498 435.325 239.319 3499 357.869 207.601 3500 386.729 364.233 3501 349.597 285.597 3502 310.77 246.362 3503 319.552 208.478 3504 434.916 156.807 3505 319.462 146.18 3506 496.991 251.33 3507 415.441 286.124 3508 445.608 160.003 3509 356.065 242.928 3510 296.171 160.411 3511 354.772 364.897 3512 474.21 251.911 3513 306.104 141.426 3514 449.139 146.293 3515 383.024 291.221 3516 654.808 515.775 3517 612.817 490.134 3518 377.827 255.179 3519 436.949 316.246 3520 175.632 273.162 3521 322.538 352.731 3522 531.472 273.17 3537 188.959 390.72 3538 444.781 285.295 3539 563.341 261.053 3540 514.529 243.39 3541 451.736 125.677 3542 184.076 343.055 3543 523.296 647.775 3544 574.468 472.649 3545 428.95 222.088 3546 337.358 103.801 3547 720.875 278.807 3548 627.576 208.198 3549 123.748 408.101 3550 746.066 750.076 3551 165.02 314.887 3552 296.684 717.217 3553 663.039 292.914 3554 657.518 720.441 3555 649.293 157.214 3556 700.439 448.463 3557 684.112 563.764 3558 682.453 584.285 3559 663.006 755.605 3560 680.148 699.91 3561 633.049 587.586 3562 461.083 664.223 3563
92 0.03700976634435849 0.9883668652595708 0.1457665617907135 0.022656705758328 12.06527543929282 7.172443298707923 0.5224803827607408 0 frame_00062_bottom_92.jpg
655.833 711.655 379 635.923 221.771 2290 637.82 712.848 3140 575.935 714.631 3175 601.464 742.953 3195 650.541 741.032 3196 676.037 752.569 3214 709.86 701.638 3241 531.725 100.946 3310 208.809 493.52 3414 652.746 598.683 3423 704.118 638.83 3433 471.326 462.089 3455 273.282 306.509 3458 467.709 260.423 3464 204.269 506.46 3472 267.822 265.772 3493 418.383 283.297 3499 288.708 335.781 3503 487.625 281.862 3507 259.994 258.474 3511 633.707 548.545 3518 694.747 621.616 3526 511.285 326.868 3537 191.201 512.938 3538 437.199 326.645 3539 553.735 298.264 3540 501.791 272.439 3541 415.728 172.181 3542 170.763 466.559 3543 573.968 682.427 3544 597.754 524.503 3545 410.053 266.077 3546 269.019 236.646 3547 721.714 301.603 3548 596.183 411.62 3568 708.498 286.991 3569 453.861 340.792 3570 724.467 74.033 3571 677.808 427.165 3572 158.309 440.819 3573 624.736 406.705 3574 684.248 592.437 3575 648.815 70.5965 3576 697.881 659.161 3577 663.025 700.171 3578 267.175 746.46 3579 721.319 487.585 3580 228.863 701.725 3581 241.859 719.959 3582 560.351 623.968 3583 582.069 552.072 3584 162.391 344.946 3585 665.762 606.516 3586
93 0.02032984131530025 0.9951795968545241 0.08343478164308006 0.04735931554333466 12.63345045304104 6.462737455107385 1.395818970807312 0 frame_00063_bottom_93.jpg
585.353 241.927 2290 231.503 691.633 2352 577.921 190.218 2735 728.478 571.199 2780 617.183 301.209 2940 154.951 614.146 2941 697.257 256.846 3116 628.593 697.557 3140 571.971 709.13 3175 596.795 729.357 3195 642.14 720.52 3196 619.041 736.873 3238 691.284 675.48 3241 624.23 726.93 3251 646.992 698.294 3283 470.485 113.433 3310 181.101 592.247 3414 422.596 284.884 3464 178.562 605.356 3472 443.446 304.038 3507 602.323 583.438 3518 401.87 358.236 3539 507.1 337.021 3540 364.535 298.928 3546 563.19 425.107 3568 647.132 340.217 3569 417.793 370.369 3570 636.884 123.627 3571 635.615 457.237 3572 119.729 545.812 3573 584.538 438.261 3574 659.214 590.958 3575 576.064 76.6553 3576 209.72 578.979 3587 694.873 497.819 3588 549.828 123.52 3589 699.049 204.791 3590 188.208 578.637 3591 575.204 289.653 3592 382.448 616.068 3593 658.735 500.454 3594 457.083 578.021 3595 202.249 636.197 3596 478.842 271.538 3597 402.534 597.988 3598 194.863 588.376 3599 685.168 159.274 3600 254.032 236.431 3601 737.765 255.655 3602 150.628 556.357 3603 93.2124 56.9497 3604 425.264 306.756 3605 437.519 608.196 3606 423.036 106.08 3607 598.15 199.94 3608 712.929 32.3075 3609 576.944 294.706 3610 595.049 499.782 3611 609.464 322.381 3612 551.596 327.228 3613 189.289 709.248 3614 446.618 686.672 3615 515.955 679.121 3616
94 -0.0006249179420283705 0.9941987535771911 0.1015883025916386 0.03533078883459851 12.0424044530545 7.685578772568289 1.327363024354604 0 frame_00064_bottom_94.jpg
210.256 716.351 2352 569.982 251.1 2735 447.736 406.187 2837 592.605 385.339 2940 129.79 661.388 2941 677.144 350.083 3116 603.653 734.778 3140 517.711 669.25 3257 470.967 145.717 3310 658.779 663.392 3433 416.136 321.637 3464 186.56 655.105 3473 436.863 341.948 3507 487.583 401.894 3540 86.008 691.297 3550 623.584 424.319 3569 184.446 631.379 3587 669.48 566.486 3588 554.718 155.911 3589 685.043 281.302 3590 163.183 630.161 3591 563.942 349.28 3592 361.38 634.745 3593 633.123 566.449 3594 438.814 612.67 3595 173.735 683.826 3596 476.45 306.269 3597 379.608 625.875 3598 168.71 641.854 3599 684.175 225.755 3600 242.999 289.552 3601 743.139 300.972 3602 129.627 607.886 3603 70.9626 127.815 3604 417.783 342.207 3605 417.336 634.109 3606 402.865 179.997 3607 600.052 236.32 3608 442.266 173.668 3617 501.054 300.372 3618 442.863 198.107 3619 675.108 75.8262 3620 716.944 256.906 3621 547.372 357.36 3622 178.978 614.61 3623 546.412 709.209 3624 112.399 741.498 3625 145.15 636.915 3626 547.908 452.653 3627 444.36 591.369 3628
95 0.01924755351901277 0.9962567947049427 0.06432472619949188 0.05444502077441873 12.39178936280143 7.429028899500577 1.659600706492966 0 frame_00065_bottom_95.jpg
718.457 398.723 2733 423.93 449.861 2837 726.949 442.561 2883 549.708 454.191 2940 651.419 690.104 3433 457.79 457.98 3540 630.359 82.692 3567 650.312 710.264 3577 607.165 620.215 3594 637.514 187.937 3609 523.956 414.271 3610 535.537 642.624 3611 555.204 438.086 3612 500.243 447.982 3613 396.664 233.992 3617 470.115 349.392 3618 401.991 259.589 3619 607.981 138.047 3620 658.916 328.502 3621 510.52 420.997 3622 235.596 133.179 3631 435.036 622.216 3633 654.397 606.115 3634 629.727 543.761 3635 130.607 45.9742 3636 615.398 75.5677 3637 611.544 598.33 3638 648.943 522.079 3639 669.958 611.089 3640 268.372 147.818 3641 524.361 47.9996 3642 548.397 347.086 3643 659.84 475.261 3644 677.149 367.183 3645 685.558 482.441 3646 511.334 637.494 3647 580.313 132.915 3648 504.387 700.238 3649 565.257 469.573 3650
96 0.02074014749979276 0.9945456622453063 0.0752653416510934 0.06916574540100194 11.92359989492723 8.312748246381076 1.90645941384251 0 frame_00066_bottom_96.jpg
683.354 61.5889 1710 727.046 399.849 2748 689.456 529.723 2777 729.082 546.524 2778 698.512 480.87 2883 529.479 604.957 3383 595.343 162.118 3567 490.113 474.952 3610 443.828 395.423 3618 195.501 188.718 3631 679.356 409.62 3632 407.306 636.214 3633 614.205 666.657 3634 593.691 606.121 3635 86.3994 90.9251 3636 580.932 145.625 3637 574.313 663.386 3638 619.616 563.151 3639 633.154 670.737 3640 242.554 187.042 3641 495.99 119.846 3642 573.774 593.278 3652 625.147 76.023 3653 719.616 251.882 3654 709.463 537.039 3655 729.077 586.504 3656 238.214 97.7921 3657 727.396 512.104 3658 736.961 296.809 3659 183.429 72.6213 3660 211.595 66.8867 3661 148.359 657.863 3662 222.274 637.146 3663 703.149 373.429 3664 736.102 604.29 3665 606.05 307.321 3666 79.1097 428.435 3667 196.31 672.396 3668 143.049 471.905 3669 505.282 554.638 3670 727.622 477.54 3671 647.308 695.967 3672 722.771 559.991 3673
97 0.02838199061848324 0.9949974520604487 0.07558645105752038 0.05883214613012652 11.58874790716618 8.816771438494623 1.460108403418442 0 frame_00067_bottom_97.jpg
501.363 590.597 1546 657.327 111.803 1710 723.075 435.83 2748 686.604 569.526 2777 727 587.811 2778 693.269 521.274 2883 736.85 458.846 3150 466.034 527.796 3610 669.522 447.753 3632 572.126 662.612 3635 612.717 604.206 3639 455.557 177.886 3642 490.765 457.134 3643 543.223 668.072 3652 601.881 132.996 3653 698.968 303.379 3654 708.174 578.162 3655 727.992 628.626 3656 185.69 189.37 3657 725.097 552.452 3658 718.037 347.8 3659 129.974 155.13 3660 157.739 140.37 3661 127.642 697.096 3662 209.049 672.762 3663 696.227 413.445 3664 733.775 649.493 3665 581.366 363.833 3666 30.9531 505.223 3667 181.161 715.506 3668 79.5775 582.624 3669 490.133 575.467 3674 220.59 580.078 3675 614.319 651.949 3676 64.5461 450.26 3677 118.823 401.01 3678 620.024 662.666 3679 200.312 586.106 3680 664.22 604.323 3681 466.214 184.521 3682
98 0.04485371071507834 0.9871006327848165 -0.1458728970524026 0.04838990903527451 13.82510956643592 3.61460539947432 1.220807464226555 0 frame_00068_bottom_98.jpg
443.909 522.621 1238 545.969 583.932 1546 754.633 379.816 1745 721.907 273.602 2038 735.442 236.176 2614 693.048 325.792 2748 700.152 314.115 2765 749.95 253.08 2848 351.39 64.2484 3456 651.631 359.215 3632 653.367 492.975 3644 626.591 369.105 3645 658.86 321.406 3664 527.951 568.316 3674 285.027 688.714 3675 684.799 588.07 3676 54.9988 679.57 3677 89.021 610.436 3678 693.503 595.585 3679 268.559 707.73 3680 682.441 640.857 3686 622.179 178.949 3687 718.719 221.849 3688 635.818 592.554 3689 627.57 299.239 3690 734.127 666.022 3691 600.877 558.14 3692 657.389 263.483 3693 731.131 198.976 3694 527.64 259.717 3695 624.754 203.09 3696 647.434 595.046 3697 376.898 676.497 3698 395.419 103.039 3699 425.955 230.057 3700 202.631 311.344 3701 705.463 405.229 3702 602.441 265.549 3703 631.395 101.662 3704 528.633 221.421 3705
99 0.02608885007297829 0.9037012037434479 -0.4228992113157782 0.06164222029588112 13.11019517925111 -4.257487189744356 2.104650020877237 0 frame_00069_bottom_99.jpg
439.471 483.257 1238 554.665 47.5683 1847 552.112 118.976 2038 543.644 79.7215 2614 569.305 234.128 2733 555.647 177.867 2748 554.929 164.479 2765 613.136 114.233 2769 599.401 113.689 2799 563.712 86.6077 2848 599.81 93.8559 2873 608.539 248.117 2883 601.722 129.346 2921 652.684 234.628 2925 565.161 74.1109 2926 503.287 72.1671 2934 97.9482 135.152 3456 538.592 229.795 3632 520.907 260.494 3645 659.056 318.574 3681 689.271 446.627 3686 419.206 87.9155 3687 522.657 76.3234 3688 625.718 434.269 3689 481.628 211.915 3690 742.761 435.958 3691 583.993 432.758 3692 484.493 147.646 3693 520.439 49.5996 3694 366.463 217.848 3695 426.289 116.737 3696 646.178 423.269 3697 476.007 634.644 3698 175.73 132.594 3699 262.389 251.847 3700 610.4 245.848 3702 347.073 188.191 3705 443.41 745.001 3708 694.693 299.14 3709 697.232 240.534 3710 504.628 129.483 3711 682.041 247.644 3712 419.296 695.28 3713 642.218 353.869 3714 326.775 193.936 3715 430.974 158.149 3716 405.134 263.665 3717 522.388 741.647 3718 689.527 227.388 3719 525.748 125.115 3720 468.867 49.1524 3721 665.317 358.524 3722 482.639 750.23 3723 300.211 115.345 3724 726.929 281.881 3725 475.347 278.813 3726 702.642 252.583 3727 615.706 375.275 3728 263.478 126.965 3729 682.714 165.422 3730 604.086 55.7941 3731 586.447 188.287 3732
100 0.003227659026345759 0.7403807653835439 -0.6701147542648026 0.05265093146289816 8.019197718990615 -10.62983419651371 1.919286416770504 0 frame_00070_bottom_100.jpg
452.965 53.5688 1704 409.299 148.075 2733 364.635 105.556 2748 356.745 92.4149 2765 411.168 133.379 2823 269.38 59.1567 2843 382.966 72.2603 2849 481.542 100.779 2925 253.103 34.1757 2934 491.225 607.432 3411 379.485 163.119 3632 526.831 114.843 3673 531.494 171.235 3681 186.89 97.1528 3687 311.033 198.615 3690 198.946 134.169 3696 128.04 355.528 3700 118.334 618.79 3701 448.159 133.093 3702 249.781 199.152 3703 106.433 45.7297 3704 170.047 250.389 3705 562.715 645.949 3708 552.461 135.218 3709 523.253 79.6513 3710 290.604 87.8019 3711 513.117 97.3378 3712 513.877 618.216 3713 532.416 211.055 3714 163.405 273.052 3715 225.695 173.342 3716 240.708 280.913 3717 626.587 597.277 3718 509.682 73.3583 3719 303.529 72.5368 3720 207.238 32.4384 3721 557.568 203.316 3722 601.423 623.029 3723 81.7026 216.778 3724 571.881 101.467 3725 330.56 259.988 3726 535.098 89.2419 3727 523.468 245.418 3728 50.8251 242.384 3729 578.649 220.876 3733 281.998 47.2978 3734 142.902 579.34 3735 668.246 159.826 3736 619.667 618.765 3737 492.108 603.292 3738 554.579 676.509 3739 500.952 257.869 3740 323.863 176.976 3741 516.962 675.022 3742 655.131 328.513 3743 576.64 122.223 3744 319.497 215.916 3745 601.435 498.586 3746 684.093 519.041 3747 364.028 245.627 3748 42.888 534.149 3749 231.545 181.918 3750 703.092 243.518 3751 304.896 209.017 3752 581.951 313.066 3753 386.461 121.857 3754 379.522 112.464 3755 244.653 155.427 3756 633.442 631.912 3757 557.785 751.918 3758 487.348 512.434 3759 717.135 315.242 3760 388.546 211.782 3761 696.579 276.326 3762 505.795 588.323 3763 527.577 638.446 3764 346.637 132.145 3765 427.601 260.668 3766 573.36 632.918 3767 479.164 230.775 3768 657.879 462.696 3769 247.068 23.9168 3770 219.924 59.1049 3771
101 -0.002236599299329172 -0.5014793349108362 0.8639311343971885 -0.04622195690520686 -0.4230200914478973 -13.21866435631135 1.579663428724242 0 frame_00071_bottom_101.jpg
182.908 66.4085 1704 182.067 90.771 1745 71.8452 136.298 2038 203.354 173.468 2733 138.56 161.804 2748 28.45 208.223 2749 123.918 155.1 2765 91.1747 72.4911 2769 279.211 122.4 2777 268.349 77.99 2778 86.5712 86.5812 2799 199.2 157.987 2823 28.0654 179.952 2843 39.5848 108.764 2848 133.878 122.795 2849 62.6679 75.2035 2873 232.727 140.337 2883 104.165 90.5264 2921 235.136 90.9399 2925 220.032 155.204 2930 150.202 136.996 3150 464.373 254.501 3383 537.279 504.637 3411 184.639 202.641 3632 272.036 98.2593 3655 442.506 325.021 3670 208.784 116.703 3671 446.579 80.2359 3672 284.346 76.245 3673 321.717 120.409 3681 78.6859 608.174 3682 260.133 68.4153 3712 632.037 454.209 3723 312.855 38.8505 3725 359.655 190.184 3728 391.471 137.459 3733 31.3863 159.825 3734 203.675 692.637 3735 422.539 31.7812 3736 645.276 437.525 3737 535.973 498.773 3738 613.731 531.868 3739 346.85 213.489 3740 125.906 248.825 3741 575.889 549.764 3742 492.861 186.289 3743 324.48 52.1682 3744 144.268 288.297 3745 518.764 355.044 3746 628.272 310.34 3747 201.729 285.377 3748 88.5726 708.545 3749 48.4266 312.798 3750 507.139 84.4996 3751 126.2 291.244 3752 429.516 214.867 3753 166.753 162.356 3754 156.327 160.647 3755 41.0181 283.334 3756 660.382 442.107 3757 649.444 586.444 3758 484.326 432.419 3759 539.834 138.062 3760 216.371 243.027 3761 522.792 114.584 3762 536.564 478.257 3763 574.215 511.675 3764 140.638 195.753 3765 307.423 250.897 3766 609.328 481.832 3767 312.109 202.357 3768 664.103 451.331 3776 724.022 452.883 3777 480.308 555.028 3778 634.793 353.247 3779 458.661 565.419 3780 271.499 461.967 3781 558.754 441.736 3782 692.987 458.16 3783 217.09 493.91 3784
102 0.02616463371876514 -0.2738350637889563 0.9613771870724217 -0.009147347089679589 -7.277431029453025 -10.85905033416124 0.2835085603815371 0 frame_00072_bottom_102.jpg
88.6181 196.537 2777 55.8777 159.771 2778 93.8641 271.446 2803 32.2902 272.059 2823 70.4076 216.56 2839 50.1796 259 2930 741.838 290.939 3414 711.349 290.397 3587 124.045 221.07 3646 404.235 203.833 3647 98.5936 639.84 3648 69.326 176.4 3655 71.0038 150.19 3673 199.023 225.17 3728 598.825 309.147 3776 642.802 291.896 3777 458.051 513.727 3778 507.97 272.785 3779 439.532 540.402 3780 251.21 527.402 3781 495.44 369.188 3782 616.831 312.675 3783 186.024 597.72 3784 551.242 197.748 3787 647.75 325.818 3788 700.288 108.587 3789 733.995 95.77 3790 693.603 196.447 3791 477.532 111.849 3792 640.957 469.357 3793 732.786 591.601 3794 715.22 106.152 3795 695.575 340.354 3796 627.67 203.065 3797 669.938 146.904 3798 142.856 253.973 3799 123.868 187.261 3800
103 0.0002459376383231958 -0.1921026690488007 0.9813315631748144 -0.009212338241738288 -9.868097034186611 -8.930365561840702 0.6180358503282681 0 frame_00073_bottom_103.jpg
241.701 53.5085 3140 681.232 274.184 3414 653.186 254.736 3473 218.072 556.145 3556 215.222 60.2955 3578 692.293 64.6218 3582 650.523 278.633 3587 184.186 641.879 3589 650.294 295.35 3623 297.669 90.1222 3624 736.319 197.723 3625 625.724 278.781 3651 488.377 195.764 3787 602.918 318.229 3788 598.142 98.427 3789 630.177 74.4435 3790 619.506 164.233 3791 425.64 119.719 3792 590.177 506.033 3793 655.888 662.697 3794 610.835 91.4397 3795 643.224 335.148 3796 573.075 187.12 3797 586.872 134.744 3798 670.274 121.81 3803 651.977 226.715 3804 299.542 325.549 3805 205.123 238.212 3806 719.704 203.684 3807 433.873 107.481 3808 215.753 576.455 3809 481.041 153.176 3810 560.261 258.647 3811 681.361 268.948 3812 225.366 287.705 3813 77.4504 527.959 3814 114.496 542.413 3815 176.482 467.271 3816 306.54 343.433 3817 670.329 228.68 3818 298.616 69.8329 3819 546.23 274.966 3820 509.409 205.8 3821
104 -0.01030826861634336 -0.1799886796324605 0.9834640371640154 -0.01721343682572012 -10.72573825242775 -7.952200447248398 0.8653598255842528 0 frame_00074_bottom_104.jpg
452.615 124.467 410 69.9259 263.699 1751 393.92 208.967 1992 68.5265 204.68 2780 203.447 109.184 3140 263.39 113.39 3175 198.879 84.4887 3196 223.472 73.7646 3238 133.075 112.642 3241 214.499 84.0338 3251 186.558 102.369 3283 252.144 381.923 3298 69.3035 127.525 3318 627.765 343.495 3414 174.824 209.865 3423 132.319 168.513 3433 361.122 354.512 3455 634.834 328.355 3472 601.04 323.5 3473 223.177 262.173 3518 239.95 544.395 3549 698.68 307.702 3550 23.392 48.8009 3551 668.88 400.757 3552 512.558 55.8632 3553 174.213 458.539 3554 123.555 71.3173 3555 170.149 636.758 3556 139.616 148.831 3577 604.334 115.156 3579 117.147 310.4 3580 631.554 157.261 3581 621.336 142.66 3582 599.759 346.88 3587 640.49 241.709 3614 379.83 168.336 3615 301.166 166.615 3616 631.495 353.991 3626 580.576 339.062 3651 453.771 241.084 3787 533.373 171.685 3789 562.318 147.257 3790 604.13 197.18 3803 600.455 297.19 3804 277.915 352.438 3805 142.097 320.92 3806 660.92 273.452 3807 394.128 156.06 3808 166.616 657.121 3809 444.994 199.902 3810 525.242 308.862 3811 629.09 336.021 3812 162.267 370.232 3813 54.7139 581.041 3814 86.3373 598.102 3815 121.595 546.435 3816 259.926 403.121 3817 617.267 296.156 3818 390.764 256.665 3823 270.184 280.662 3824 404.717 192.83 3825 331.235 186.234 3826 381.079 285.579 3827 612.556 278.591 3828 602.383 136.867 3829 596.029 290.102 3830 260.43 44.3051 3831 158.301 194.674 3832 743.845 130.415 3833 660.671 317.844 3834 576.471 339.027 3835 348.624 203.84 3836 625.289 181.159 3837 74.1988 48.2743 3838 388.651 191.217 3839
105 0.004894227470326343 -0.2573741691912307 0.965187028183397 -0.04635282296791503 -9.939340982390977 -8.934517021907498 0.8064112085477531 0 frame_00075_bottom_105.jpg
713.383 443.093 218 56.0764 244.775 2615 182.561 284.6 2732 179.92 67.9865 2739 41.1691 206.455 2780 200.393 137.525 3140 197.654 113.181 3196 226.205 108.736 3238 128.358 129.497 3241 211.722 327.349 3257 183.271 129.554 3283 56.6485 132.777 3318 42.6845 297.825 3367 682.704 168.42 3417 112.034 179.523 3433 674.301 160.239 3459 242.26 614.755 3464 646.91 142.757 3467 563.996 450.345 3472 535.134 435.859 3473 39.3528 149.809 3482 268.744 679.299 3498 168.183 310.502 3518 266.731 88.0718 3523 237.844 164.165 3524 114.93 635.993 3525 63.8759 72.6211 3532 491.215 158.505 3553 118.81 94.29 3555 41.8725 348.537 3557 62.2898 231.774 3558 67.6765 213.45 3559 122.471 59.9053 3560 96.8237 105.647 3561 124.52 217.979 3562 311.965 169.487 3563 173.349 140.982 3578 569.519 272.933 3582 267.862 263.923 3583 364.035 224.62 3615 382.981 214.561 3808 426.246 263.073 3810 81.0429 410.331 3813 554.482 412.666 3818 254.46 161.27 3819 468.57 397.499 3820 435.04 331.513 3821 351.705 321.664 3823 229.62 324.165 3824 378.199 263.321 3825 293.643 255.21 3826 341.354 355.425 3827 550.865 397.781 3828 552.996 264.348 3829 533.832 407.766 3830 267.111 88.297 3831 137.751 214.425 3832 667.18 302.528 3833 591.04 444.832 3834 510.416 442.774 3835 308.267 277.236 3836 570.344 310.96 3837 80.8846 55.8951 3838 373.049 244.695 3839 36.2371 339.981 3842 60.0784 273.213 3843 516.646 266.111 3844 356.857 244.591 3845 69.9289 255.854 3846 220.951 482.569 3847 201.714 675.455 3848 551.315 338.928 3849 397.797 243.8 3850 91.4911 306.057 3851 115.754 475.426 3852 561.012 481.088 3853 242.053 722.604 3854 145.04 281.689 3855 324.712 695.807 3856 115.589 585.868 3857
106 -0.01097001552097499 -0.3827401773108873 0.9227829109551707 -0.04314295632663171 -7.579060832645077 -10.64725224066703 1.12682274434649 0 frame_00076_bottom_106.jpg
353.652 335.306 1992 104.866 206.026 2615 103.55 44.3461 2692 195.094 295.869 2732 101.816 165.991 2780 268.933 137.494 3140 273.983 112.714 3196 203.772 113.399 3241 255.917 125.027 3283 153.432 121.719 3299 135.8 100.108 3318 105.25 186.078 3364 78.5007 252.27 3367 95.8908 191.765 3387 519.963 575.469 3414 728.354 319.836 3417 699.406 359.553 3422 197.049 214.17 3423 129.343 271.281 3432 178.013 160.581 3433 383.922 707.901 3458 721.543 308.605 3459 181.13 614.252 3464 696.677 282.228 3467 532.141 564.994 3472 506.221 541.345 3473 93.2294 206.782 3476 224.694 672.308 3479 108.156 117.945 3482 188.191 693.046 3498 174.949 174.648 3526 141.447 57.0899 3527 127.841 126.047 3528 282.635 82.7755 3529 688.578 295.255 3530 77.0438 36.1513 3531 158.271 44.1143 3532 87.2023 167.241 3533 541.311 241.924 3553 50.1172 316.35 3557 241.839 133.952 3578 579.589 399.219 3582 273.143 295.883 3583 215.227 344.446 3584 511.27 695.3 3585 400.072 261.763 3615 458.721 314.68 3810 533.864 521.473 3818 402.59 304.011 3825 568.386 379.561 3829 179.24 33.3445 3838 47.1357 309.963 3842 99.7171 233.755 3843 538.026 363.732 3844 388.268 278.204 3845 115.073 221.232 3846 212.129 479.564 3847 127.179 659.198 3848 544.968 455.157 3849 433.173 287.218 3850 106.625 293.507 3851 71.9998 471.213 3852 519.076 593.194 3853 141.516 734.588 3854 170.627 272.439 3855 229.55 729.095 3856 66.8858 566.457 3857 286.419 173.924 3862 658.467 347.036 3863 668.163 285.483 3864 287.394 249.439 3865 49.8312 273.758 3866 224.476 564.59 3867 331.046 711.342 3868 300.569 664.945 3869 48.6136 177.303 3870 194.098 742.386 3871 173.018 681.258 3872 394.882 227.743 3873 276.224 101.669 3874
107 -0.01523208622768453 -0.5464911410900269 0.8365391438128922 -0.03629982270019881 -3.558081366309408 -12.10426718126941 1.156776678607997 0 frame_00077_bottom_107.jpg
332.623 89.19 1354 186.058 297.586 1913 129.627 88.0939 2222 182.326 650.171 2606 180.472 151.013 2615 359.508 141.214 3140 373.323 121.57 3196 397.956 130.59 3238 305.232 97.7877 3241 256.04 89.8353 3299 248.144 64.1934 3318 394.61 47.3851 3319 192.606 134.108 3364 139.3 184.729 3367 177.262 135.641 3387 237.916 80.8755 3389 72.0288 147.769 3407 710.121 527.917 3417 669.303 552.845 3422 263.735 191.052 3423 163.077 231.011 3432 263.544 132.95 3433 250.534 101.986 3434 227.222 67.8602 3454 241.617 743.75 3458 707.81 514.658 3459 103.424 560.823 3464 238.585 695.91 3477 153.064 631.853 3478 120.24 638.624 3479 206.988 87.5195 3480 203.205 211.095 3481 211.591 74.4706 3482 125.162 550.959 3483 251.223 165.704 3484 90.4339 706.201 3485 252.806 278.409 3486 131.186 543.624 3487 202.979 520.145 3488 78.4077 644.156 3498 253.725 150.345 3526 681.684 484.492 3530 178.002 110.708 3533 425.966 304.773 3615 362.499 181.889 3862 633.149 516.677 3863 666.115 464.419 3864 320.883 268.562 3865 104.814 195.645 3866 166.102 533.082 3867 189.169 729.719 3868 184.226 665.132 3869 131.118 116.05 3870 57.1663 701.068 3871 71.3353 622.098 3872 447.892 272.235 3873 433.276 237.361 3875 395.29 66.2154 3876 287.806 687.766 3877 247.586 270.586 3878 241.26 626.736 3879 124.792 698.658 3880 92.6821 641.16 3881 256.245 64.2267 3882 183.302 586.432 3883 373.854 706.014 3884
108 -0.02016800932679293 -0.6723641275547078 0.7397669183573502 -0.01626769441134096 0.01070638360783188 -12.04538226266913 0.9409062042778322 0 frame_00078_bottom_108.jpg
426.06 31.0499 339 199.43 256.678 1629 589.688 184.716 1755 201.706 297.106 1913 562.562 714.508 2036 234.158 708.209 2175 224.856 62.0791 2222 105.271 609.935 2606 257.647 129.526 2615 515.107 186.119 2616 23.037 103.305 2823 432.509 169.367 3140 451.222 148.646 3196 472.548 169.764 3238 394.748 109.568 3241 461.45 145.242 3273 348.124 90.53 3299 349.629 61.6033 3318 497.991 85.207 3319 523.273 148.39 3320 425.093 236.352 3321 222.551 587.652 3363 274.094 117.443 3364 209.052 150.299 3367 194.091 100.416 3376 476.479 84.4826 3377 215.357 197.992 3382 259.713 113.147 3387 177.905 661.526 3388 335.54 76.1353 3389 293.87 687.755 3392 173.523 587.847 3406 151.492 104.868 3407 614.757 697.667 3417 569.172 704.113 3422 324.518 190.199 3423 530.226 704.701 3426 344.338 136.102 3433 232.5 111.432 3437 523.682 640.929 3438 328.346 97.1557 3439 200.396 512.297 3440 284.377 677.168 3441 298.701 321.756 3442 598.386 619.305 3443 517.824 613.727 3444 151.233 122.047 3445 328.07 206.742 3446 172.821 152.632 3447 535.782 687.87 3448 258.394 81.7122 3449 549.382 704.137 3450 126.58 502.92 3451 161.469 285.157 3452 482.733 704.355 3453 324.352 59.7433 3454 124.589 719.346 3458 69.7858 490.743 3464 98.0367 482.29 3487 615.188 320.429 3489 604.294 636.305 3530 438.227 350.453 3615 219.123 394.612 3769 418.59 211.062 3862 101.989 624.678 3869 471.96 322.916 3873 475.292 289.789 3875 491.768 104.746 3876 186.406 679.146 3877 270.658 289.093 3878 168.817 604.545 3879 37.9923 639.943 3880 32.6684 568.061 3881 358.196 63.0896 3882 134.275 539.889 3883 239.258 740.05 3884 95.7758 729.43 3886 263.794 543.095 3887 196.391 277.629 3888 149.313 468.102 3889
109 0.02383188197384944 0.7754642527092862 -0.6303093132143578 -0.0282383400159682 3.08929091092187 -10.72633227554458 -0.02498414198252713 0 frame_00079_bottom_109.jpg
554.717 126.58 0 582.325 47.4937 337 546.418 57.5549 339 244.632 586.298 750 514.791 141.741 1354 315.908 127.097 1545 173.5 206.187 1630 260.569 629.09 1804 481.048 49.8653 1805 216.781 310.681 1913 198.644 409.33 2576 339.334 119.085 2615 580.209 249.478 2616 501.845 208.16 3140 585.87 167.886 3159 534.56 245.497 3195 529.47 195.445 3196 539.989 167.702 3214 576.647 211.884 3217 565.254 121.449 3229 545.243 221.118 3238 485.629 136.645 3241 606.431 154.629 3259 444.431 100.604 3299 233.841 429.92 3300 549.381 124.715 3301 524.808 47.1749 3302 417.927 244.387 3303 456.198 70.8571 3318 472.49 276.754 3321 498.062 92.3539 3322 461.037 117.781 3324 155.173 223.74 3329 654.021 259.645 3345 239.901 242.982 3349 199.272 235.766 3357 178.864 554.609 3363 287.913 245.013 3366 285.546 127.947 3367 283.866 287.751 3370 268.628 737.019 3374 137.772 217.61 3375 275.862 84.7202 3376 579.269 131.198 3377 204.641 683.426 3378 196.995 584.474 3379 233.659 653.437 3380 580.966 113.496 3381 276.918 177.571 3382 346.191 101.841 3387 434.101 83.6575 3389 646.441 70.9578 3395 316.813 335.941 3396 347.222 366.472 3397 182.392 452.113 3398 283.744 30.9757 3399 243.296 300.112 3400 168.917 589.138 3401 272.122 389.44 3402 137.002 643.309 3403 317.817 226.804 3404 427.582 60.9364 3405 142.003 542.337 3406 235.092 78.0413 3407 387.154 199.945 3423 424.628 146.089 3433 312.614 101.697 3437 386.576 219.063 3446 672.097 389.374 3489 196.452 493.071 3490 58.5065 564.381 3869 125.08 559.028 3879 20.731 663.345 3886 233.531 528.279 3887 217.554 288.937 3888 139.927 435.356 3889 457.287 183.168 3892 332.943 110.251 3893 211.707 710.157 3894 605.133 217.347 3895 429.78 89.1731 3896 76.244 186.503 3897 87.6364 262.514 3898 230.704 24.9976 3899 434.069 100.497 3900 233.979 124.221 3901 373.128 203.65 3902 197.453 696.261 3903 410.072 281.007 3904 199.432 714.285 3905 257.041 737.048 3906 245.543 712.767 3907
110 0.01282429751666023 0.8999435005192117 -0.4354619360204432 -0.01761066562511067 7.388761044121994 -7.413601860362716 -0.06536315918103147 0 frame_00080_bottom_110.jpg
634.409 267.748 0 630.519 126.379 115 596.994 243.57 207 130.959 193.138 227 656.655 201.806 339 420.974 160.063 1545 280.883 262.237 1629 249.183 193.222 1630 145.601 603.798 1804 603.076 164.912 1805 200.342 545.975 2494 207.157 576.984 2496 211.006 113.846 2497 182.439 390.677 2576 446.351 164.096 2615 602.477 395.556 2616 284.432 41.4042 2803 299.949 91.3977 2944 549.72 320.043 3140 642.201 321.613 3159 535.484 292.991 3168 585.985 284.962 3179 561.425 368.103 3195 578.785 323.747 3196 601.291 300.295 3214 613.023 356.888 3217 581.9 350.368 3238 567.472 246.322 3241 664.775 318.302 3259 547.812 265.659 3260 509.418 345.655 3262 592.706 322.363 3273 548.052 194.567 3299 633.592 345.045 3304 225.025 186.386 3316 571.764 172.973 3318 598.573 208.249 3322 638.85 98.1503 3323 554.876 217.96 3324 311.496 307.748 3326 650.542 469.336 3345 365.475 123.602 3347 170.733 175.048 3348 296.144 252.866 3349 679.255 463.472 3350 632.85 469.297 3351 387.567 120.163 3352 507.403 183.269 3353 261.597 232.658 3357 104.814 485.794 3363 342.76 271.913 3366 651.258 285.66 3377 65.5988 642.589 3378 109.843 621.211 3380 364.044 189.913 3382 377.385 248.077 3404 366.39 92.3364 3407 370.336 289.381 3408 384.233 197.25 3409 408.375 174.773 3410 453.089 261.787 3423 509.429 226.198 3433 443.522 276.881 3446 144.845 461.419 3490 214.067 205.655 3492 491.006 228.141 3526 469.573 249.315 3586 118.168 380.215 3889 522.104 277.354 3892 443.876 153.824 3893 59.8875 671.26 3894 637.023 372.168 3895 540.371 177.754 3896 177.387 94.4549 3897 144.929 208.837 3898 385.335 43.3322 3899 539.58 188.845 3900 347.921 120.366 3901 437.436 256.68 3902 53.4828 650.593 3903 437.598 349.804 3904 46.8244 669.82 3905 86.9927 723.783 3906 89.4943 686.739 3907 250.684 693.084 3908 386.406 77.3166 3909 153.395 545.354 3910 347.265 51.3372 3911 262.226 662.252 3912 131.914 572.862 3913 684.978 333.733 3914 302.562 153.581 3915 621.096 197.422 3916 368.919 302.479 3917 273.475 715.201 3918 360.582 253.623 3919 398.752 60.9461 3920 548.743 81.209 3921
111 -0.02726964564564594 0.9837696380500373 -0.1773295886056597 -0.002807611477231208 9.918043768575521 -1.820820589006771 0.1243199927402183 0 frame_00081_bottom_111.jpg
620.208 430.706 0 695.451 302.084 115 224.136 109.392 227 705.216 355.336 327 401.492 98.9843 1352 398.072 175.909 1353 323.886 254.301 1629 332.478 173.93 1630 374.33 32.7678 1753 652.865 319.673 1805 700.524 222.97 1914 220.482 337.324 1915 114.702 439.131 2494 661.254 169.265 2495 103.927 474.968 2496 330.909 76.4466 2497 162.362 319.534 2576 526.964 234.069 2615 515.432 40.7476 2839 471.733 77.2121 2931 439.129 82.8746 2944 527.626 428.085 3140 478.811 466.839 3175 551.135 444.316 3196 537.176 469.848 3238 582.824 371.184 3241 482.132 425.089 3262 594.065 317.068 3299 674.241 358.138 3302 687.099 311.531 3305 638.043 223.299 3306 158.1 674.389 3309 310.572 158.511 3316 586.735 340.222 3324 267.527 107.47 3348 320.053 218.599 3357 441.749 214.41 3382 422.897 272.902 3404 493.4 134.731 3407 455.692 228.4 3409 487.187 227.65 3410 480.643 323.091 3423 463.608 333.214 3446 410.668 178.403 3457 99.1593 348.992 3490 291.289 167.002 3492 203.471 316.642 3649 529.573 224.276 3893 597.323 299.31 3896 222.02 138.56 3898 466.747 139.282 3901 83.2553 607.65 3908 518.815 132.697 3909 75.6532 420.505 3910 504.147 74.24 3911 108.354 581.209 3912 38.4717 426.638 3913 625.076 510.945 3914 406.115 139.545 3915 649.82 357.621 3916 389.228 324.939 3917 91.2104 638.922 3918 402.195 272.108 3919 540.102 120.671 3920 648.407 240.915 3921 143.75 508.364 3923 571.95 478.652 3924 482.365 123.24 3925 478.018 151.509 3926 86.52 308.898 3927 485.215 292.443 3928 547.936 67.9545 3929 196.149 665.957 3930 485.816 201.972 3931 172.276 616.27 3932 135.173 593.592 3933 331.157 223.155 3934 214.083 296.978 3935 471.639 198.716 3936 288.497 128.775 3937 503.039 202.535 3938 142.398 579.077 3939 502.633 131.973 3940 141.909 603.965 3941 429.845 154.607 3942
112 -0.04743510029227548 0.9982398378172523 -0.03530443647346412 -0.004553484395347042 9.671412350278919 1.911545366654559 0.2924903313380148 0 frame_00082_bottom_112.jpg
502.676 493.923 379 715.545 541.8 411 455.83 162.766 1352 427.972 238.221 1353 549.307 495.679 1354 590.23 214.361 1462 449.205 76.5306 1753 69.4859 431.961 2496 559.082 47.492 2733 577.369 160.668 2777 617.164 33.9846 2786 527.511 97.7488 2803 676.255 50.8085 2821 604.739 34.8166 2822 578.708 50.8013 2823 598.219 104.988 2824 696.273 50.5117 2841 716.711 45.0731 2856 580.421 99.2967 2883 530.658 151.891 2931 602.071 86.5926 2969 442.005 172.12 2970 507.386 201.963 3032 351.774 202.35 3038 565.871 268.11 3039 487.055 500.635 3140 497.522 472.138 3168 505.41 520.65 3196 484.183 540.778 3238 551.553 467.527 3241 618.374 550.252 3261 54.1027 667.91 3309 334.227 276.111 3357 463.129 276.373 3382 472.969 296.035 3409 470.036 391.417 3423 443.956 234.031 3457 319.771 219.661 3492 554.134 232.659 3909 40.3152 550.537 3912 448.702 193.315 3915 96.4287 480.545 3923 511.746 557.156 3924 526.911 200.597 3925 515.202 227.45 3926 93.9018 265.741 3927 482.595 363.686 3928 598.03 168.389 3929 104.639 666.023 3930 507.815 277.143 3931 88.8388 595.359 3932 69.3974 556.722 3933 342.725 287.703 3934 209.441 335.561 3935 495.769 270.773 3936 329.294 178.383 3937 519.047 297.862 3938 79.99 541.872 3939 538.601 226.092 3940 70.8731 570.822 3941 467.217 214.755 3942 636.949 194.332 3944 680.277 113.711 3945 578.533 198.68 3946 306.991 282.536 3947 518.953 357.225 3948 664.563 125.434 3949 90.9276 120.622 3950 107.564 354.389 3951 164.566 160.347 3952 651.613 275.386 3953 372.423 200.849 3954 91.3897 299.447 3955 538.534 320.147 3956 647.289 251.363 3957 448.175 255.046 3958 82.0049 325.895 3959 458.019 106.853 3960 192.513 221.307 3961 392.425 107.695 3962 452.458 62.7021 3963 235.195 307.076 3964
113 -0.03427886415674879 0.9990150915719942 0.02779321481343696 0.004619901931581777 8.882339407800329 3.825836335737766 0.5599080947664649 0 frame_00083_bottom_113.jpg
649.612 627.411 411 708.187 709.566 615 719.423 685.569 621 494.417 564.474 1354 551.238 316.798 1462 22.8444 456.7 2496 485.805 618.69 2739 598.3 90.3461 2748 615.412 116.465 2761 611.862 78.4466 2765 604.458 139.795 2786 515.015 187.356 2803 566.824 152.366 2823 578.133 204.101 2824 561.257 223.507 2839 549.836 100.234 2840 674.352 165.624 2841 713.404 168.173 2844 638.42 109.885 2849 629.728 120.399 2855 617.528 218.733 2858 563.759 194.301 2883 557.918 173.378 2930 409.299 253.523 2932 584.928 186.875 2969 564.991 96.3775 3037 319.38 292.66 3038 524.272 364.133 3039 749.91 35.4506 3149 721.198 322.534 3178 696.693 181.778 3199 498.997 537.748 3241 436.138 344.759 3382 687.61 581.148 3412 419.82 302.692 3457 520.36 327.371 3909 483.98 316.817 3926 504.638 320.981 3940 447.796 284.335 3942 591.575 314.015 3944 640.998 234.718 3945 546.497 296.636 3946 265.534 357.517 3947 474.93 428.513 3948 632.083 242.127 3949 75.3324 186.042 3950 59.5492 404.995 3951 140.755 231.329 3952 595.213 390.982 3953 339.92 289.916 3954 52.5501 346.6 3955 502.591 401.018 3956 595.755 357.064 3957 426.377 320.524 3958 45.087 363.956 3959 447.929 189.149 3960 502.281 287.023 3968 672.566 600.399 3969 555.696 474.54 3970 660.802 553.247 3971 706.785 586.246 3972 335.791 202.964 3973 719.934 607.318 3974 613.405 201.757 3975 482.985 80.1028 3976 746.137 633.545 3977 733.416 34.8244 3978 705.816 568.317 3979 675.667 204.11 3980 350.319 210.495 3981 375.399 124.68 3982 306.626 402.097 3983
114 -0.004527788762515266 0.9987596624557726 0.04878551497046572 -0.008866189103537005 8.221831972034595 4.921247129208241 0.1697013055903047 0 frame_00084_bottom_114.jpg
487.94 677.729 0 631.225 715.899 411 683.961 94.5017 877 519.751 407.609 1462 718.988 87.0106 1847 376.015 225.348 1890 638.079 136.534 2038 674.781 100.51 2614 578.72 68.6078 2702 530.219 233.706 2733 460.922 700.533 2739 593.869 35.6114 2747 578.066 181.266 2748 599.841 58.8772 2749 598.28 46.3614 2758 592.413 172.113 2765 687.792 192.639 2769 583.44 227.918 2786 676.865 179.735 2799 496.073 271.264 2803 547.18 239.54 2823 541.682 307.011 2839 652.623 254.482 2841 664.808 126.878 2842 624.824 75.2921 2843 681.794 124.855 2848 617.801 201.45 2849 672.425 252.84 2856 700.333 165.41 2873 748.932 175.593 2877 379.903 287.46 2878 444.004 277.398 2879 591.536 167.02 2880 602.815 287.043 2881 614.148 97.4129 2882 543.726 279.457 2883 589.064 311.635 2925 694.231 116.682 2926 653.013 56.7435 2934 702.789 117.308 2972 494.672 448.289 3039 729.689 80.0945 3054 603.952 377.295 3108 724.479 135.335 3149 721.201 538.623 3154 675.33 270.384 3199 690.525 60.3566 3202 551.113 665.018 3234 196.563 583.523 3277 547.773 734.902 3278 481.19 680.581 3279 672.352 670.83 3412 117.32 283.211 3627 200.722 489.525 3628 666.104 49.207 3770 619.65 20.7457 3771 377.725 159.563 3785 461.944 311.924 3799 510.195 360.806 3800 490.674 416.441 3909 477.236 406.961 3940 424.411 369.753 3942 512.73 394.627 3946 470.26 382.312 3968 655.823 689.262 3969 512.385 570.112 3970 630.448 659.526 3971 692.314 676.583 3972 322.167 279.514 3973 708.136 699.437 3974 593.666 287.14 3975 468.113 168.37 3976 735.977 728.029 3977 709.214 133.089 3978 691.016 656.283 3979 656.659 300.219 3980 335.293 293.431 3981 365.703 200.582 3982 633.906 53.0143 3985 232.61 405.059 3986 66.0722 501.696 3987 219.598 434.024 3988 218.447 123.283 3989 711.197 556.609 3990 561.184 342.69 3991 200.517 120.76 3992 226.865 79.9605 3993 566.763 212.52 3994 735.188 614.503 3995 284.426 161.255 3996 460.089 195.771 3997
115 0.01244644674333289 0.9993582671478789 0.03306642390009579 -0.005895036650706292 8.06878872067402 5.64224630924492 0.09424857514558449 0 frame_00085_bottom_115.jpg
391.778 71.053 1 408.075 712.691 379 643.416 172.33 877 611.996 351.117 1704 588.104 336.702 1745 675.84 164.756 1847 356.538 290.2 1890 565.364 691.104 1914 601.155 214.088 2038 730.761 369.685 2579 634.809 178.576 2614 541.265 150.802 2702 500.264 310.161 2733 580.513 403.901 2734 552.941 119.944 2747 544.97 258.817 2748 561.238 140.702 2749 557.68 129.801 2758 558.186 249.334 2765 651.217 266.429 2769 507.757 409.972 2777 736.082 273.971 2782 640.952 254.409 2799 584.983 155.595 2843 643.142 201.413 2848 584.342 276.93 2849 662.379 238.948 2873 557.099 243.953 2880 677.423 246.852 2884 626.092 266.973 2921 558.6 393.117 2925 654.087 193.205 2926 611.012 137.443 2934 688.215 95.0316 2968 662.461 193.588 2972 717.051 285.463 3024 686.165 157.295 3054 324.607 119.04 3104 674.959 455.179 3106 573.826 466.99 3108 523.925 560.334 3137 391.752 716.795 3140 701.238 152.168 3141 355.13 111.771 3144 689.87 519.217 3145 620.886 470.43 3146 712.246 74.7516 3147 476.435 709.42 3148 683.814 209.679 3149 562.016 282.657 3150 697.951 618.083 3154 407.629 740.651 3196 583.426 646.273 3200 634.776 697.612 3201 646.316 140.093 3202 200.167 612.448 3203 281.321 720.158 3204 197.146 185.01 3205 554.813 95.609 3206 173.29 582.732 3207 651.927 370.056 3730 706.467 215.442 3731 557.133 295.195 3732 622.339 130.369 3770 579 108.013 3771 349.546 243.284 3785 143.239 99.0669 3801 113.147 475.055 3961 350.295 331.846 3962 404.275 308.42 3963 125.591 582.442 3964 668.215 209.083 3978 337.728 286.93 3982 592.501 135.089 3985 199.792 518.112 3986 55.7743 546.314 3987 187.011 550.644 3988 183.276 249.105 3989 688.912 638.218 3990 532.874 418.148 3991 175.112 216.053 3992 198.314 144.688 3993 535.581 288.411 3994 718.069 700.371 3995 246.229 277.707 3996 424.831 289.687 3997 377.156 60.1215 3998 584.366 76.9789 3999 603.634 53.4678 4000 536.455 473.325 4001 494.692 60.5582 4002 411.288 52.0546 4003 365.207 188.274 4004 510.578 501.885 4005 447.756 103.316 4006
116 0.0139144950363179 0.999284397763062 0.03511696501113229 0.001969259659278711 7.706665819237904 6.731734073002847 0.2783211133459016 0 frame_00086_bottom_116.jpg
353.354 181.269 1 706.565 622.957 10 693.965 577.255 52 739.181 581.048 88 322.345 703.696 231 643.021 497.448 413 610.492 246.002 877 585.117 324.969 1706 641.867 238.059 1847 570.493 287.134 2038 602.11 250.696 2614 549.92 469.664 2734 521.892 193.886 2747 515.276 331.132 2748 529.14 214.698 2749 527.069 203.895 2758 528.263 321.327 2765 619.408 338.182 2769 468.311 67.1909 2770 478.757 476.207 2777 523.596 374.564 2786 608.802 326.272 2799 594.104 276.32 2842 554.62 229.069 2843 611.047 274.647 2848 554.099 347.77 2849 629.9 311.674 2873 484.916 423.563 2883 529.654 456.097 2925 621.845 266.737 2926 664.606 467.592 2933 579.204 211.069 2934 647.782 183.935 2968 629.405 267.216 2972 682.628 503.147 2994 528.85 567.993 2996 674.862 484.039 3021 663.757 523.683 3022 682.866 355.792 3024 651.751 231.323 3054 650.559 605.077 3058 562.664 427.074 3063 592.748 448.151 3069 678.492 188.208 3077 589.564 231.131 3078 678.682 214.77 3079 287.695 226.628 3104 569.529 469.895 3105 628.44 541.71 3106 711.98 363.524 3107 539.76 547.068 3108 617.794 580.438 3109 667.333 226.609 3141 318.799 219.667 3144 532.711 354.081 3150 299.39 694.355 3151 501.922 680.093 3152 708.573 645.496 3153 660.981 693.247 3154 213.712 737.938 3155 733.706 530.54 3156 99.1505 462.904 3650 589.744 204.566 3770 546.691 180.122 3771 118.714 210.64 3801 165.219 617.7 3986 651.142 713.683 3990 340.093 171.801 3998 552.295 152.253 3999 570.722 129.311 4000 501.019 562.019 4001 466.549 135.697 4002 373.336 159.737 4003 332.705 280.926 4004 475.506 585.025 4005 406.401 207.598 4006 378.653 230.408 4008 260.2 528.921 4009 217.161 570.879 4010 361.583 242.248 4011 254.601 191.002 4012 526.486 122.656 4013 218.412 626.375 4014 195.328 545.379 4015 628.073 116.645 4016 578.264 86.6275 4017 625.999 116.642 4018 523.834 95.0625 4019 252.043 100.535 4020 553.622 94.0795 4021 579.884 46.5112 4022 223.259 99.0771 4023 358.461 101.79 4024 579.794 103.896 4025 485.032 648.785 4026 247.938 176.577 4027 642.09 113.24 4028 386.082 108.755 4029 354.7 254.884 4030
117 0.003527890592300091 0.9989746918397798 0.04512630847283402 -0.0008575168805332322 7.240631481447253 8.019049394063913 0.3680111273565265 0 frame_00087_bottom_117.jpg
327.279 277.103 1 683.704 691.377 10 711.754 753.988 49 716.88 649.468 88 644.01 632.607 238 593.992 553.91 468 597.386 313.795 877 560.704 493.613 1704 568.893 398.698 1706 537.934 479.035 1745 628.697 306.605 1847 555.421 355.051 2038 140.325 437.05 2578 588.671 319.6 2614 496.995 289.727 2702 531.389 536.908 2734 509.369 258.88 2747 497.952 398.719 2748 515.42 281.183 2749 514.852 268.973 2758 511.693 390.029 2765 601.336 414.976 2769 555.967 333.72 2795 579.905 344.589 2842 541.149 296.015 2843 596.67 343.052 2848 578.188 413.329 2921 607.768 334.929 2926 644.505 534.714 2933 566.726 277.664 2934 634.891 304.354 2946 586.999 588.392 2948 633.397 266.194 2968 487.698 482.991 2969 686.05 269.508 2971 615.277 335.424 2972 688.751 200.095 2973 710.462 141.708 2974 651.706 475.11 2975 750.813 112.016 2976 698.552 429.64 3010 694.339 452.363 3013 656.146 553.759 3021 643.506 592.29 3022 664.092 437.937 3024 584.733 457.393 3034 625.921 295.558 3035 557.56 575.828 3036 641.336 617.755 3074 652.582 571.559 3095 491.382 61.8046 3103 748.664 378.676 3110 658.698 357.382 3111 745.629 396.443 3112 725.298 404.781 3113 424.433 558.166 3114 684.862 713.47 3153 534.934 245.025 3771 179.431 582.124 3772 541.991 216.877 3999 454.543 197.097 4002 354.406 327.74 4008 235.724 609.648 4009 186.526 665.774 4010 337.287 342.19 4011 239.942 252.717 4012 516.347 184.545 4013 182.206 727.241 4014 166.02 638.611 4015 615.291 194.36 4016 570.018 150.142 4017 612.98 194.703 4018 513.508 157.485 4019 224.109 191.297 4020 543.76 156.236 4021 571.959 107.569 4022 203.535 174.725 4023 338.837 193.011 4024 563.4 182.793 4025 446.4 732.447 4026 227.686 256.989 4027 624.796 204.433 4028 365.152 196.392 4029 147.395 473.962 4033 722.402 613.435 4034 228.322 625.71 4035 120.076 251.518 4036 111.185 167.197 4037 394.485 148.206 4038 681.68 536.205 4039 663.752 255.118 4040 386.519 90.4819 4041 474.79 271.576 4042 386.334 183.69 4043 470.373 73.879 4044 295.999 150.635 4045 636.435 241.755 4046 423.251 98.589 4047 702.715 610.738 4048 230.265 109.564 4049 389.651 215.278 4050 703.019 259.144 4051 607.288 107.461 4052 552.621 445.61 4053 266.243 231.085 4054 319.957 72.5281 4055 425.166 96.4386 4056 384.927 218.6 4057 424.035 294.355 4058
118 -0.007638137219428443 0.9984112916081784 0.05524228161502084 0.008052451246230939 6.757117524263839 9.234264427560841 0.6512317243673345 0 frame_00088_bottom_118.jpg
291.405 371.828 1 588.682 627.355 413 715.864 67.1893 835 573.313 378.226 877 732.034 66.0391 1053 337.215 452.144 1626 531.6 556.112 1704 604.773 371.106 1847 695.086 467.133 1891 603.184 43.2604 1950 527.083 420.69 2038 556.855 114.12 2531 93.7849 532.526 2578 563.151 385.181 2614 472.94 352.386 2702 499.782 595.238 2734 486.509 321.746 2747 470.917 458.788 2748 493.513 343.716 2749 491.972 332.148 2758 573.754 476.521 2769 518.932 597.866 2776 716.683 459.452 2785 476.299 503.259 2786 701.777 489.069 2790 529.082 399.886 2795 563.229 464.168 2799 726.182 481.847 2809 516.475 359.437 2843 569.122 413.242 2848 585.573 452.058 2873 307.141 436.467 2896 264.221 385.852 2897 663.479 511.163 2917 548.958 474.796 2921 690.161 435.932 2923 581.082 406.529 2926 695.187 568.695 2927 615.754 595.548 2933 543.255 341.883 2934 660.739 76.2016 2938 552.502 647.318 2948 668.221 614.373 2962 597.53 600.048 2965 245.741 628.189 2967 687.045 154.018 2977 243.223 574.325 2978 491.702 459.111 2979 250.096 604.367 2980 607.851 652.689 3022 635.566 501.339 3024 627.425 431.938 3111 486.242 483.475 3150 167.056 247.527 3620 512.757 307.482 3771 140.15 663.398 3772 431.221 258.953 4002 497.836 242.615 4013 122.604 724.372 4015 550.854 212.689 4017 585.819 273.888 4018 524.596 215.741 4021 303.832 277.6 4024 333.72 284.164 4029 99.2578 581.534 4033 685.408 674.377 4034 188.135 706.044 4035 85.061 319.73 4036 68.0188 256.821 4037 371.485 206.139 4038 647.998 602.839 4039 629.577 341.586 4040 367.163 140.418 4041 451.834 333.316 4042 363.494 238.52 4043 454.137 125.422 4044 265.27 217.604 4045 607.315 326.9 4046 403.265 153.42 4047 662.494 672.14 4048 197.183 181.913 4049 359.476 300.912 4050 673.987 347.504 4051 584.345 175.005 4052 523.99 507.152 4053 224.156 317.347 4054 294.257 137.547 4055 405.966 149.845 4056 359.126 302.8 4057 263.117 594.163 4060 578.407 272.338 4061 201.37 107.028 4062 372.052 169.84 4063 163.236 539.354 4064 463.363 149.371 4065 412.406 58.572 4066 232.151 613.822 4067 703.262 209.096 4068 649.211 241.331 4069 628.982 507.284 4070 630.912 583.552 4071 322.368 231.229 4072 494.596 169.6 4073 633.213 595.036 4074 374.558 149.944 4075 311.327 576.274 4076 417.038 77.5271 4077 365.348 53.2833 4078 347.626 128.731 4079 224.807 597.756 4080 685.456 24.9616 4081
119 -0.02125593286531515 0.9954404613703 0.09288424180236295 -0.004357844617451949 5.57118802195035 10.80239371743945 0.7446096054774695 0 frame_00089_bottom_119.jpg
482.433 715.305 412 549.182 699.746 413 554.089 179.323 516 553.469 458.735 877 337.813 452.852 1626 497.011 625.167 1704 475.859 607.412 1745 672.078 552.123 1891 621.227 112.747 1950 617.669 162.731 2085 705.885 121.578 2122 729.869 152.636 2148 658.851 106.088 2217 741.056 571.204 2294 713.422 106.335 2504 750.486 89.2871 2560 654.02 88.9559 2564 542.677 462.652 2614 729.658 87.0584 2646 455.699 418.374 2702 462.557 660.658 2734 736.131 552.578 2752 547.018 550.872 2769 437.17 682.457 2778 695.776 545.813 2785 677.142 575.91 2790 507.766 470.175 2795 538.261 537.84 2799 531.536 484.957 2842 497.72 431.004 2843 547.701 487.072 2848 564.481 559.345 2864 707.846 567.006 2870 561.768 527.523 2873 663.535 396.484 2887 705.521 143.167 2888 305.538 443.542 2896 229.274 467.73 2897 263.039 684.699 2903 471.074 697.278 2909 343.602 698.741 2915 635.604 594.072 2917 522.665 547.257 2921 561.247 481.532 2926 654.736 668.173 2927 577.826 673.1 2933 525.997 418.138 2934 489.086 692.873 2935 714.043 164.607 2936 640.485 529.057 2937 674.003 150.976 2938 362.468 702.554 2943 511.15 715.481 2948 251.582 711.907 2952 624.166 707.719 2962 212.436 616.644 2978 533.574 649.149 2981 238.511 707.925 2982 208.24 717.846 2983 567.132 725.493 3022 607.645 580.42 3024 499.458 381.182 3771 425.209 319.18 4002 492.984 313.301 4013 519.091 286.893 4021 612.212 682.777 4039 356.065 295.342 4043 401.336 212.813 4047 290.113 195.528 4055 230.394 641.6 4060 562.347 364.482 4061 186.702 186.597 4062 371.764 224.629 4063 108.307 641.684 4064 460.736 220.95 4065 406.216 140.744 4066 200.496 654.51 4067 705.075 298.347 4068 635.528 352.043 4069 600.395 586.933 4070 595.78 665.165 4071 310.679 299.046 4072 492.897 239.784 4073 595.571 674.378 4074 372.975 208.448 4075 308.092 572.608 4076 412.878 157.123 4077 357.881 130.222 4078 342.894 192.695 4079 190.812 639.261 4080 671.729 85.9695 4082 429.788 61.3059 4083 168.04 230.569 4084 479.082 166.446 4085 637.765 391.695 4086 202.035 243.673 4087 595.731 303.089 4088 394.474 55.7406 4089 379.791 98.3222 4090 618.055 257.811 4091 671.506 42.3174 4092 499.294 39.0667 4093 654.931 153.226 4094 575.078 400.78 4095
120 -0.0309323954409689 0.996426964484964 0.07850978705808923 0.003564364691968007 5.591498004062336 11.69252953677477 1.043220112736726 0 frame_00090_bottom_120.jpg
524.035 237.524 516 386.734 80.288 673 722.883 221.057 947 717.843 200.622 1053 479.375 676.862 1704 585.189 169.303 1950 540.134 148.092 2064 586.732 220.453 2085 731.074 147.364 2089 674.14 175.394 2122 698.982 205.193 2148 628.43 161.155 2217 715.079 617.147 2294 681.581 159.846 2504 574.242 245.771 2516 622.036 144.008 2564 545.469 274.447 2581 641.364 182.7 2594 520.332 517.956 2614 724.536 65.8585 2717 526.212 604.455 2769 421.506 734.841 2778 671.877 594.823 2785 654.536 624.664 2790 599.574 650.871 2796 614.38 643.396 2808 676.197 619.655 2809 687.287 384.07 2830 475.404 488.544 2843 524.868 541.981 2848 610.722 665.927 2853 675.417 60.9423 2867 685.526 614.567 2870 539.633 581.028 2873 553.06 588.43 2884 203.423 224.977 2885 587.142 664.494 2886 623.769 483.784 2887 674.082 197.692 2888 669.322 297.229 2889 275.785 124.088 2890 233.763 256.637 2891 622.884 530.209 2892 536.977 535.557 2926 502.225 474.131 2934 585.402 630.124 3024 352.519 746.551 3681 474.158 439.413 3771 471.536 370.833 4013 493.291 348.054 4021 371.635 276.068 4047 533.387 440.623 4061 574.696 710.93 4071 317.445 218.526 4078 314.032 255.792 4079 640.384 140.671 4082 384.279 158.221 4083 138.062 310.296 4084 439.359 246.74 4085 608.87 459.806 4086 170.853 342.905 4087 561.848 383.936 4088 349.893 148.372 4089 337.49 191.112 4090 578.937 343.97 4091 638.549 95.9868 4092 463.136 128.801 4093 624.253 209.831 4094 543.352 482.836 4095 394.779 209.24 4097 477.623 609.007 4098 189.63 600.002 4099 664.368 509.992 4100 425.236 141.787 4101 622.736 551.493 4102 391.248 110.463 4103 80.9957 273.026 4104 175.044 553.207 4105 176.196 447.012 4106 193.949 525.565 4107 538.547 571.446 4108 177.567 702.423 4109 711.611 78.6601 4110 166.11 633.407 4111 678.43 406.385 4112 214.378 573.586 4113 730.643 627.266 4114 689.757 596.566 4115 675.558 55.1783 4116 659.1 111.43 4117
121 -0.04266511480974321 0.9905587261937201 0.1295681748290889 0.01360830669865734 3.898164122753741 13.17899800534822 1.554057516862833 0 frame_00091_bottom_121.jpg
500.15 310.836 516 363.581 180.477 673 673.282 292.403 835 693.088 316.918 947 690.895 293.397 1053 411.885 725.519 1704 279.85 649.138 1912 684.169 73.6046 1919 566.461 250.668 1950 563.046 300.686 2085 708.608 245.132 2089 650.585 266.292 2122 611.453 246.912 2217 213.697 638.535 2293 659.648 252.243 2504 432.195 340.476 2530 696.81 238.265 2560 620.819 281.633 2605 735.053 228.88 2632 732 214.969 2709 319.476 667.897 2733 691.833 117.529 2745 444.607 650.903 2764 464.083 660.647 2769 527.381 710.819 2796 675.781 102.825 2798 739.447 251.904 2806 543.722 704.684 2808 613.957 709.615 2825 237.173 640.116 2826 721.76 260.423 2827 635.766 481.62 2828 644.256 469.386 2829 626.032 497.712 2830 535.383 644.846 2831 640.779 230.391 2869 648.864 288.635 2888 147.902 276.937 2893 698.546 187.304 2894 387.586 286.564 3534 286.49 296.695 4078 539.506 431.868 4091 363.264 299.047 4097 416.63 661.706 4098 124.212 659.252 4099 591.709 605.357 4100 399.758 236.869 4101 553.655 639.277 4102 366.597 206.742 4103 50.0148 304.994 4104 111.917 616.673 4105 147.88 466.126 4106 134.386 589.21 4107 475.588 631.075 4108 115.944 724.266 4109 700.127 176.215 4110 98.5944 685.883 4111 601.193 539.536 4112 149.213 635.977 4113 657.337 698.762 4114 612.576 683.898 4115 370.005 190.917 4119 530.446 249.442 4120 739.934 139.78 4121 238.47 563.909 4122 512.958 98.1248 4123 103.151 534.725 4124 81.2961 387.384 4125 126.967 312.054 4126 633.819 580.783 4127 453.009 102.065 4128 194.242 551.861 4129 537.275 69.1087 4130 583.169 321.856 4131 719.37 125.58 4132 669.765 190.977 4133 731.306 165.565 4134 707.806 302.264 4135 424.167 237.232 4136 315.982 226.92 4137 226.344 517.371 4138 634.323 190.534 4139 528.391 48.9763 4140 582.831 217.947 4141
122 -0.0332349143168356 0.9925285537209926 0.1172382937135907 0.006139463005279126 3.78223516048462 14.02572468052408 1.294031499347556 0 frame_00092_bottom_122.jpg
471.152 381.518 516 644.747 354.954 835 662.353 357.165 1053 622.724 375.742 1486 646.772 139.392 1919 535.846 317.67 1950 687.044 150.969 1971 533.91 367.565 2085 679.333 307.701 2089 633.151 339.354 2093 613.628 545.099 2132 643.465 362.579 2148 580.067 312.557 2217 333.348 475.809 2221 269.35 66.2277 2292 181.982 732.746 2293 535.257 337.875 2315 511.323 277.763 2320 463.26 426.301 2489 570.992 358.959 2490 630.262 316.422 2504 666.368 300.794 2560 695.419 343.993 2600 592.361 346.883 2605 689.321 334.035 2617 705.892 289.537 2632 652.728 363.683 2727 284.161 139.441 2728 302.829 732.798 2733 351.256 698.653 2748 362.971 722.889 2761 162.85 688.273 2766 446.52 725.63 2769 638.012 314.193 2772 607.474 238.506 2832 400.937 698.305 2833 110.457 701.517 2834 621.042 350.557 2888 321.164 697.938 3037 371.733 701.429 3252 289.482 151.598 3327 364.717 348.413 3534 644.553 541.45 3535 512.142 508.392 4091 102.94 690.207 4107 325.334 294.484 4119 498.754 316.673 4120 700.738 211.185 4121 214.978 654.057 4122 479.692 167.622 4123 87.1208 609.966 4124 72.6736 446.53 4125 98.3656 400.73 4126 599.187 668.268 4127 418.007 179.311 4128 161.769 648.937 4129 498.478 144.214 4130 555.462 389.227 4131 684.301 188.277 4132 639.192 254.867 4133 690.678 239.945 4134 680.798 362.726 4135 399.836 290.176 4136 269.789 335.311 4137 199.78 603.162 4138 602.761 257.684 4139 495.97 112.632 4140 621.142 593.317 4144 160.938 718.602 4145 595.011 108.726 4146 122.158 305.601 4147 306.732 356.029 4148 595.026 128.292 4149 153.656 678.466 4150 143.651 700.096 4151 165.641 592.165 4152 679.024 87.0037 4153 347.811 261.546 4154 701.419 275.515 4155 193.791 100.165 4156 678.426 244.012 4157 119.601 251.53 4158 262.341 115.338 4159 235.813 641.607 4160 668.366 115.809 4161 324.162 162.394 4162 552.547 56.1872 4163 547.153 67.4606 4164 433.868 178.141 4165 466.235 171.703 4166 646.046 226.846 4167 277.228 167.808 4168
123 -0.03922180984382038 0.9784066716811506 0.2029259650578239 -0.001757028098573874 0.5866971302453047 15.42977845132145 1.438248194790889 0 frame_00093_bottom_123.jpg
397.22 707.922 298 709.351 649.861 728 727.781 726.289 733 604.746 463.345 835 717.518 611.786 872 723.57 716.35 879 701.819 731.047 896 737.083 702.151 1033 620.598 467.828 1053 726.584 650.812 1126 695.95 667.663 1132 581.869 567.45 1260 699.967 633.493 1261 551.987 550.256 1264 607.315 479.863 1365 583.153 477.228 1486 663.644 606.109 1549 672.147 612.765 1571 668.215 621.844 1739 698.877 691.077 1740 527.995 390.567 1796 644.866 243.536 1919 504.596 401.957 1950 323.658 720.042 2038 495.364 448.04 2085 644.514 426.283 2089 287.672 143.688 2092 596.326 445.322 2093 571.183 473.741 2112 531.389 651.167 2132 714.373 75.6272 2285 501.973 420.126 2315 520.878 287.427 2323 616.062 488.212 2453 595.853 422.598 2504 633.981 416.145 2560 655.644 463.649 2600 573.467 622.441 2697 728.813 548.068 2698 617.281 406.548 2724 637.695 477.27 2729 261.193 741.413 2748 276.94 622.781 2755 306.986 694.903 2757 60.561 722.966 2766 190.125 663.85 2771 604.27 422.277 2772 195.154 553.245 2773 185.582 588.236 2774 216.029 542.832 2814 311.515 750.453 2833 250.349 699.013 2835 245.153 575.592 2836 228.058 274.386 3327 561.443 650.3 3535 470.492 392.697 4120 478.713 244.735 4123 418.968 241.056 4128 670.344 298.686 4132 616.413 357.77 4133 114.122 636.756 4138 581.855 351.687 4139 514.989 720.351 4144 53.1092 751.251 4145 598.487 205.434 4146 84.5918 344.998 4147 256.305 418.207 4148 594.29 226.299 4149 53.7011 712.831 4150 38.5187 732.627 4151 100.807 607.411 4152 682.622 201.326 4153 314.114 339.446 4154 671.925 400.216 4155 192.785 154.336 4156 661.082 361.83 4157 96.8429 280.372 4158 227.681 217.829 4159 146.747 676.356 4160 666.789 225.881 4161 302.594 248.491 4162 556.922 160.17 4163 548.72 174.775 4164 435.746 236.338 4165 461.91 244.632 4166 683.798 326.985 4171 707.089 297.055 4172 247.581 96.8296 4173 331.726 703.639 4174 678.138 380.021 4175 678.066 452.971 4176 564.183 98.4978 4177 251.322 174.679 4178 471.503 228.686 4179 209.278 690.106 4180 531.993 104.339 4181 282.502 74.4968 4182 481.496 88.9716 4183 276.046 607.757 4184 362.16 338.928 4185 287.436 223.846 4186 742.827 602.906 4187
124 -0.03615340342476882 0.9303445369739475 0.3648121584789401 0.008003934624540441 -4.806321534816462 15.35631115733539 1.422062904297085 0 frame_00094_bottom_124.jpg
234.815 522.242 752 292.193 55.6248 753 538.399 564.333 835 595.193 734.291 872 551.793 574.64 1053 452.17 640.655 1124 460.811 628.144 1264 533.103 581.284 1365 512.648 571.009 1486 404.154 135.734 1707 433.603 183.565 1709 189.462 716.891 2038 342.277 177.83 2092 533.372 569.894 2148 356.292 267.243 2356 508.9 422.653 2411 540.778 591.361 2453 543.374 523.912 2504 581.287 531.199 2560 586.897 580.581 2600 183.424 638.017 2702 211.117 622.321 2747 122.793 717.296 2748 203.106 642.11 2749 138.143 718.701 2765 97.9169 552.643 2774 213.337 667.145 2843 121.586 743.87 3150 737.825 197.212 3885 619.095 463.464 3965 120.295 599.212 4058 492.212 321.233 4123 549.749 460.318 4139 653.925 479.902 4171 677.638 464.658 4172 312.67 125.415 4173 207.99 711.169 4174 623.237 526.696 4175 610.081 578.868 4176 621.136 211.855 4177 310.057 195.835 4178 491.527 305.268 4179 90.5207 650.987 4180 584.653 205.004 4181 369.345 86.8787 4182 543.778 172.417 4183 258.49 608.72 4189 277.265 618.481 4190 506.406 259.191 4191 290.918 635.397 4192 241.174 404.188 4193 469.574 181.234 4194 370.389 69.9089 4195 371.28 128.866 4196 423.883 103.831 4197 531.54 295.497 4198 714.773 114.78 4199 658.692 146.176 4200 666.643 512.605 4201 636.47 382.341 4202 360.462 141.83 4203 619.562 84.277 4204 484.303 62.9758 4205 544.405 537.803 4206 240.026 629.624 4207 668.917 547.909 4208 608.424 525.597 4209 592.794 561.687 4210 605.834 99.0644 4211 151.032 513.354 4212 671.511 365.648 4213 578.972 278.684 4214 229.625 113.445 4215 620.539 336.885 4216 738.124 257.837 4217 634.591 475.118 4218 655.197 659.172 4219 155.169 490.133 4220 598.148 461.168 4221 170.847 457.229 4222 536.982 494.863 4223 226.849 606.519 4224
125 -0.01076446641678977 0.9109278461178585 0.411360339380601 0.02961851810131544 -6.591030173955006 15.50139450407278 0.5444800102624615 0 frame_00095_bottom_125.jpg
168.874 572.281 752 272.582 111.201 753 479.005 633.341 835 491.678 644.013 1053 385.546 706.536 1124 383.189 200.423 1707 323.916 307.539 1708 411.454 247.766 1709 623.935 179.14 1889 529.48 614.857 2089 478.411 614.024 2093 488.041 593.918 2504 523.789 653.165 2600 685.878 86.0105 2670 101.455 689.139 2702 133.619 674.081 2747 121.767 694.282 2749 130.732 684.373 2758 111.598 662.207 2775 130.707 723.056 2843 651.534 141.394 3775 172.692 713.191 3840 443.391 101.031 3841 565.036 541.509 3965 236.646 618.178 4021 486.529 581.983 4081 582.164 161.534 4096 618.023 553.712 4172 547.122 652.714 4176 457.127 371.566 4179 554.397 288.469 4181 187.674 662.685 4189 208.428 677.098 4190 474.227 326.497 4191 213.45 706.563 4192 185.405 470.876 4193 448.221 252.676 4194 359.789 129.099 4195 339.184 184.368 4196 410.46 171.404 4197 499.29 368.493 4198 678.773 214.383 4199 624.456 240.203 4200 602.005 604.068 4201 590.498 464.399 4202 326.886 232.735 4203 594.463 183.366 4204 465.569 142.231 4205 487.3 607.739 4206 164.111 683.976 4207 601.903 637.14 4208 549.955 599.303 4209 532.234 634.308 4210 584.804 195.828 4211 83.7722 551.939 4212 619.288 460.254 4213 544.148 359.919 4214 213.413 155.669 4215 579.425 551.244 4218 708.738 250.172 4227 412.868 664.225 4228 694.954 663.01 4229 640.463 554.518 4230 112.357 600.88 4231 225.893 667.507 4232 470.804 41.5001 4233 617.871 652.982 4234 629.032 654.087 4235 579.774 571.667 4236 70.3673 210.263 4237 639.879 614.227 4238 586.605 558.484 4239 708.945 136.47 4240 485.627 236.737 4241 640.148 204.415 4242 363.411 87.5224 4243 698.78 217.328 4244 670.255 180.427 4245 170.85 558.432 4246 478.676 83.9681 4247 176.489 257.491 4248 510.032 200.898 4249 652.582 135.343 4250 363.661 727.761 4251 278.127 204.786 4252 721.546 232.655 4253 379.989 731.303 4254 231.517 687.925 4255 203.919 543.479 4256 705.805 188.466 4257 363.039 221.04 4258 137.212 586.467 4259 65.9799 641.154 4260 210.907 221.205 4261 588.21 167.288 4262 733.276 622.479 4263 367.749 111.949 4264
126 -0.007465472682508318 0.9090870227269507 0.4146727808014257 0.039389550511372 -7.167699908609702 16.17540119217935 0.4346072488049879 0 frame_00096_bottom_126.jpg
438.826 678.348 835 451.772 688.267 1053 356.345 742.018 1264 143.251 579.106 1757 690.708 121.942 1888 488.869 658.738 2089 438.614 659.206 2093 625.026 628.922 2196 293.465 699.174 2336 248.174 671.173 2338 302.703 690.323 2340 446.309 748.723 2433 537.227 548.401 2491 317.417 704.59 2571 482.418 696.78 2600 56.2075 742.458 2702 89.9262 725.54 2747 400.931 154.072 3841 526.336 587.553 3965 170.127 649.26 4019 194.346 667.982 4021 507.233 695.893 4176 721.739 613.111 4188 144.365 713.794 4189 408.805 303.277 4194 370.394 220.767 4197 636.637 267.305 4199 447.348 652.397 4206 491.797 678.838 4210 668.106 298.531 4227 373.134 709.767 4228 644.941 712.108 4229 592.069 602.183 4230 52.2653 666.335 4231 184.399 720.757 4232 426.986 95.1047 4233 567.39 704.205 4234 589.485 698.227 4235 540.011 619.125 4236 28.3565 255.396 4237 591.317 667.369 4238 544.829 603.375 4239 670.75 188.854 4240 447.685 286.221 4241 593.821 254.397 4242 324.24 137.309 4243 663.165 265.1 4244 630.569 227.626 4245 110.954 627.682 4246 443.588 135.405 4247 117.242 326.035 4248 463.227 259.867 4249 689.894 367.796 4270 302.331 124.845 4271 550.625 135.943 4272 569.934 421.329 4273 584.931 291.704 4274 725.127 270.101 4275 352.986 180.454 4276 687.856 200.612 4277 97.9664 205.652 4278 604.813 409.191 4279 672.921 70.7571 4280 135.307 218.577 4281 609.847 618.383 4282 373.981 300.688 4283 667.881 158.208 4284 525.763 612.768 4285 514.777 340.28 4286 514.044 292.692 4287 472.578 309.261 4288 330.643 153.282 4289 744.271 662.067 4290 528.447 601.1 4291 346.063 143.324 4292 38.4079 584.232 4293 552.517 131.503 4294 320.468 170.167 4295 348.12 176.671 4296 243.949 514.475 4297 197.601 719.727 4298 703.007 206.528 4299 345.742 175.89 4300 510.448 56.9137 4301 130.249 568.778 4302 107.054 566.05 4303 325.777 724.286 4304 220.386 681.524 4305 258.641 358.397 4306 526.62 736.811 4307 199.867 707.165 4308 603.993 711.648 4309 678.727 664.189 4310 293.485 713.311 4311 500.935 625.582 4312 556.632 737.066 4313
127 -0.00660613209434063 0.9479624626054837 0.3162822076188144 0.03590395038805998 -4.217193455809962 18.23351601701922 0.5356825821947611 0 frame_00097_bottom_127.jpg
463.484 718.488 835 440.355 728.168 1486 127.774 715.964 1757 590.475 121.833 1888 509.424 688.344 2089 459.782 725.476 2148 637.627 628.361 2196 219.417 546.443 2356 464.211 677.119 2504 488.795 663.042 2646 309.102 221.622 3841 157.094 244.826 3922 534.336 614.342 3965 298.661 284.658 4197 574.083 269.846 4199 516.24 706.306 4210 611.76 293.751 4227 617.469 709.578 4235 517.802 269.552 4242 557.616 240.15 4245 391.496 315.399 4249 619.694 277.958 4253 626.17 399.363 4270 210.963 201.999 4271 450.418 169.429 4272 522.159 457.898 4273 525.89 307.929 4274 659.604 255.751 4275 271.897 256.383 4276 610.956 196.36 4277 48.5382 313.837 4278 564.822 434.923 4279 561.444 79.1751 4280 96.9308 309.62 4281 609.345 636.726 4282 317.249 361.308 4283 573.403 169.906 4284 535.607 635.355 4285 468.858 368.837 4286 455.705 320.585 4287 424.034 340.658 4288 243.418 223.043 4289 545.141 614.771 4315 518.97 632.49 4316 267.117 499.848 4317 717.02 355.965 4318 209.45 617.519 4319 326.252 258.563 4320 531.135 368.132 4321 81.242 436.332 4322 584.405 363.498 4323 501.29 677.671 4324 541.015 329.787 4325 591.995 285.956 4326 103.801 403.076 4327 558.642 578.351 4328 256.896 511.524 4329 240.271 125.566 4330 406.265 746.279 4331 525.492 168.005 4332 625.985 217.225 4333 630.162 238.536 4334 63.8058 431.368 4335
128 -0.003943110169495258 0.9828334130836142 0.1838224698759401 0.01523921183376472 0.2592450221398155 19.48100967499415 0.375525263817003 0 frame_00098_bottom_128.jpg
604.227 593.672 1806 417.708 743.346 2085 520.131 729.587 2093 527.75 755.607 2148 683.77 611.721 2196 517.959 706.234 2504 445.034 186.591 2670 515.666 277.325 2737 666.96 690.57 3786 236.921 309.183 3841 453.281 293.894 4242 430.35 255.469 4250 564.887 263.699 4253 601.753 229.407 4275 583.473 622.594 4315 561.722 647.589 4316 239.065 605.982 4317 642.65 362.903 4318 233.214 731.101 4319 258.346 352.797 4320 500.051 379.512 4321 64.8028 602.569 4322 545.067 369.625 4323 554.839 698.582 4324 503.858 328.874 4325 537.811 284.78 4326 107.44 536.453 4327 585.674 584.641 4328 231.771 638.82 4329 84.7371 549.242 4338 562.401 282.644 4339 622.231 165.781 4340 187.234 493.682 4341 139.115 556.381 4342 481.178 211.502 4343 687.589 677.397 4344 233.977 470.2 4345 715.422 647.923 4346 710.945 295.607 4347 531.889 608.916 4348 564.932 183.741 4349 95.543 609.046 4350 157.413 480.13 4351 211.43 696.651 4352 567.879 707.55 4353 403.33 705.201 4354 686.935 701.992 4355 247.267 75.9797 4356 742.051 628.266 4357 599.996 211.104 4358 745.753 652.026 4359 713.04 402.321 4360 706.701 699.618 4361 184.284 92.7366 4362
129 -0.04218208252819015 0.9895323101587895 0.1376783964081179 0.009546634374660468 1.363369995011502 20.21173504656226 1.843917812143671 0 frame_00099_bottom_129.jpg
578.809 596.322 1806 140.844 480.395 1957 589.77 107.03 2090 507.952 728.022 2093 79.3884 369.375 2178 660.499 606.641 2196 577.306 188.816 2223 532.801 586.029 2491 505.061 707 2504 469.013 290.614 2737 555.259 228.727 3258 633.903 689.259 3786 645.066 388.647 3943 522.384 628.778 4167 554.879 635.308 4291 541.792 649.712 4316 209.846 417.9 4320 463.985 333.899 4325 71.7595 601.95 4338 515.771 293.725 4339 570.776 162.615 4340 169.609 539.083 4341 101.928 641.416 4342 421.651 227.356 4343 657.03 674.383 4344 208.156 515.61 4345 693.037 636.731 4346 620.174 359.039 4347 509.242 616.429 4348 506.755 199.477 4349 75.2675 659.679 4350 548.956 500.234 4363 670.487 295.071 4364 275.601 575.939 4365 714.62 221.11 4366 538.917 210.628 4367 497.659 238.257 4368 591.155 246.225 4369 548.287 198.904 4370 711.047 662.304 4371 641.94 571.818 4372 491.01 301.878 4373 655.467 109.356 4374 485.262 685.704 4375 602.492 433.826 4376 552.978 210.622 4377 507.682 590.47 4378 262.146 556.207 4379 220.928 524.124 4380 649.843 648.119 4381 149.119 465.891 4382 599.008 640.606 4383 735.027 728.83 4384 151.606 408.006 4385 560.997 624.069 4386 699.3 613.404 4387 741.962 435.273 4388 740.855 510 4389 636.844 657.485 4390 30.578 564.399 4391 111.287 609.761 4392
130 -0.03461901210880508 0.993845534893439 0.1051541462986849 0.003896445711106185 2.285659520924234 20.85430721403576 1.59581456883267 0 frame_00100_bottom_130.jpg
129.218 547.319 1957 638.362 646.202 2163 536.773 238.091 2223 706.424 674.232 2467 437.531 340.765 2737 517.739 278.102 3258 620.327 424.154 3943 515.956 669.438 4167 637.533 152.123 4266 486.772 341.836 4339 172.091 600.501 4341 194.393 584.026 4345 535.073 541.62 4363 640.314 333.124 4364 268.811 637.074 4365 679.5 256.368 4366 499.187 263.342 4367 463.323 290.782 4368 555.63 301.356 4369 509.874 248.52 4370 708.741 693.822 4371 632.31 608.238 4372 462.165 347.369 4373 594.32 174.283 4374 484.865 734.914 4375 583.024 471.945 4376 515.431 259.748 4377 499.41 635.869 4378 250.822 619.589 4379 208.106 592.079 4380 697.513 611.09 4394 360.262 100.591 4395 714.041 640.272 4396 659.504 250.46 4397 743.014 478.997 4398 542.433 531.24 4399 478.487 83.2612 4400 376.536 106.394 4401 648.031 271.405 4402 544.562 473.47 4403 521.413 221.786 4404 701.302 266.76 4405 563.814 665.239 4406 691.941 302.956 4407 453.538 172.742 4408 318.956 166.813 4409 484.342 667.798 4410 595.137 176.769 4411 323.625 55.9992 4412 289.365 129.887 4413 721.221 659.726 4414 330.426 223.083 4415 307.273 745.824 4416 607.189 557.006 4417 633.032 170.129 4418 497.788 92.0525 4419 595.1 686.927 4420
131 -0.01836652287949233 0.9930590758509137 0.1158259952687924 0.008982289654657321 1.566941825228057 21.59872901508846 0.9328088170981952 0 frame_00101_bottom_131.jpg
264.379 711.008 381 402.942 199.624 761 547.026 699.716 1806 279.612 274.045 1851 613.055 710.491 2163 517.242 298.689 2223 697.091 526.918 2412 677.506 478.714 2487 498.262 692.148 2491 644.612 415.546 3118 594.742 464.072 3160 496.746 334.86 3258 490.595 737.968 4167 711.499 627.44 4188 527.087 738.937 4336 653.337 317.979 4366 488.179 307.579 4370 558.572 532.063 4376 493.471 320.611 4377 623.646 752.043 4381 674.59 675.92 4394 339.993 162.752 4395 692.027 707.491 4396 632.18 311.68 4397 718.514 542.598 4398 517.264 591.871 4399 453.482 158.362 4400 356.179 173.64 4401 625.286 327.551 4402 524.033 519.96 4403 504.701 278.116 4404 676.722 330.673 4405 538.403 732.261 4406 667.629 366.511 4407 436.949 241.328 4408 294.172 234.895 4409 456.843 731.473 4410 573.221 243.484 4411 305.858 121.496 4412 268.069 193.24 4413 694.962 725.785 4414 305.062 284.084 4415 577.865 628.443 4417 675.066 714.037 4424 555.276 306.931 4425 280.865 115.586 4426 620.509 446.624 4427 733.92 599.462 4428 504.469 637.303 4429 473.046 698.192 4430 380.149 324.267 4431 647.664 306.91 4432 260.681 290.076 4433 552.619 584.475 4434 587.44 175.023 4435 581.132 590.319 4436 200.58 655.052 4437 259.548 745.821 4438 236.339 696.201 4439 720.56 652.3 4440 556.53 719.427 4441 253.321 736.292 4442 168.1 720.843 4443
132 -0.01987681473712129 0.9951416416775285 0.09486371689426895 0.01728873772904224 2.09771822492286 22.2340027800752 1.187963113151767 0 frame_00102_bottom_132.jpg
282.173 650.689 760 368.713 255.401 761 243.194 327.003 1851 719.409 659.632 2054 605.521 729.382 2196 484.166 338.089 2223 622.839 638.105 2224 664.014 552.644 2412 648.734 681.254 2454 644.349 505.634 2487 687.044 454.161 2984 563.928 496.115 3160 680.868 649.682 4188 732.715 674.938 4290 447.434 359.906 4370 646.751 699.473 4394 666.957 727.183 4396 596.427 344.19 4397 274.752 335.314 4415 426.702 223.5 4419 648.908 735.577 4424 514.08 348.787 4425 234.959 172.497 4426 589.15 476.825 4427 702.229 619.594 4428 486.23 665.955 4429 454.332 730.553 4430 345.367 369.641 4431 606.191 342.367 4432 227.947 342.526 4433 249.457 582.62 4446 267.201 316.205 4447 215.59 315.588 4448 596.323 323.043 4449 240.226 362.102 4450 592.888 434.099 4451 628.751 411.274 4452 604.151 420.976 4453 616.76 584.208 4454 709.156 703.252 4455 709.618 545.599 4456 205.182 321.544 4457 647.67 408.233 4458 263.1 174.67 4459
133 -0.007893642418026535 0.9987707754798503 0.03210092366737408 0.03693452526371861 4.648100492154874 22.3213531353209 0.9778938657725864 0 frame_00103_bottom_133.jpg
741.99 629.397 1594 537.86 746.296 1806 204.952 391.597 1851 714.625 648.295 2054 576.695 443.683 2104 621.866 642.712 2224 645.497 679.379 2454 623.092 509.457 2487 492.085 749.048 2491 185.631 673.247 4393 671.916 722.917 4396 373.342 272.688 4419 476.123 369.319 4425 565.125 489.705 4427 243.896 649.123 4446 227.378 375.761 4447 174.431 386.568 4448 550.351 354.227 4449 205.374 433.229 4450 564.943 446.053 4451 595.984 418.269 4452 574.002 432.405 4453 608.145 591.311 4454 230.761 428.521 4461 215.102 407.099 4462 201.095 435.897 4463 148.409 632.761 4464 385.485 270.592 4465 558.915 736.433 4466 168.177 565.736 4467 714.857 651.028 4468 339.289 289.643 4469 675.777 502.614 4470
134 0.005299673953436897 0.9668435989953926 -0.2530842081934044 0.03367123550957183 15.41743785862463 16.2545709858389 0.8432017612877341 0 frame_00104_bottom_134.jpg
693.163 749.528 1579 669.47 612.488 1806 196.929 503.922 1851 678.421 728.465 1852 651.42 622.498 2019 520.911 473.818 2032 717.507 576.475 2163 724.908 561.248 2196 632.631 642.683 2491 604.632 296.538 2984 554.314 338.741 3118 579.5 596.555 3161 617.934 196.589 3891 658.019 680.507 4167 330.475 739.173 4393 268.154 309.607 4419 167.364 513.399 4448 226.486 523.687 4461 213.655 510.222 4462 217.639 536.348 4463 271.83 725.139 4464 278.459 297.015 4465 679.415 592.815 4466 262.659 662.637 4467 568.641 460.545 4472 723.443 561.222 4473 692.49 241.914 4474 698.668 652.766 4475 669.259 638.311 4476 706.298 288.914 4477 689.861 251.646 4478 315.929 317.371 4479 648.23 660.551 4480 735.797 206.031 4481 597.999 618.726 4482 584.721 561.679 4483 553.288 478.741 4484 597.174 591.568 4485 511.271 715.674 4486 720.553 428.844 4487 672.891 481.792 4488 513.228 311.311 4489 463.472 295.84 4490 640.724 540.958 4491 574.074 676.293 4492 523.479 436.457 4493 634.85 729.244 4494 553.304 283.109 4495 479.044 305.342 4496 562.672 642.75 4497
135 -0.04098583354106926 0.786152586112726 -0.6143541271219972 0.05341609575198993 21.96078221868335 0.4457028486572123 3.135776701057316 0 frame_00105_bottom_135.jpg
726.909 204.81 1234 425.859 280.828 1461 605.765 119.778 1594 670.146 345.864 1806 744.228 433.351 1852 505.404 341.702 1943 664.514 364.318 2019 463.965 366.767 2086 397.405 243.61 2104 423.478 301.519 2124 723.057 289.645 2129 677.369 285.721 2163 675.558 268.587 2196 592.682 244.459 2224 513.334 197.526 2412 659.27 242.508 2458 469.708 213.5 2487 419.456 172.008 2984 513.626 301.337 3041 597.479 407.737 3161 704.851 211.823 3774 352.04 91.0913 3891 438.565 268.738 4225 631.95 138.478 4290 675.896 210.901 4396 164.137 437.638 4419 542.25 246.355 4454 656.458 167.136 4455 511.225 153.365 4456 256.426 664.124 4457 373.971 199.475 4458 104.795 604.369 4459 664.896 323.536 4466 621.228 151.356 4468 173.182 479.224 4469 472.626 158.024 4470 503.913 314.959 4472 675.588 268.78 4473 422.387 86.5056 4474 713.122 350.866 4475 684.079 366.009 4476 471.08 110.95 4477 431.394 94.2941 4478 207.042 406.381 4479 680.882 407.178 4480 420.227 31.3587 4481 581.638 374.659 4483 645.515 492.635 4499 492.376 370.326 4500 348.656 317.447 4501 732.895 277.253 4502 712.617 530.645 4503 616.846 460.103 4504 368.063 326.447 4505 243.439 360.332 4506 354.641 292.962 4507 595.493 480.331 4508 306.06 314.13 4509 563.314 456.19 4510
136 -0.02333939925644933 -0.5552081497492702 0.8294019773884743 -0.05737196875154817 17.12244638120327 -12.85566996635792 2.022981170649207 0 frame_00106_bottom_136.jpg
529.279 32.0264 1234 326.925 284.313 1461 380.399 45.4494 1594 571.611 183.444 1806 354.039 46.9683 1877 566.047 256.161 1919 426.772 283.374 1943 577.922 201.614 2019 523.585 209.131 2051 284.364 272.855 2104 591.01 248.692 2123 335.582 303.072 2124 582.595 105.658 2129 379.829 305.189 2153 467.209 295.373 2168 714.183 226.828 2169 528.229 119.813 2196 579.57 165.994 2210 731.666 208.755 2217 442.216 151.188 2224 459.839 97.8127 2286 444.492 160.142 2390 633.762 222.982 2404 661.21 230.852 2410 350.07 164.565 2412 158.166 369.995 2413 132.073 379.339 2414 496.895 109.04 2458 459.068 78.0823 2459 529.016 60.1509 2467 323.297 204.214 2487 706.027 169.217 2504 741.614 189.839 2594 256.944 203.936 2984 410.708 251.895 3041 516.837 54.0112 3774 633.403 205.173 4221 701.91 195.94 4223 329.328 267.529 4225 452.037 385.093 4226 402.857 185.538 4454 322.558 129.286 4456 238.67 250.648 4458 188.068 545.789 4465 552.782 170.027 4466 410.856 62.2613 4468 290.676 158.674 4470 594.044 188.962 4476 211.355 516.394 4479 510.947 262.475 4483 636.137 308.342 4499 433.517 315.813 4500 285.179 360.914 4501 582.514 86.8494 4502 717.033 293.112 4503 590.021 301.79 4504 307.295 357.132 4505 226.545 462.498 4506 278.176 337.975 4507 584.132 334.026 4508 256.718 382.138 4509 553.045 335.063 4510 696.268 163.575 4511 328.687 62.977 4512 258.642 649.634 4513 286.801 454.936 4514 541.805 567.508 4515 488.878 278.842 4516 530.434 263.932 4517
137 -0.01351547863799971 -0.3101361790928905 0.9487708199750313 -0.05887965199247604 7.170331614472556 -19.36087242810224 2.626459499551948 0 frame_00107_bottom_137.jpg
624.765 248.611 381 211.349 355.803 1461 497.024 39.4031 1486 123.315 119.556 1786 372.243 157.387 1806 114.764 143.899 1877 298.087 312.265 1943 556.313 113.865 1950 344.456 200.67 2051 171.992 132.773 2054 243.358 133.526 2055 573.166 75.3917 2085 480.631 63.7509 2093 341.899 86.5013 2129 319.759 127.543 2163 303.664 123.589 2196 518.182 103.4 2217 245.208 188.029 2224 83.2677 123.101 2324 594.059 53.8502 2347 130.174 93.8227 2348 444.759 159.343 2404 95.1166 278.733 2438 245.873 145.697 2454 253.488 67.0531 2455 222.891 121.07 2459 271.533 76.3703 2467 168.29 294.614 2487 412.215 180.162 2491 166.029 101.149 2492 477.137 83.1021 2504 267.819 292.482 3041 170.524 361.44 3118 641.547 260.518 3773 207.902 349.518 4225 133.644 573.859 4266 166.613 114.506 4290 406.995 130.622 4336 327.282 90.0229 4381 159.605 226.289 4398 313.736 208.304 4417 129.784 556.161 4418 226.899 686.113 4419 373.83 106.6 4420 321.695 250.917 4434 143.118 629.445 4435 299.512 236.749 4436 650.443 273.592 4439 229.035 239.407 4454 676.153 220.282 4460 173.068 129.103 4468 358.933 249.534 4483 379.688 229.962 4485 462 81.6832 4511 99.7369 169.131 4512 317.177 724.963 4513 269.631 531.114 4514 537.99 489.889 4515 563.331 132.763 4518 270.249 669.913 4519 534.132 310.817 4520 712.54 298.502 4521 243.37 467.253 4522 520.837 50.9013 4523 467.352 306.771 4524 273.43 611.177 4525 454.174 80.5512 4526 524.834 167.01 4527 551.157 319.346 4528 578.686 109.73 4529 562.341 249.316 4530 518.104 118.671 4531 567.77 115.98 4532 525.44 338.391 4533 330.557 339.965 4534 702.292 228.24 4535 624.951 168.992 4536 493.733 294.432 4537
138 -0.01043254830022839 -0.1338817206459935 0.990227874255171 -0.03762451143758475 -0.7943187739492809 -19.9362975602509 1.717071757457068 0 frame_00108_bottom_138.jpg
516.769 201.519 381 300.186 52.1827 835 30.0668 217.763 1766 241.194 201.157 1806 404.983 92.9854 1950 482.118 170.928 1956 680.924 308.479 1957 229.969 254.977 2051 406.868 47.2574 2085 310.031 68.2707 2093 182.649 141.86 2129 176.066 188.74 2163 741.917 427.791 2178 159.277 190.99 2196 363.533 94.5453 2217 128.853 278.927 2224 188.033 72.9073 2457 287.734 211.511 2491 314.283 89.1462 2504 122.087 483.037 3118 537.036 209.307 3773 199.394 109.236 3786 267.082 161.273 4291 684.519 407.598 4292 163.455 120 4344 612.021 278.111 4345 631.681 68.3236 4352 333.923 108.548 4375 169.956 150.126 4381 670.292 322.788 4382 222.684 155.299 4383 102.882 77.5034 4384 676.385 383.169 4385 507.202 120.402 4416 149.561 454.679 4427 49.696 291.804 4428 578.24 256.347 4437 520.339 170.636 4438 548.019 216.865 4439 66.3798 240.88 4440 232.436 182.189 4441 528.515 176.72 4442 608.807 218.012 4443 168.882 44.5192 4444 131.77 334.569 4454 557.428 156.295 4460 294.03 253.186 4482 262.539 300.11 4483 227.272 381.284 4484 275.423 272.354 4485 433.143 240.028 4486 131.748 532.912 4489 215.574 433.983 4493 153.57 568.213 4496 279.459 602.22 4514 416.307 108.535 4518 324.072 729.37 4519 451.674 297.472 4520 629.381 212.028 4521 235.302 536.832 4522 343.22 38.1126 4523 388.624 304.652 4524 300.47 686.986 4525 286.286 99.7479 4526 391.441 151.913 4527 470.66 295.317 4528 423.871 80.7159 4529 461.629 226.806 4530 368.058 110.033 4531 416.638 89.324 4532 454.432 324.18 4533 264.417 396.222 4534 582.928 156.163 4535 477.372 141.135 4536 401.964 301.735 4537 389.147 160.944 4539 300.931 260.613 4540 68.6396 485.165 4541 24.3651 574.216 4542 197.094 455.925 4543 205.782 483.956 4544 429.103 155.478 4545 363.558 74.6138 4546 266.275 571.897 4547 263.776 135.667 4548 577.129 128.956 4549 278.776 596.03 4550 559.521 284.031 4551 593.712 310.11 4552 35.7482 427.019 4553 586.709 41.2674 4554 565.779 319.17 4555 188.4 483.844 4556 294.833 558.617 4557 194.003 663.462 4558 623.582 104.543 4559
139 -0.01106250397147176 -0.06822896137848902 0.9971637346644011 -0.02978113673514962 -3.753714883292119 -18.84212788497098 1.392128803429478 0 frame_00109_bottom_139.jpg
469.436 232.557 381 232.235 108.269 835 215.338 109.038 1053 259.95 151.211 1579 213.28 89.4349 1580 430.34 199.075 1956 337.651 89.9073 2085 258.86 751.484 2090 244.537 122.504 2093 676.334 191.619 2094 720.158 429.382 2178 112.237 269.009 2196 179.985 60.9519 2433 122.289 146.41 2457 241.12 271.213 2491 251.123 143.531 2504 309.673 17.6737 2571 142.411 68.6966 2740 114.414 563.565 3118 505.412 182.098 3356 490.961 235.849 3773 133.359 189.275 3786 574.379 299.553 4345 646.783 271.059 4351 560.781 96.9904 4352 211.787 152.34 4353 360.059 120.5 4354 272.263 161.138 4375 207.414 235.613 4386 73.3433 267.48 4387 57.2987 465.237 4388 48.1707 377.792 4389 126.55 216.599 4390 744.794 226.202 4391 677.775 210.233 4392 497.634 245.413 4439 476.918 209.965 4442 89.2381 139.366 4444 176.534 458.442 4472 253.283 312.709 4482 228.613 363.698 4483 238.596 334.39 4485 388.887 281.964 4486 26.5231 389.831 4487 104.661 365.01 4488 129.626 614.456 4489 198.703 506.337 4493 154.414 641.867 4496 248.14 558.722 4522 307.956 159.421 4531 305.12 284.123 4539 261.719 321.943 4540 56.561 579.757 4541 30.3371 668.642 4542 183.197 528.374 4543 198.16 555.518 4544 329.188 308.107 4545 301.284 125.138 4546 270.808 624.833 4547 206.611 197.664 4548 522.656 149.92 4549 285.749 649.461 4550 521.77 308.727 4551 560.354 331.748 4552 21.9689 521.197 4553 510.515 77.8059 4554 531.205 344.282 4555 179.657 555.963 4556 298.454 612.747 4557 208.445 730.278 4558 543.17 158.918 4559 71.165 302.988 4560 174.255 543.058 4561 168.326 557.447 4562 105.745 283.588 4563 258.144 128.287 4564 413.43 83.8543 4565 179.694 598.001 4566 583.914 412.675 4567 222.804 95.4423 4568 433.449 281.872 4569 348.138 251.222 4570 432.043 108.237 4571 676.971 137.826 4572 567.16 149.146 4573 529.782 81.4227 4574 721.888 256.036 4575 433.88 28.1325 4576 712.995 498.749 4577 134.44 577.713 4578 605.264 414.409 4579 81.7481 112.078 4580 105.809 96.8664 4581 207.971 412.494 4582 559.933 354.764 4583 523.673 50.4432 4584 562.096 285.339 4585 515.519 261.583 4586 573.455 138.453 4587
140 -0.009127605186317811 -0.08309091001666166 0.9964108337541067 -0.01334308336225073 -3.552922964184894 -18.21293391927696 0.7590968030146095 0 frame_00110_bottom_140.jpg
213.974 133.906 835 282.218 186.123 1000 196.287 132.694 1053 194.718 112.795 1580 170.645 298.464 1806 325.142 166.377 1950 467.068 251.911 1988 199.859 509.017 2032 225.091 148.81 2093 648.846 277.036 2094 214.503 126.608 2148 694.862 475.499 2178 91.5973 296.748 2196 282.347 173.938 2217 669.396 177.968 2292 317.857 30.6076 2336 372.895 25.2299 2338 328.689 20.4477 2341 161.064 82.6702 2433 218.398 303.832 2491 231.999 172.104 2504 198.236 187.685 2560 295.132 39.9511 2571 265.968 373.646 2577 165.849 144.815 2600 450.275 295.984 2669 120.936 92.7591 2740 260.694 246.284 2832 91.7544 587.016 3118 490.407 221.916 3356 471.531 279.49 3773 591.551 506.455 3841 689.342 419.602 3922 453.835 82.6438 4118 225.009 257.816 4167 643.005 93.0407 4168 668.122 476.832 4271 239.05 654.836 4275 621.868 452.728 4295 302.761 668.517 4333 296.938 701.833 4349 629.217 324.576 4351 86.3012 208.817 4355 631.183 732.771 4356 41.7942 301.63 4357 245.105 667.499 4358 22.8253 269.851 4359 102.032 514.227 4360 51.2049 218.496 4361 693.963 720.962 4362 282.895 293.348 4422 82.9964 137.841 4423 231.709 344.722 4482 176.789 484.192 4484 214.239 366.625 4485 364.461 321.46 4486 105.144 635.83 4489 134.272 681.465 4490 144.639 375.724 4491 284.971 319.565 4492 175.138 533.102 4493 273.229 238.026 4494 56.4791 629.775 4495 129.03 661.88 4496 157.388 556.804 4543 171.783 582.396 4544 185.955 225.993 4548 501.28 354.852 4551 539.267 381.036 4552 494.18 124.02 4554 510.669 392.248 4555 154.326 583.477 4556 50.3853 327.624 4560 149.074 571.459 4561 143.311 584.157 4562 82.4845 311.934 4563 239.52 155.096 4564 399.789 115.495 4565 153.183 621.534 4566 550.891 468.769 4567 207.237 117.126 4568 413.815 322.245 4569 320.239 291.325 4570 412.017 147.751 4571 645.474 227.804 4572 532.122 227.386 4573 511.974 130.656 4574 704.567 308.146 4575 423.395 56.3807 4576 675.012 550.323 4577 109.997 601.128 4578 574.041 470.45 4579 64.6747 112.053 4580 84.9322 118.296 4581 183.948 444.651 4582 533.746 403.445 4583 502.916 106.039 4584 546.016 328.662 4585 496.645 305.604 4586 539.109 218.765 4587 256.027 441.857 4588 514.13 83.8509 4589 276.495 336.881 4590 105.203 166.402 4591 603.985 144.531 4592 268.788 672.335 4593 191.345 303.694 4594 116.398 695.557 4595
141 -0.01411926040542565 -0.1450801345642562 0.9890277371906464 -0.02401116631842281 -1.616857526786771 -17.72888506424947 1.13187637201299 0 frame_00111_bottom_141.jpg
228.38 175.142 835 97.322 46.8732 872 287.156 234.692 1000 211.539 172.514 1053 271.453 67.883 1124 107.824 56.3251 1383 151.965 45.6698 1549 213.251 152.767 1580 333.098 221.061 1950 463.002 327.454 1988 543.291 612.042 1993 165.7 543.644 2032 336.81 172.894 2085 194.049 217.894 2089 237.215 191.335 2093 399.353 165.857 2097 665.293 576.779 2178 85.249 318.415 2196 289.752 223.025 2217 343.752 87.9373 2336 397.491 90.6062 2338 341.276 98.729 2340 354.171 80.882 2341 184.625 119.291 2433 239.043 143.312 2472 241.941 214.572 2504 34.9295 514.999 2505 391.318 160.045 2531 37.0242 629.956 2532 53.2683 550.596 2533 205.408 224.339 2560 296.449 239.62 2564 331.524 144.997 2570 321.084 94.2765 2571 152.649 197.339 2572 241.166 306.302 2573 275.258 283.217 2574 245.934 416.867 2577 178.563 181.665 2600 84.962 63.8166 2633 73.2262 583.815 2645 223.719 231.115 2646 441.823 362.668 2669 308.957 427.499 2942 315.073 63.5729 3822 553.097 597.966 3841 669.19 517.534 3922 472.731 74.637 4019 442.441 68.9705 4021 466.859 171.585 4118 180.178 202.173 4210 182.933 531.134 4217 93.1983 112.436 4219 621.829 57.6756 4222 260.396 236.463 4223 87.9011 236.259 4235 560.59 54.6044 4246 223.64 657.75 4253 261.569 685.881 4257 639.655 571.977 4271 186.161 693.616 4275 262.578 732.348 4277 191.13 288.902 4291 648.23 50.4309 4293 431.387 704.253 4294 594.739 543.507 4295 579.068 548.304 4296 508.307 206.929 4297 421.807 28.1196 4298 247.505 734.677 4299 578.241 547.99 4300 503.521 743.364 4301 597.705 98.3869 4303 337.598 76.2726 4311 91.1952 182.625 4313 652.822 664.321 4330 272.89 133.861 4331 363.753 741.598 4332 244.66 721.211 4333 224.912 696.594 4334 720.335 340.12 4335 189.731 708.986 4358 275.96 340.798 4422 99.2736 162.572 4423 218.272 385.338 4482 181.612 433.469 4483 145.884 516.182 4484 194.778 408.408 4485 137.126 566.261 4493 74.6455 690.78 4496 256.312 400.011 4497 117.411 586.86 4543 189.189 262.811 4548 99.3137 611.935 4562 250.803 201.093 4564 538.293 564.191 4579 158.537 476.113 4582 231.494 489.113 4588 517.405 185.429 4589 263.816 382.043 4590 117.834 193.712 4591 592.357 278.173 4592 209.875 724.396 4593 182.019 339.534 4594 59.2221 725.462 4595 399.769 46.53 4596 94.6279 78.468 4597 440.769 257.208 4598 297.854 57.3328 4599 75.9329 270.42 4600 539.201 137.441 4601 554.492 161.357 4602 78.5474 39.5384 4603 203.956 446.448 4604 193.542 166.931 4605 595.482 225.414 4606 201.477 697.03 4607 218.762 613.593 4608 190.339 656.993 4609
142 -0.02296174224667826 -0.3148318094179873 0.9474477221987544 -0.05192787182222242 4.209210671181217 -16.60928281566389 2.010039431220342 0 frame_00112_bottom_142.jpg
293.394 196.69 835 221.072 42.2437 872 283.963 167.191 947 278.545 188.489 1053 399.893 111.093 1110 369.751 113.613 1124 373.426 270.824 1950 540.892 301.93 1958 450.198 687.642 1987 433.713 731.614 1993 393.187 230.233 2085 246.994 221.794 2089 454.377 243.481 2097 326.981 193.425 2112 39.0529 515.646 2125 428.873 154.46 2336 477.928 172.626 2338 422.874 163.642 2340 274.008 131.978 2433 291.434 234.78 2504 449.406 235.936 2531 348.577 93.9308 2553 408.835 145.977 2555 255.487 233.301 2560 215.525 192.466 2572 260.623 318.964 2573 246.149 185.195 2600 203.63 51.7967 2633 606.135 104.45 2747 611.884 85.027 2749 597.524 61.6923 2843 463.704 259.231 3115 227.649 726.309 3775 409.941 124.02 3822 572.126 78.797 3840 451.088 719.907 3841 102.418 599.93 3885 551.63 182.628 4019 695.257 118.824 4058 295.408 245.87 4081 563.392 125.67 4189 541.134 114.738 4190 165.743 655.773 4199 241.291 203.849 4210 656.817 608.908 4215 234.452 420.94 4216 127.281 512.789 4217 208.643 292.711 4218 186.778 104.926 4219 696.443 200.834 4220 247.92 300.925 4221 686.149 231.62 4222 302.159 261.118 4223 592.082 120.084 4224 143.929 205.461 4235 529.407 713.544 4243 180.764 694.234 4245 630.011 206.674 4246 389.724 89.9936 4251 628.178 562.354 4252 111.537 652.694 4253 371.911 94.257 4254 529.053 103.421 4255 599.976 220.646 4256 137.054 695.469 4257 617.985 180.046 4259 288.884 684.531 4262 64.1984 674.815 4275 517.128 698.65 4289 221.149 283.294 4291 519.473 672.87 4295 492.333 675.692 4300 628.394 265.763 4302 649.295 262.826 4303 393.494 136.673 4304 501.376 160.85 4305 563.952 503.889 4306 195.952 154.351 4307 512.405 142.415 4308 120.193 191.626 4309 48.8408 249.615 4310 427.204 142.001 4311 244.814 258.698 4312 167.493 163.404 4313 106.644 723.364 4333 181.313 142.31 4423 182.364 395.976 4485 226.739 263.755 4548 305.812 226.251 4564 447.503 675.086 4579 186.651 174.034 4591 492.476 136.79 4596 207.492 69.1531 4597 461.748 345.06 4598 397.272 112.987 4599 116.295 231.414 4600 586.682 277.742 4601 590.83 306.803 4602 207.297 30.5211 4603 175.902 437.536 4604 263.278 177.952 4605 607.002 396.469 4606 66.7584 687.931 4607 134.025 596.086 4608 78.9317 643.666 4609 643.797 281.661 4610 466.517 67.463 4611 529.9 689.576 4612 115.476 314.092 4613 509.188 148.063 4614 477.176 703.157 4615 413.821 86.2834 4616 505.114 90.7611 4617 108.919 400.85 4618 443.57 68.4272 4619
143 0.005652441177314741 -0.4577134537094438 0.8882234997269776 -0.03905712143604393 8.855710217500343 -13.86582189676578 1.476732088368781 0 frame_00113_bottom_143.jpg
566.861 89.3296 492 334.769 197.691 835 334.239 165.156 947 345.694 280.171 1000 322.711 184.342 1053 468.032 147.626 1110 435.214 140.123 1124 360.244 196.661 1486 498.06 572.556 1708 130.171 655.084 1889 196.221 353.087 1919 390.102 300.04 1950 532.253 398.818 1958 336.589 720.135 1987 404.412 347.089 2064 378.025 232.127 2081 422.013 263.561 2085 40.1812 471.248 2086 280.658 208.364 2089 476.209 298.189 2097 71.3508 475.032 2193 356.026 274.201 2217 480.521 201.395 2336 519.991 235.191 2338 493.227 202.107 2341 335.638 126.429 2433 321.06 235.94 2504 472.897 289.544 2531 518.194 220.999 2547 420.066 111.997 2553 464.602 187.379 2555 350.71 289.141 2564 136.62 210.744 2589 362.123 249.739 2594 270.102 61.3146 2651 223.382 92.6989 2654 464.523 96.3052 2666 234.231 139.761 2736 663.251 208.797 2747 104.662 708.731 3775 471.788 164.528 3822 587.232 268.736 4019 567.306 246.127 4021 605.079 384.422 4030 182.813 687.236 4096 251.172 311.275 4116 253.83 288.309 4221 322.236 266.431 4223 67.4976 545.051 4226 461.965 126.749 4251 444.545 121.195 4254 591.771 190.945 4255 438.258 659.977 4258 655.956 286.808 4259 722.029 243.666 4260 588.786 663.215 4261 180.053 684.282 4262 55.1828 166.317 4263 397.926 740.884 4264 402.037 721.309 4295 647.128 408.303 4303 452.339 170.748 4304 246.8 118.92 4307 161.43 135.859 4309 482.607 187.881 4311 137.09 370.466 4483 129.556 387.904 4516 156.97 366.541 4517 335.007 232.67 4564 586.505 397.549 4601 577.545 430.123 4602 629.494 423.493 4610 543.106 142.262 4611 410.748 739.979 4612 117.52 253.747 4613 557.638 221.374 4614 358.637 733.286 4615 486.664 135.243 4616 571.617 168.416 4617 90.3313 331.845 4618 520.263 126.203 4619 563.126 434.3 4620 51.685 115.728 4621 33.9394 214.865 4622 457.843 191.936 4623 607.561 433.004 4624 151.013 293.894 4625 232.407 83.1369 4626 533.967 260.592 4627 200.094 208.373 4628 471.896 256.691 4629 621.185 363.244 4630 516.752 241.097 4631 732.957 342.425 4632
144 0.01651186417690891 -0.5570454015370639 0.8297955698481473 -0.02944641282402833 11.65391169652175 -10.70312650881296 1.271755215593616 0 frame_00114_bottom_144.jpg
369.214 232.263 835 388.855 42.4932 872 361.221 318.414 1000 360.68 216.923 1053 510.949 212.406 1110 482.334 198.281 1124 417.074 38.7229 1261 78.0548 37.6832 1355 385.957 57.3657 1383 395.831 237.27 1486 423.876 86.9488 1549 343.251 279.914 1579 398.489 342.657 1950 508.965 491.314 1958 252.206 681.831 2034 403.452 276.693 2081 441.472 319.432 2085 313.955 230.808 2089 362.471 249.465 2093 486.478 364.223 2097 399.569 249.068 2112 318.328 381.457 2126 432.169 326.75 2127 51.8488 446.303 2193 373.235 314.432 2217 132.242 449.758 2322 512.403 269.725 2336 543.723 312.881 2338 524.354 272.878 2341 347.844 268.164 2504 484.248 355.41 2531 544.263 297.528 2547 116.807 134.592 2552 475.219 168.368 2553 500.538 251.289 2555 314.195 245.689 2560 514.985 432.658 2587 165.4 201.232 2589 501.308 274.521 2601 367.949 42.9188 2604 533.557 217.467 2644 334.747 81.1546 2651 285.818 123.942 2654 263.598 176.962 2656 518.976 166.848 2666 318.446 264.319 2724 283.424 151.48 2736 687.687 317.474 2747 682.737 169.754 3706 600.42 361.984 4019 114.892 688.617 4096 702.509 355.403 4184 499.093 516.539 4185 494.558 661.084 4186 269.887 304.573 4221 491.163 232.471 4304 564.966 217.287 4619 532.649 543.953 4620 111.117 102.218 4621 67.2169 179.131 4622 492.14 255.996 4623 577.668 557.042 4624 166.546 285.204 4625 291.629 116.426 4626 553.394 340.223 4627 241.675 230.144 4628 488.707 324.258 4629 607.185 475.119 4630 537.032 317.652 4631 718.507 484.466 4632 99.5995 332.004 4635 56.9805 163.558 4636 524.453 145.824 4637 306.635 185.655 4638 570.329 236.051 4639 127.204 473.071 4640 570.65 314.193 4641 288.351 238.067 4642 297.441 256.872 4643 631.574 123.784 4644 675.765 527.379 4645 108.727 104.629 4646
145 0.02901681327843618 -0.6784139914621339 0.7339593173415304 -0.01470378261315324 14.06248884975338 -5.936250169144335 1.036790954800616 0 frame_00115_bottom_145.jpg
633.799 38.5344 731 399.3 269.912 835 477.858 88.6194 872 596.374 41.1525 896 366.966 350.374 1000 395.872 251.788 1053 539.695 293.686 1110 518.4 272.056 1124 509.739 58.8743 1126 517.497 27.7713 1133 503.565 237.702 1260 506.713 93.4731 1261 472.717 104.135 1383 422.531 281.856 1486 66.4176 88.5818 1758 581.631 91.2266 1827 660.661 28.6333 1840 579.317 116.11 1855 559.437 137.219 1911 195.214 332.631 1919 150.779 659.726 2034 419.454 324.57 2081 442.398 376.267 2085 388.099 283.326 2093 133.365 339.864 2109 384.023 300.921 2122 304.949 395.348 2126 33.6587 365.969 2128 268.102 441.038 2133 431.932 39.3097 2134 126.45 671.927 2174 379.631 350.732 2217 110.403 407.215 2322 523.463 350.174 2336 367.701 297.162 2504 266.165 178.516 2523 343.288 265.336 2560 208.074 175.974 2589 374.811 221.324 2600 458.03 82.2461 2604 625.451 116.323 2610 367.815 231.588 2617 367.042 142.049 2641 593.764 325.906 2642 151.758 659.784 2643 556.939 316.304 2644 270.783 242.362 2647 553.33 100.703 2648 245.224 587.398 2649 511.186 654.843 2650 413.098 109.922 2651 504.645 546.127 2652 191.929 715.466 2653 345.586 158.836 2654 202.319 739.522 2655 311.489 197.357 2656 613.76 443.427 2657 545.638 463.605 2658 221.539 649.152 2659 575.534 412.139 2660 541.239 346.864 2661 164.488 594.015 2662 170.099 619.976 2663 572.631 225.109 2664 593.374 200.109 2665 559.427 263.29 2666 540.659 689.181 2716 343.39 285.725 2724 510.81 385.951 2730 482.571 234.748 2731 281.887 308.572 4221 354.029 324.963 4375 531.628 409.838 4631 107.855 280.879 4635 113.716 104.186 4636 570.787 246.231 4637 353.202 204.654 4638 586.873 346.406 4639 97.5752 428.374 4640 563.145 415.937 4641 318.708 250.314 4642 323.959 269.536 4643 682.999 240.038 4644 595.012 644.519 4645 139.393 122.275 4647 44.0256 321.41 4648 547.782 229.391 4649 208.525 469.354 4650 246.701 217.467 4651 310.182 320.97 4652 695.668 539.396 4653 590.654 614.563 4654 734.49 624.357 4655 677.14 574.867 4656 709.962 68.1235 4657 598.807 284.846 4658 116.924 155.501 4659 649.181 145.443 4660 574.025 140.69 4661 571.425 183.391 4662 264.563 458.536 4663 170.599 415.975 4664 621.235 379.184 4665 184.868 727.439 4666 393.512 230.53 4667
146 -0.04607769544311231 0.748820094745115 -0.6611651321066599 0.0024453578371504 14.68635145618415 -2.126990454640139 1.118197010160568 0 frame_00116_bottom_146.jpg
89.7593 534.705 433 679.872 135.836 731 617.363 68.3711 732 404.205 319.903 835 616.057 92.9946 842 618.714 36.1871 845 517.89 154.473 872 686.034 26.1904 880 669.34 94.4332 883 656.832 63.8806 884 643.091 132.252 896 647.616 64.7764 897 588.158 142.576 1016 405.096 301.551 1053 535.445 372.423 1110 518.328 346.193 1124 555.12 130.749 1126 598.37 22.9454 1129 569.101 102.315 1133 483.014 224.152 1246 511.612 309.865 1260 508.252 169.18 1383 530.582 202.085 1571 104.508 68.6285 1758 618.009 178.603 1827 708.099 131.026 1840 596.114 199.277 1856 89.9238 227.285 1868 102.881 183.36 1910 586.486 221.134 1911 188.301 340.06 1919 58.3798 156.262 1944 550.659 189.371 1945 132.827 587.875 2057 240.751 460.851 2133 484.245 93.3751 2134 225.838 438.785 2135 54.2575 252.349 2170 153.384 478.989 2171 269.927 323.856 2172 89.2113 389.237 2322 506.289 422.952 2336 450.002 276.472 2466 366.204 340.136 2504 297.866 425.72 2575 389.345 267.318 2600 499.007 143.975 2604 654.954 209.961 2610 249.95 603.783 2611 391.73 210.12 2641 605.544 289.892 2665 185.321 162.861 2708 343.849 323.693 2724 486.717 454.235 2730 491.277 302.683 2731 180.738 652.63 3119 150.971 490.356 3256 112.073 467.038 3313 456.663 471.747 3983 566.221 449.936 4639 70.3202 411.948 4640 171.285 118.387 4647 40.338 293.813 4648 555.972 310.46 4649 175.861 485.257 4650 258.257 251.355 4651 305.011 353.987 4652 623.741 625.976 4653 517.357 683.132 4654 649.253 726.12 4655 608.446 657.695 4656 746.118 183.063 4657 589.326 388.018 4658 142.283 146.874 4659 671.16 247.512 4660 600.962 226.513 4661 587.732 269.199 4662 231.19 477.714 4663 149.98 417.465 4664 587.078 489.952 4665 103.27 723.473 4666 408.721 281.238 4667 33.9319 111.431 4668 70.6014 27.9293 4669 34.4517 57.4839 4670 49.5758 45.7194 4671 492.096 118.389 4672 169.082 515.341 4673 291.675 294.43 4674 154.778 465.488 4675 693.482 603.513 4676 196.001 58.3978 4677 528.44 314.479 4678 476.63 162.572 4679 152.184 511.451 4680 564.27 378.664 4681 628.774 335.408 4682 201.586 248.867 4683 202.513 613.221 4684 262.564 439.769 4685 620.295 307.694 4686 340.76 209.318 4687 219.627 458.731 4688 86.1735 285.984 4689 45.4917 249.933 4690 106.456 554.412 4691 751.981 65.7754 4692 509.949 474.736 4693 541.673 413.701 4694 117.117 445.517 4695 91.851 482.131 4696 152.895 543.049 4697 230.496 110.738 4698 171.095 461.188 4699 201.022 78.7525 4700 502.535 477.006 4701 385.412 193.09 4702 183.056 60.0428 4703 498.812 635.725 4704
147 -0.04639152758708397 0.7670327185403812 -0.6398325087300398 0.01109033944082336 14.5015415522471 -0.5151133489951613 1.438411378990145 0 frame_00117_bottom_147.jpg
49.9713 603.972 433 719.619 119.493 656 739.029 173.651 657 661.3 144.574 658 667.767 168.137 659 588.902 569.044 701 586.207 64.2815 716 568.171 66.9758 726 661.965 214.417 731 604.593 145.136 732 551.25 87.4275 836 602.48 167.966 842 613.641 105.473 843 606.998 115.178 845 503.397 224.169 872 671.919 108.806 880 653.159 172.785 883 642.407 143.614 884 612.512 215.066 901 570.494 95.9967 954 567.036 38.6151 955 572.646 215.544 1016 541.608 69.3209 1073 508.429 436.299 1110 541.073 202.812 1126 587.837 102.303 1129 556.191 176.05 1133 549.43 124.02 1148 716.392 77.1248 1257 529.034 235.669 1261 478.662 407.174 1264 499.628 47.0208 1369 493.849 236.861 1383 489.411 49.2034 1398 513.989 270.97 1571 99.1088 115.638 1758 600.165 251.787 1827 737.24 93.91 1837 724.877 65.6947 1838 749.973 160.83 1839 688.986 211.379 1840 172.158 548.079 1845 237.863 300.528 1849 567.527 291.675 1911 545.633 126.95 1940 50.4348 198.336 1944 27.9869 257.769 1946 641.124 174.33 1947 626.102 136.027 1948 144.382 404.385 1949 49.2825 276.946 1962 674.593 54.3379 1984 550.632 38.465 2008 215.674 531.427 2030 83.7471 670.946 2057 201.87 486.553 2135 38.9814 293.151 2170 483.261 441.287 2334 432.676 337.612 2466 274.007 477.812 2575 485.661 212.623 2604 219.397 650.906 2611 144.021 693.977 3119 118.701 545.367 3256 335.263 320.066 3307 77.8857 517.491 3313 213.137 51.0497 3325 463.286 76.9367 3413 144.496 538.535 4650 556.624 468.886 4658 133.37 194.654 4659 567.062 339.147 4662 124.382 460.534 4664 547.712 568.463 4665 391.567 341.712 4667 28.1802 152.867 4668 70.5085 74.1408 4669 32.0207 101.92 4670 48.5916 92.4286 4671 480.244 184.826 4672 133.704 577.365 4673 268.124 357.6 4674 123.992 512.812 4675 658.21 664.03 4676 188.591 126.082 4677 505.762 382.519 4678 464.745 226.25 4679 118.055 571.187 4680 536.35 449.484 4681 596.675 424.926 4682 186.673 297.266 4683 167.23 657.92 4684 237.322 489.284 4685 595.998 388.758 4686 316.177 284.722 4687 197.324 507.609 4688 68.5017 327.015 4689 29.9261 290.596 4690 63.961 626.597 4691 733.308 150.191 4692 480.682 534.272 4693 510.939 485.039 4694 91.5422 490.145 4695 58.0604 537.037 4696 112.286 611.433 4697 220.706 194.03 4698 150.047 509.082 4699 194.743 142.323 4700 472.786 534.967 4701 364.981 277.125 4702 173.646 127.998 4703 468.65 692.312 4704 76.4534 29.6056 4707 197.076 49.7551 4708 299.694 208.858 4709 492.76 80.3107 4710 204.413 545.32 4711 466.707 137.101 4712 452.708 34.5642 4713 300.339 151.729 4714 525.55 106.296 4715 183.541 533.303 4716 308.501 620.265 4717 655.67 121.953 4718 509.791 239.513 4719 237.311 558.189 4720 296.169 161.352 4721 179.141 608.878 4722 103.279 86.6406 4723 213.071 565.05 4724 357.739 241.711 4725 459.537 209.357 4726 600.645 81.3402 4727 167.47 289.042 4728 462.371 49.9567 4729 120.539 37.8995 4730 290.924 135.804 4731 201.361 525.01 4732
148 -0.05610975048759664 0.8000097243737573 -0.5963324836160646 0.03498150642755 14.04505547651578 1.733389042997401 2.166827542877609 0 frame_00118_bottom_148.jpg
686.628 213.114 656 631.492 231.474 658 635.04 254.051 659 726.191 278.376 692 568.57 146.473 716 519.559 111.359 725 551.722 146.471 726 625.808 298.65 731 577.947 225.596 732 533.688 163.875 836 591.789 188.322 843 583.809 197.234 845 475.965 289.893 872 643.763 199.014 880 621.27 257.497 883 614.055 227.946 884 604.409 229.518 897 553.513 119.816 955 586.288 169.471 1030 527.239 145.909 1073 460.404 494.882 1110 682.045 311.287 1118 513.57 273.941 1126 532.67 303.744 1132 529.912 250.509 1133 488.641 352.831 1146 747.301 220.361 1147 529.05 198.158 1148 723.601 286.375 1149 596.985 82.2429 1150 627.929 102.033 1151 603.813 136.158 1152 547.289 104.311 1244 687.081 174.826 1257 498.68 305.13 1261 433.399 464.381 1264 489.036 119.337 1369 466.282 301.487 1383 495.525 41.1805 1399 672.423 86.6783 1711 75.9135 129.049 1758 566.551 328.283 1827 94.8508 589.421 1845 193.819 341.438 1849 683.952 343.525 1850 524.888 200.637 1940 600.048 217.535 1948 537.74 118.266 2008 149.132 569.416 2030 81.113 452.232 2033 617.98 86.9725 2087 178.935 540.428 2323 136.044 546.616 2362 459.824 276.707 2604 668.484 136.508 2986 39.5413 583.83 3256 291.592 374.4 3307 466.531 239.287 3311 198.447 90.8162 3325 519.193 601.137 3354 449.485 143.375 3413 465.917 261.714 4187 403.023 466.856 4228 550.879 30.037 4267 434.818 499.039 4304 524.642 410.088 4662 53.1728 85.6332 4669 27.2336 98.6476 4671 47.2779 625.554 4673 461.422 441.267 4678 147.156 323.361 4683 328.521 348.288 4702 148.316 168.977 4703 66.2091 41.1911 4707 184.539 91.5958 4708 275.634 243.973 4709 478.729 149.952 4710 136.128 583.524 4711 448.694 200.973 4712 440.744 109.034 4713 265.499 227.783 4714 508.085 178.839 4715 116.21 569.895 4716 219.414 688.084 4717 627.58 208.42 4718 480.54 306.179 4719 176.535 601.783 4720 268.678 218.992 4721 106.628 645.851 4722 86.1335 101.881 4723 144.657 603.732 4724 324.948 297.139 4725 430.846 273.321 4726 581.158 164.033 4727 128.415 310.778 4728 453.545 118.155 4729 111.467 56.6909 4730 261.731 195.315 4731 132.657 561.125 4732 482.881 39.9214 4733 657.982 363.739 4734 144.479 372.663 4735 214.254 593.76 4736 722.237 81.9251 4737 680.825 129.457 4738 130.463 45.843 4739 158.108 356.42 4740 126.08 170.797 4741 180.179 665.491 4742 576.001 131.32 4743 674.379 110.764 4744 281.572 119.913 4745 585.347 580.415 4746 171.479 145.665 4747 309.755 162.556 4748 706.789 94.9438 4749 240.823 424.037 4750 114.52 375.425 4751 638.439 433.874 4752 256.672 639.793 4753 67.9579 30.8203 4754 464.531 90.6578 4755 592.35 144.07 4756 590.624 71.312 4757 457.662 119.86 4758 134.662 160.656 4759 245.684 484.611 4760 76.7745 54.6383 4761 123.981 352.312 4762 468.059 123.725 4763 195.817 524.438 4764 237.132 460.585 4765
149 -0.04867519489754037 0.8009148790606881 -0.5940480644754917 0.05720995537327257 13.67145596758676 2.423210502864127 2.415367639199476 0 frame_00119_bottom_149.jpg
597.15 286.21 658 601.528 308.722 659 535.01 202.858 716 485.869 170.033 725 518.187 203.332 726 483.456 347.432 728 593.174 351.179 731 545.33 280.442 732 304.02 53.4341 756 501.121 221.196 836 557.375 244.754 843 550.211 252.989 845 445.301 343.002 872 608.263 255.039 880 588.196 311.549 883 579.835 283.118 884 560.387 340.921 896 517.682 229.175 954 519.027 178.291 955 245.993 544.917 1000 552.122 225.303 1030 482.384 329.007 1126 501.751 356.851 1132 498.868 304.605 1133 456.77 403.702 1146 688.987 338.008 1149 521.395 562.91 1239 632.361 476.892 1240 513.738 162.733 1244 295.517 58.8111 1351 435.574 353.971 1383 462.765 102.769 1399 178.599 660.072 1464 417.61 225.201 1584 634.444 147.67 1711 525.157 351.021 1740 647.183 63.6597 1797 152.302 405.491 1849 649.606 404.847 1850 492.625 255.927 1940 566.549 273.636 1948 260.385 592.248 1950 503.829 176.731 2008 483.465 325.301 2026 106.246 633.231 2030 38.7701 509.014 2033 308.058 116.397 2131 646.64 448.432 2289 138.103 600.21 2323 93.0777 608.918 2362 226.25 741.881 2420 270.353 99.4998 2539 429.008 330.325 2604 517.784 521.595 2985 631.43 194.742 2986 436.128 293.099 3311 483.189 665.312 3354 714.449 428.228 3860 516.257 93.4958 4267 167.449 187.088 4445 687.703 212.178 4634 493.783 459.356 4662 20.1882 139.101 4669 107.208 234.525 4703 34.1677 97.3698 4707 91.8521 648.808 4711 476.338 235.627 4715 223.428 292.573 4721 50.0151 719.755 4722 53.2867 156.003 4723 98.8116 669.081 4724 546.144 220.503 4727 90.0319 364.631 4728 80.4715 111.94 4730 85.0493 622.96 4732 450.375 101.909 4733 625.387 422.407 4734 104.781 435.375 4735 168.481 654.538 4736 673.846 150.573 4737 641.347 187.308 4738 100.024 100.855 4739 118.585 417.811 4740 79.918 236.984 4741 138.948 733.293 4742 540.643 190.602 4743 635.276 170.45 4744 233.002 206.366 4745 525.691 710.5 4746 134.017 207.061 4747 277.005 224.428 4748 661.334 159.335 4749 204.958 483.045 4750 73.7507 441.075 4751 608.397 481.007 4752 221.041 705.757 4753 38.4536 87.4272 4754 432.875 149.251 4755 556.708 202.16 4756 554.947 131.429 4757 427.353 176.788 4758 91.146 227.644 4759 209.652 542.347 4760 46.1464 110.2 4761 87.1428 419.439 4762 433.745 182.797 4763 154.866 586.04 4764 201.932 514.833 4765 56.9963 409.309 4766 59.3965 431.329 4767 284.139 144.476 4768 311.184 100.04 4769 488.781 280.332 4770 635.388 37.2013 4771 735.667 166.722 4772 109.027 204.118 4773 312.048 126.475 4774 216.728 617.959 4775 417.292 217.663 4776 160.48 157.977 4777 416.645 78.8811 4778 542.537 80.4508 4779 644.846 231.805 4780 716.99 97.1372 4781 517.927 633.444 4782 659.859 646.134 4783
150 -0.03975649458751267 0.7719277974721567 -0.6327433639927789 0.04671971694049439 13.35109904347289 1.859280327153271 1.99093394481639 0 frame_00120_bottom_150.jpg
717.159 328.294 601 575.927 331.269 659 669.518 342.58 692 495.94 231.754 716 441.665 204.869 725 478.984 235.26 726 571.114 374.957 731 514.098 309.488 732 526.29 344.913 733 245.72 111.149 756 463.176 255.049 836 523.018 272 843 516.488 280.875 845 577.283 275.574 880 550.687 307.601 884 536.045 368.601 896 480.581 261.132 954 477.204 209.007 955 236.243 608.309 1000 515.414 252.9 1030 453.367 236.603 1073 498.227 269.156 1129 475.57 391.714 1132 468.946 340.512 1133 508.019 616.315 1239 626.56 497.661 1240 469.202 194.213 1244 441.141 395.708 1261 236.937 117.834 1351 79.1054 331.216 1355 381.971 331.416 1363 413.14 214.268 1369 366.368 279.411 1371 494.234 362.775 1385 411.015 139.051 1399 243.435 566.407 1579 377.8 268.58 1584 499.395 383.593 1740 732.682 314.942 1754 596.773 76.8652 1797 682.094 268.756 1853 455.562 291.657 1940 535.78 299.628 1948 254.969 653.816 1950 461.104 209.021 2008 454.791 362.712 2026 255.632 173.002 2131 636.277 466.831 2289 91.4883 687.756 2362 672.889 144.264 2538 215.563 163.073 2539 458.369 208.318 2541 272.038 596.938 2594 231.693 581.334 2869 506.784 565.737 2985 673.302 232.065 3120 403.659 335.12 3311 470.819 726.322 3354 176.983 521.839 3859 706.079 437.835 3860 510.25 412.262 3861 199.831 580.941 4117 117.668 276.402 4445 653.83 220.682 4634 76.3974 403.201 4646 438.789 271.567 4715 508.996 248.654 4727 49.1059 182.403 4739 501.098 218.062 4743 595.129 185.33 4744 617.457 175.645 4749 600.143 505.076 4752 382.742 219.337 4758 159.699 646.473 4764 187.947 585.206 4765 35.1383 494.655 4766 39.8238 516.039 4767 219.438 219.407 4768 255.765 154.918 4769 454.416 316.038 4770 581.7 51.0604 4771 703.4 177.283 4772 51.9892 306.114 4773 261.926 180.796 4774 211.644 684.231 4775 377.298 262.05 4776 102.998 247.31 4777 358.123 126.539 4778 489.382 107.184 4779 612.772 247.17 4780 674.413 101.146 4781 512.439 670.959 4782 659.152 685.728 4783 231.195 209.164 4784 657.764 97.1907 4785 411.161 120.048 4786 634.255 513.561 4787 327.929 189.226 4788 327.645 133.208 4789 587.569 35.0142 4790 90.0198 568.773 4791 621.575 100.942 4792 425.863 254.65 4793 573.6 65.3409 4794 639.658 126.581 4795 562.589 287.965 4796 351.571 253.652 4797 425.737 93.5421 4798 152.434 547.148 4799 543.973 353.538 4800 590.664 87.6408 4801 659.078 51.0248 4802 65.5884 537.727 4803 288.198 94.5156 4804 479.211 61.5486 4805 675.259 58.4719 4806 685.948 613.542 4807 707.87 116.533 4808 335.683 236.603 4809 90.1854 544.512 4810 574.684 37.285 4811 243.333 622.462 4812 664.124 350.289 4813 652.292 578.559 4814 72.2674 680.137 4815 80.1234 702.139 4816 634.239 658.52 4817
151 0.0309910814054608 -0.6839274251637523 0.727681409282281 -0.04198328914167669 12.84118964158858 -0.8472684103754367 1.727245733871197 0 frame_00121_bottom_151.jpg
671.3 285.07 601 515.021 309.566 658 527.611 328.732 659 625.86 313.748 692 422.295 255.229 716 362.907 241.507 725 406.844 261.891 726 421.804 411.623 728 535.49 373.055 731 460.255 325.033 732 146.104 202.891 756 552.907 269.653 790 395.686 285.148 836 465.375 348.413 842 459.448 286.39 843 455.515 296.673 845 515.882 274.266 880 558.365 281.222 882 515.394 337.919 883 497.104 313.766 884 487.063 319.157 897 596.915 291.044 910 563.148 268.978 911 546.892 244.624 912 415.605 287.232 954 398.586 236.432 955 264.944 687.177 1000 609.895 277.682 1017 448.371 269.308 1030 217.45 230.671 1054 442.747 414.265 1132 452.845 231.491 1152 176.967 222.503 1180 619.96 476.121 1240 387.59 222.959 1244 665.042 124.233 1279 140.417 211.03 1351 336.186 260.411 1369 306.503 339.224 1371 337.567 279.956 1379 302.79 319.853 1380 315.46 186.494 1399 566.646 235.662 1400 612.158 359.494 1401 350.403 216.761 1548 260.818 645.761 1579 315.538 323.569 1584 462.742 191.328 1586 464.789 400.216 1740 683.788 266.895 1754 483.526 72.8202 1797 695.571 222.054 1807 504.583 43.3411 1841 620.492 237.377 1853 481.82 450.113 1855 479.96 310.282 1948 295.477 725.06 1950 504.05 225.435 1984 676.333 150.107 1990 191.671 468.304 2027 116.646 398.164 2028 170.796 447.956 2029 212.893 696.797 2441 578.493 117.288 2538 131.042 265.71 2539 378.67 241.736 2541 253.47 661.987 2869 597.268 202.305 3120 178.404 200.641 3629 684.481 116.689 3802 176.766 647.705 3859 685.309 394.109 3860 482.399 422.596 3861 258.978 723.821 4141 335.936 178.34 4633 376.512 309.036 4715 423.486 238.944 4743 510.069 181.116 4744 307.742 273.443 4758 211.9 676.754 4765 53.6843 651.432 4767 461.31 52.0919 4771 258.451 191.951 4778 380.91 133.193 4779 568.18 74.9652 4781 157.597 304.057 4784 549.677 76.6971 4785 310.237 167.52 4786 632.985 490.031 4787 231.507 275.581 4788 230.879 206.497 4789 462.979 33.8754 4790 118.778 701.947 4791 514.044 90.2442 4792 359.222 294.918 4793 457.145 66.6604 4794 537.304 114.24 4795 503.14 290.331 4796 280.767 323.377 4797 317.694 137.376 4798 162.712 670.344 4799 501.174 359.396 4800 479.989 85.7217 4801 538.809 28.5069 4802 81.279 665.337 4803 186.169 180.045 4804 357.087 96.6681 4805 559.001 29.9233 4806 708.11 574.045 4807 606.668 79.9262 4808 254.728 316.367 4809 99.8699 677.008 4810 448.944 40.3677 4811 274.308 698.84 4812 623.493 323.315 4813 667.403 550.914 4814 612.86 129.328 4819 302.271 191.306 4820 460.929 76.6668 4821 590.437 426.829 4822 731.726 146.217 4823 511.583 538.967 4824 710.679 173.315 4825 236.827 160.611 4826 541.44 95.7174 4827 565.062 601.552 4828 525.402 581.947 4829 660.185 109.749 4830 566.896 601.793 4831 585.319 545.976 4832 236.93 323.779 4833 638.248 366.497 4834 310.654 296.697 4835 482.949 28.5679 4836 713.323 134.511 4837 503.994 32.3202 4838 623.442 254.57 4839 577.663 117.404 4840 488.526 52.599 4841 743.086 192.348 4842 681.604 102.372 4843 654.955 144.317 4844 694.854 207.447 4845 742.955 172.138 4846 240.714 362.133 4847 701.561 153.286 4848 466.931 139.143 4849
152 0.5940859662396418 0.6054847346775289 0.3930824364139199 -0.354875046984837 -10.80805728566787 -0.05995855521265814 -4.608936996406453 0 frame_00122_back_152.jpg
543.929 658.497 754 559.453 415.319 1315 347.857 174.398 1424 428.88 690.007 1438 403.03 645.73 1440 334.166 625.638 1445 327.276 218.95 1447 680.127 586.81 1518 673.64 664.295 1519 534.947 168.675 1521 299.792 204.226 1533 279.558 398.82 1535 315.069 612.671 1539 283.186 258.438 1598 172.605 597.113 1611 265.09 482.969 1615 236.853 596.454 1616 131.709 509.953 1617 277.135 271.927 1618 273.998 648.418 1685 105.411 727.023 1686 228.822 673.272 1687 419.041 136.276 1689 282.704 418.43 1690 254.52 259.946 1691 58.9042 626.779 1747 236.082 660.457 1748 440.829 632.18 1845 151.881 303.43 2353 278.481 701.528 2534 229.093 714.528 2535 483.14 682.874 2942 146.448 257.323 4818 472.385 510.202 4850 292.724 320.267 4851 555.464 442.219 4852 539.552 674.898 4853 580.264 665.269 4854 435.264 615.194 4855 539.228 713.099 4856 421.401 615.714 4857 240.063 679.933 4858 495.033 605.355 4859 515.648 286.525 4860
153 -0.02603628541277926 -0.5345633382011454 0.8445529249158361 -0.01716118612620362 10.9923626395718 -4.728871173927705 0.3884068389439105 0 frame_00122_bottom_153.jpg
152.979 484.508 223 613.424 194.279 314 722.978 192.339 415 630.504 226.038 601 665.848 325.599 606 640.252 255.534 614 684.294 274.855 620 564.678 287.925 657 479.769 320.375 658 499.58 332.848 659 565.336 269.501 688 594.803 274.501 692 577.161 311.373 703 370.592 307.721 716 310.992 319.979 725 358.033 320.281 726 524.713 371.401 731 433.177 356.881 732 705.211 267.312 782 445.66 377.153 842 417.547 320.007 843 399.53 225.824 844 416.607 332.399 845 382.737 319.009 846 461.379 388.091 879 466.536 286.405 880 491.199 346.608 883 463.353 330.587 884 482.81 233.913 892 454.665 212.112 894 488.228 391.931 896 456.313 338.677 897 555.654 265.329 910 431.397 227.669 913 547.622 168.757 914 341.313 300.475 955 448.254 430.604 1016 563.709 246.478 1017 361.513 255.758 1034 180.159 364.671 1054 338.976 338.266 1073 268.981 328.847 1074 389.768 272.999 1152 144.153 374.692 1180 654.393 438.606 1240 557.086 77.0448 1279 110.079 377.575 1351 293.56 347.858 1369 301.327 364.479 1379 515.183 616.697 1390 739.865 270.169 1501 580.224 409.462 1502 290.156 302.142 1548 691.477 275.129 1573 670.967 498.691 1582 413.889 732.618 1583 295.849 410.773 1584 444.822 724.49 1585 385.461 229.305 1586 586.807 575.053 1587 645.108 415.884 1635 512.076 649.862 1654 525.199 606.045 1664 518.092 699.903 1741 243.722 197.064 1742 636.277 203.316 1754 359.219 111.557 1797 284.177 189.19 1801 629.547 154.968 1807 368.272 75.7263 1841 580.451 95.3379 1990 576.63 39.7423 2291 468.241 702.162 2461 495.009 721.251 2473 158.615 732.938 2536 326.1 312.079 2541 523.385 181.482 3120 485.231 116.307 3564 666.111 96.7012 3565 691.541 574.375 3566 137.752 353.336 3629 572.911 61.1346 3802 264.003 269.279 4633 425.023 200.715 4744 273.023 370.148 4758 331.981 106.098 4771 423.453 85.9618 4785 325.918 86.4911 4790 461.142 306.019 4796 315.774 99.0058 4811 595.889 285.744 4813 506.661 103.915 4819 239.456 295.955 4820 340.108 125.576 4821 601.396 400.594 4822 637.17 64.3154 4823 566.817 545.837 4824 626.065 100.916 4825 167.481 303.562 4826 422.026 107.731 4827 634.085 605.876 4828 587.109 589.89 4829 545.92 65.7662 4830 640.786 606.033 4831 645.932 523.787 4832 217.297 456.722 4833 629.688 320.179 4834 281.261 390.796 4835 342.819 72.1113 4836 610.107 63.337 4837 364.116 66.5818 4838 567.77 219.587 4839 455.416 122.294 4840 356.385 91.5175 4841 670.347 107.614 4842 565.3 48.7098 4843 552.887 99.7204 4844 623.438 140.188 4845 659.086 85.0386 4846 230.453 486.188 4847 606.929 87.6862 4848 401.84 175.038 4849 742.054 291.363 4861 31.0533 499.024 4862 592.618 72.6302 4863 41.6905 571.297 4864 608.635 242.867 4865 655.655 528.606 4866 276.918 453.356 4867 47.7585 554.793 4868 703.675 88.4212 4869 332.508 117.436 4870 126.135 540.059 4871 551.794 688.169 4872 489.707 136.549 4873 590.497 166.449 4874 293.344 117.165 4875 717.344 475.499 4876 38.3888 506.865 4877 404.073 124.686 4878 494.185 330.249 4879 613.802 108.528 4880 640.664 74.2961 4881 359.664 142.466 4882 84.6674 562.356 4883 118.18 373.165 4884 46.0947 539.956 4885 305.339 76.9724 4886 325.286 148.744 4887 301.811 242.196 4888
154 0.6593398522589274 0.659992753473848 0.2625653296587033 -0.2464548077161421 -7.81726621767349 -0.02355466096751938 -7.422382531781233 0 frame_00123_back_154.jpg
423.229 617.657 754 413.023 421.696 758 340.215 583.001 1052 412.044 409.624 1315 93.3615 669.029 1332 280.966 212.366 1424 239.376 630.817 1425 116.553 450.051 1443 272.214 483.295 1444 208.005 643.071 1445 295.41 525.902 1446 239.675 237.773 1447 326.371 497.929 1448 361.61 644.148 1517 504.04 543.644 1518 501.364 604.193 1519 440.181 266.803 1520 429.819 233.437 1521 213.455 222.22 1533 192.281 267.729 1598 102.688 677.596 1607 103.315 630.335 1616 180.815 280.955 1618 172.381 301.011 1619 147.756 681.095 1685 74.7113 241.883 1688 539.206 51.252 1692 182.416 261.315 1693 499.199 71.6749 1694 453.823 483.481 1846 74.3999 305.046 2353 374.579 290.318 2540 146.614 563.596 3328 269.12 581.424 4143 340.536 663.482 4815 323.909 659.974 4816 58.0132 259.728 4818 343.466 507.644 4850 162.224 326.011 4851 405.62 444.186 4852 419.187 626.772 4853 438.943 620.343 4854 321.649 603.699 4855 416.03 656.801 4856 309.602 610.598 4857 106.076 725.023 4858 371.733 584.07 4859 369.076 303.188 4860 210.668 242.872 4892 129.123 708.605 4893 351.917 493.475 4894 256.395 288.555 4895
155 -0.01469030819725583 -0.3680192191794662 0.9296718122346934 -0.007508042079445471 8.013395488915496 -7.548123210739147 0.3748654706892933 0 frame_00123_bottom_155.jpg
645.514 80.4755 34 713.104 103.129 63 658.185 84.3545 77 709.321 50.2414 98 678.47 126.361 145 152.003 630.851 223 690.927 99.5046 254 725.968 122.491 326 610.087 86.3498 382 616.264 142.551 405 666.04 130.895 407 589.451 131.301 415 706.146 86.0377 464 639.77 93.0364 466 516.462 197.239 601 584.69 276.456 606 535.304 221.245 614 583.003 222.053 620 477.084 279.159 657 407.297 340.748 658 430.416 344.76 659 497.202 184.553 676 563.607 269.262 690 499.082 253.707 692 412.581 115.739 704 596.37 253.039 705 300.825 369.26 716 469.189 373.292 731 444.272 311.46 762 349.194 364.254 843 138.635 475.522 848 383.427 312.885 880 427.8 360.863 883 396.356 355.829 884 438.053 202.411 885 477.336 247.17 891 441.416 401.959 896 390.982 367.108 897 417.857 272.75 911 387.038 264.853 912 330.077 269.024 913 417.104 170.453 914 270.067 372.212 955 460.79 240.97 1017 272.649 322.512 1034 357.29 299.09 1035 328.03 348.278 1036 533.58 504.478 1037 142.102 502.644 1054 242.266 524.833 1055 280.106 408.1 1073 208.941 428.002 1074 522.863 602.441 1121 555.028 616.969 1136 306.54 328.444 1152 354.916 123.971 1156 632.246 506.816 1163 162.72 536.363 1174 214.66 526.672 1179 111.875 527.139 1180 162.207 514.13 1182 177.399 495.432 1188 253.066 369.469 1244 508.523 613.204 1260 391.823 77.6316 1279 240.779 435.558 1369 255.389 448.736 1379 457.233 703.862 1382 431.189 104.25 1408 164.011 497.342 1483 230.374 465.653 1484 451.74 710.086 1488 222.192 532.283 1497 633.546 196.695 1501 532.736 382.222 1502 437.827 700.036 1504 246.995 451.11 1510 576.538 529.672 1581 494.843 746.009 1583 284.978 289.624 1586 594.462 538.737 1587 284.256 428.606 1588 138.141 445.666 1589 703.433 289.896 1590 470.073 477.295 1633 713.209 205.239 1644 684.593 201.228 1651 154.332 408.145 1652 665.608 166.823 1660 551.033 588.542 1664 148.208 274.371 1665 247.397 480.623 1666 574.451 60.3305 1667 610.121 591.795 1668 577.492 678.36 1741 128.618 319.241 1742 626.005 73.5531 1752 512.319 173.053 1754 120.544 546.796 1767 216.493 182.266 1797 251.647 173.241 1798 223.518 194.999 1799 498.86 524.911 1800 170.984 290.761 1801 489.379 129.207 1807 119.247 513.125 1830 237.008 702.404 1836 210.317 143.452 1841 398.854 253.218 1842 236.088 144.639 1843 420.258 89.0659 1990 536.199 114.611 2035 61.8654 591.388 2212 396.194 33.7489 2291 565.631 705.966 2473 338.432 142.794 3564 499.92 64.3957 3565 683.844 510.02 3566 97.3655 509.007 3629 342.78 128.297 3630 401.302 57.3832 3802 312.914 245.804 4744 186.599 182.697 4771 174.163 167.901 4790 386.297 332.008 4796 169.242 183.116 4811 502.632 263.761 4813 377.745 70.9582 4830 437.038 46.386 4837 202.95 135.791 4838 454.574 214.06 4839 205.15 161.894 4841 388.916 47.8822 4843 397.288 102.483 4844 230.935 607.184 4847 443.06 72.1758 4848 642.372 215.905 4861 44.0416 675.599 4862 423.027 60.0302 4863 88.4916 740.458 4864 502.428 220.463 4865 642.358 467.274 4866 267.975 541.171 4867 87.6654 722.514 4868 535.018 39.9519 4869 194.468 199.147 4870 160.743 686.794 4871 595.475 667.338 4872 351.563 162.84 4873 456.629 154.839 4874 154.483 209.421 4875 674.099 408.127 4876 58.1145 677.394 4877 264.497 179.241 4878 424.895 345.227 4879 456.59 90.501 4880 461.937 54.0498 4881 228.944 213.238 4882 111.842 739.082 4883 88.6907 538.979 4884 80.3237 709.402 4885 151.394 165.994 4886 197.705 229.946 4887 432.68 32.9855 4896 642.518 414.022 4897 566.091 738.177 4898 280.561 444.498 4899 156.738 384.632 4900 347.421 115.118 4901 261.473 387.011 4902 196.776 230.121 4903 365.938 54.5883 4904 253.474 250.761 4905 402.933 691.308 4906 183.224 295.684 4907 134.927 523.051 4908 564.859 66.3389 4909 151.613 330.548 4910 105.394 545.247 4911
156 -0.2731453247612106 -0.2999592341020691 -0.6428021336917034 0.6497857388088679 -7.77916279663036 0.2501192686230344 7.594265438135086 0 frame_00123_right_156.jpg
466.736 575.393 226 502.141 520.866 1092 254.73 568.802 1111 657.14 486.005 1325 454.782 601.338 1609 333.148 554.424 1613 311.112 596.992 1620 278.467 564.6 1621 479.78 385.482 1673 453.019 599.276 1678 609.645 451.88 1683 370.765 591.76 1695 402.316 653.768 1696 410.448 401.59 1697 411.247 355.512 1698 365.351 718.66 1699 545.167 562.545 1700 412.525 692.442 1746 291.34 358.75 1749 297.977 374.772 1750 160.969 620.301 2130 364.821 634.701 2838 462.081 709.405 4889 483.141 674.491 4890 588.702 572.533 4912 639.475 738.73 4913 358.544 452.487 4914 184.249 312.496 4915 187.504 286.124 4916 139.842 363.281 4917 193.268 637.084 4918 189.949 610.797 4919 162.875 494.98 4920 223.701 472.784 4921 697.064 229.816 4922 508.903 609.809 4923
157 0.6859558204624062 0.6819792447494017 0.1857037071840011 -0.1728671606838663 -5.630653197512099 0.09705866320010247 -8.152420520614738 0 frame_00124_back_157.jpg
191.073 228.117 757 330.92 427.745 758 269.916 583.653 1052 554.991 231.982 1191 514.712 678.655 1301 326.781 411.177 1315 604.778 510.671 1422 494.391 640.392 1423 250.925 249.082 1424 162.268 647.095 1425 224.395 246.263 1426 219.6 540.568 1446 196.848 261.851 1447 244.446 507.275 1448 126.939 425.439 1449 299.134 637.183 1517 367.002 292.139 1520 436.787 561.94 1522 172.383 249.709 1533 125.515 286.061 1540 124.846 432.541 1541 194.776 624.994 1672 124.423 506.829 1701 372.813 483.959 1846 452.234 702.038 2176 307.982 307.831 2540 199.845 507.735 2542 61.3723 587.022 3328 645.557 579.441 4031 193.057 598.309 4143 299.489 583.341 4859 163.361 262.938 4892 53.4627 739.493 4893 272.981 500.546 4894 206.479 305.87 4895 467.892 190.317 4924 254.839 545.324 4925 644.994 217.441 4926 383.181 658.206 4927 591.465 154.075 4928 571.799 206.625 4929 540.253 674.196 4930 589.866 696.944 4931 444.833 716.687 4932 464.313 639.982 4933
158 -0.006077217160453 -0.2574495798834609 0.9662479059974537 0.00691125205372673 5.770469179840336 -8.200973778761513 0.1590451429551948 0 frame_00124_bottom_158.jpg
611.651 44.0097 17 547.712 75.1141 34 644.95 75.6882 45 619.573 82.0999 63 664.109 31.4566 65 593.144 115.324 145 598.133 83.0346 254 546.738 60.9521 263 673.683 38.6799 272 528.767 61.3889 273 414.619 203.13 314 536.599 123.743 383 579.591 121.49 407 504.747 139.435 415 610.009 66.1996 464 545.502 89.159 466 590.622 153.086 467 512.85 150.762 476 452.583 206.541 600 445.561 221.583 601 531.475 287.132 606 470.73 242.999 614 519.216 232.401 620 426.597 313.809 657 425.148 213.927 676 491.809 219.824 684 416.205 298.122 688 509.435 284.003 690 443.674 285.349 692 530.89 170.001 702 448.776 326.472 703 326.062 162.47 704 539.331 262.199 705 511.434 98.7192 706 272.37 441.99 716 467.588 345.812 769 360.747 331.336 790 464.004 365.28 799 142.789 586.253 848 341.528 368.838 880 374.072 332.308 882 325.14 314.32 892 501.955 260.696 908 341.979 218.072 914 693.096 460.176 915 328.025 373.667 916 243.186 453.804 955 568.871 521.759 1007 283.688 200.755 1010 295.781 195.184 1021 531.958 520.706 1037 151.675 608.927 1054 256.458 608.103 1055 264.3 486.768 1073 201.073 522.936 1074 542.638 616.583 1121 257.003 208.475 1122 570.456 635.585 1124 576.985 624.408 1136 267.927 400.332 1152 269.351 185.074 1156 626.563 500.213 1163 181.464 636.897 1174 228.551 615.757 1179 128.635 639.813 1180 174.987 615.904 1182 186.131 594.971 1188 227.438 457.529 1244 530.948 630.046 1260 570.546 278.403 1266 632.605 139.581 1276 589.067 265.42 1278 294.616 129.529 1279 693.684 113.185 1281 232.316 522.203 1369 282.575 590.043 1371 264.18 582.502 1380 564.905 611.941 1390 579.961 376.88 1391 159.067 501.384 1399 340.559 148.57 1408 581.033 206.043 1468 172.755 599.806 1483 229.245 555.005 1484 524.597 721.639 1486 498.324 733.687 1488 140.95 517.667 1489 77.0857 329.556 1492 234.333 631.283 1497 551.135 463.173 1500 561.743 196.817 1501 503.357 403.3 1502 243.207 270.896 1503 482.308 727.349 1504 213.794 484.663 1505 588.491 546.286 1506 177.908 567.139 1507 583.528 659.972 1508 568.388 180.072 1509 241.549 536.183 1510 73.1154 514.903 1511 203.796 486.993 1548 172.489 515.004 1551 542.57 744.954 1563 558.62 651.146 1567 487.706 707.418 1580 576.274 537.521 1581 129.698 559.17 1589 619.211 177.071 1591 96.0345 538.866 1592 140.034 437.325 1593 565.393 597.3 1664 527.091 72.4614 1752 142.571 655.902 1767 145.583 275.962 1797 404.009 158.536 1807 225.572 59.3302 1808 131.908 625.804 1830 326.124 135.047 1990 447.801 134.174 2035 288.481 83.3625 2291 604.935 704.211 2473 396.905 94.5786 3565 257.62 192.174 3630 299.068 105.182 3802 471.999 499.798 4337 256.273 319.771 4744 117.442 285.137 4771 100.826 271.379 4790 99.3252 289.438 4811 449.135 293.809 4813 332.69 86.5941 4837 389.541 253.534 4839 128.983 258.367 4841 282.69 102.276 4843 323.267 106.443 4863 439.243 246.72 4865 283.631 617.494 4867 278.154 228.438 4873 378.072 191.497 4874 639.577 404.698 4876 109.312 656.317 4884 77.0924 275.321 4886 324.159 75.1453 4896 619.345 407.522 4897 612.782 735.46 4898 272.508 521.034 4899 137.315 496.561 4900 258.798 176.837 4901 239.296 471.036 4902 137.92 329.445 4903 263.64 111.154 4904 171.84 365.976 4905 446.906 727.511 4906 139.935 407.457 4907 150.261 630.619 4908 464.264 78.3705 4909 117.439 450.565 4910 128.112 657.839 4911 220.278 179.446 4934 426.362 55.0275 4935 427.424 276.205 4936 331.084 124.277 4937 515.522 41.6241 4938 247.928 236.189 4939 505.465 63.7547 4940 668.002 113.823 4941 531.867 488.791 4942 666.522 613.857 4943 259.617 237.009 4944 311.79 261.175 4945 330.853 242.177 4946 707.424 97.0154 4947 641.244 60.5121 4948 250.477 137.612 4949 259.188 126.083 4950 584.601 186.264 4951 633.721 444.581 4952 697.02 82.6522 4953 97.3152 653.663 4954 346.331 185.501 4955
159 0.3664431285536744 0.3678094084200388 0.6067806065010287 -0.6018745452232883 -8.258408394677067 0.04209801458121055 5.179714271034004 0 frame_00124_right_159.jpg
691.241 578.61 1089 482.28 657.706 1222 571.943 484.065 1325 504.572 519.123 1450 526.639 712.646 1451 337.34 200.376 1542 308.081 233.028 1543 289.322 677.801 1544 412.759 677.415 1596 265.171 569.981 1613 293.747 647.796 1622 633.106 513.107 1623 328.744 696.659 1624 441.243 690.586 1625 377.631 607.574 1678 477.733 563.312 1700 41.7179 668.728 2130 76.3475 672.573 2288 61.9337 210.593 2612 287.03 231.377 2781 317.888 659.989 2838 117.224 435.54 3208 414.285 723.59 4889 427.884 680.835 4890 522.073 570.116 4912 608.306 733.085 4913 285.926 458.692 4914 100.427 290.184 4915 90.5221 264.296 4916 57.5455 355.223 4917 88.7424 685.845 4918 78.5671 652.613 4919 42.7416 512.54 4920 104.949 487.779 4921 114.589 639.05 4957 159.543 620.334 4958 185.437 329.315 4959 157.151 557.061 4960 109.307 258.493 4961 152.154 645.092 4962 259.883 366.41 4963 284.399 271.186 4964 164.668 385.347 4965 71.4322 700.597 4966 83.9909 274.003 4967 201.694 588.643 4968 710.856 565.619 4969
160 0.6976535385882362 0.6902032999631984 0.1486144065515775 -0.1217074483363538 -4.322234054067249 0.1294553258343117 -7.843824199494566 0 frame_00125_back_160.jpg
706.852 446.695 228 625.157 261.713 829 209.784 635.538 832 233.721 575.997 1052 526.65 299.753 1065 560.662 665.812 1186 498.466 278.314 1191 670.393 662.491 1195 592.603 268.146 1206 321.026 510.108 1297 460.868 641.279 1301 284.065 642.197 1304 491.136 715.791 1312 555.407 78.5454 1313 419.404 618.056 1314 283.289 408.985 1315 282.299 658.979 1316 300.71 724.378 1319 542.796 232.845 1416 423.281 416.071 1419 724.808 576.093 1420 534.32 503.81 1422 438.783 611.962 1423 122.192 640.548 1425 412.324 660.462 2176 161.873 503.705 2542 562.868 559.765 4031 152.458 595.73 4143 431.261 250.052 4924 220.326 539.68 4925 559.193 276.03 4926 338.734 635.938 4927 521.477 237.696 4928 506.154 264.555 4929 479.722 639.189 4930 517.276 660.629 4931 403.743 668.11 4932 680.397 701.445 4970 584.226 249.898 4971 686.092 375.854 4972 76.968 545.449 4973 104.857 476.867 4974 689.862 347.558 4975
161 -0.01650471007392575 -0.1942547855207429 0.9806083935269666 0.01999628445806354 4.420948490080896 -7.825331086046383 -0.1114640364648358 0 frame_00125_bottom_161.jpg
502.641 112.27 34 601.672 97.8146 45 710.433 100.736 46 577.274 108.13 63 616.233 50.289 65 598.966 26.8693 71 516.969 110.678 77 554.109 56.2781 98 552.447 145.688 145 555.052 113.034 254 531.902 90.1736 258 499.501 98.6998 263 386.287 261.03 314 519.738 185.282 395 467.386 184.342 415 657.294 46.5864 446 476.571 195.108 476 402.179 30.6886 533 423.605 259.472 600 419.455 276.844 601 513.177 331.027 606 447.325 293.738 614 388.187 277.635 622 558.062 35.9697 626 450.417 268.566 629 397.294 271.052 676 490.25 330.304 690 469.561 141.565 706 170.812 672.451 848 315.514 286.882 914 213.481 329.239 917 188.782 635.592 938 250.884 530.596 955 546.172 432.59 1003 579.246 558.608 1007 254.5 276.211 1010 210.084 310.1 1019 266.142 269.082 1021 552.541 568.25 1028 184.207 687.531 1054 283.145 676.617 1055 427.151 712.364 1062 275.405 560.659 1073 564.804 654.418 1121 230.934 287.951 1122 594.74 671.171 1124 640.876 25.5237 1127 170.391 271.473 1130 600.949 658.841 1136 553.905 412.606 1153 239.267 262.706 1156 634.796 531.143 1163 214.582 710.408 1174 133.647 617.527 1176 145.936 627.907 1177 197.603 666.465 1178 257.876 685.944 1179 165.764 718.418 1180 206.746 691.808 1182 213.686 670.862 1188 395.388 706.842 1200 271.288 636.001 1203 235.517 535.605 1244 181.994 496.641 1250 605.821 336.349 1251 556.02 668.997 1260 586.978 686.728 1264 559.728 318.018 1266 555.076 620.524 1270 679.121 543.383 1273 325.056 362.244 1274 217.026 427.347 1275 595.126 168.798 1276 549.817 278.974 1277 569.856 299.246 1278 256.523 203.263 1279 653.837 506.897 1280 653.085 148.485 1281 243.324 757.596 1317 118.259 737.49 1318 176.828 599.099 1358 720.701 378.743 1367 249.124 597.397 1369 449.548 723.33 1374 40.979 493.798 1397 177.465 586.276 1399 572.279 458.086 1402 630.325 442.47 1403 101.128 436.597 1404 605.376 606.571 1405 581.399 409.123 1406 154.315 404.883 1407 304.679 217.373 1408 73.055 440.09 1409 666.57 547.373 1410 160.524 315.622 1411 89.0021 399.579 1412 78.6259 464.626 1466 554.401 242.772 1468 250.23 628.15 1484 161.288 601.448 1489 88.1849 492.163 1498 532.247 234.541 1501 260.413 609.388 1510 95.1081 610.083 1511 60.0317 500.52 1512 139.74 609.101 1513 586.904 75.7219 1514 153.439 648.664 1589 124.816 630.429 1592 481.011 112.352 1752 180.636 732.258 1767 368.421 218.303 1807 179.757 141.263 1808 738.922 521.739 1847 409.737 187.206 2035 243.958 157.494 2291 285.649 433.911 3042 229.286 271.124 3630 482.049 547.067 4337 366.384 315.054 4839 242.198 173.315 4843 279.462 175.125 4863 416.354 300.583 4865 310.989 683.103 4867 255.313 308.18 4873 347.013 256.415 4874 228.465 255.541 4901 190.67 263.721 4934 377.873 109.668 4935 406.601 332.776 4936 291.192 193.923 4937 464.51 83.2672 4938 227.589 316.087 4939 458.343 107.054 4940 618.749 146.966 4941 538.497 529.948 4942 692.277 652.892 4943 239.729 316.832 4944 292.321 332.691 4945 307.154 313.446 4946 659.623 128.557 4947 596.736 82.0938 4948 215.101 216.543 4949 221.886 204.522 4950 554.647 222.198 4951 635.198 472.141 4952 655.777 112.858 4953 137.411 734.734 4954 318.204 252.266 4955 346.032 127.996 4976 500.028 199.097 4977 288.236 447.093 4978 202.082 270.355 4979 320.616 220.282 4980 376.135 139.357 4981 347.72 311.164 4982 632.845 78.523 4983 660.554 173.22 4984 642.982 74.8137 4985 408.622 64.2194 4986 269.156 402.723 4987 357.208 287.48 4988 270.727 677.393 4989 535.405 79.1082 4990 391.029 49.5939 4991 346.035 208.904 4992
162 0.4077801693139908 0.4139480137809315 0.5924644548886484 -0.5579858825226417 -7.671278160554005 -0.1106051630056274 3.704533192674659 0 frame_00125_right_162.jpg
718.067 550.325 862 214.019 574.302 965 522.347 715.426 1087 660.248 560.376 1089 697.306 384.655 1095 526.815 647.421 1096 521.748 546.192 1099 407.171 229.769 1211 468.26 646.957 1222 391.605 252.764 1225 351.043 193.757 1226 508.47 637.221 1227 327.484 589.753 1326 310.803 523.964 1331 442.37 151.833 1336 319.886 633.53 1337 308.791 542.651 1338 557.993 695.755 1339 364.514 84.3734 1340 236.818 591.562 1341 360.326 122.632 1342 334.237 274.646 1343 293.709 42.3457 1344 415.277 195.482 1345 357.944 601.401 1346 338.32 190.468 1347 91.9322 629.754 1356 363.173 644.954 1431 392.377 399.115 1436 481.986 508.297 1450 521.169 95.7165 1452 338.483 384.633 1453 606.661 703.91 1454 300.137 641.375 1455 335.043 300.563 1456 638.498 727.224 1457 571.141 317.831 1460 462.442 553.694 1700 28.8676 694.981 2288 57.0162 165.313 2612 302.298 202.367 2781 323.184 660.864 2838 108.542 433.528 3208 413.07 719.009 4889 72.9997 652.527 4957 122.745 628.695 4958 172.973 309.714 4959 107.96 561.572 4960 69.3569 218.254 4961 118.698 657.558 4962 281.607 356.676 4963 297.697 244.764 4964 114.545 369.969 4965 27.1073 727.218 4966 42.5009 236.035 4967 178.931 591.08 4968 445.094 425.092 4994 162.108 627.258 4995 54.7837 265.702 4996 522.35 303.783 4997 36.6086 254.558 4998 695.682 577.461 4999 124.415 617.01 5000 652.465 584.24 5001 204.692 618.32 5002 122.842 677.885 5003 36.0912 571.943 5004
163 0.7043247334160317 0.6850660680271313 0.1419720018379443 -0.1202293767363391 -3.998559240952216 0.08003148078576205 -6.949279249574738 0 frame_00126_back_163.jpg
673.351 449.233 228 694.289 529.005 591 590.952 298.247 829 229.335 625.005 832 299.977 490.573 838 677.61 187.196 840 178.731 615.404 847 620.282 264.798 1058 337.085 737.977 1060 513.567 323.603 1065 626.762 191.137 1077 45.5009 744.95 1094 700.922 692.53 1175 669.489 257.115 1183 487.95 307.043 1191 288.578 197.739 1192 218.216 633.98 1193 296.86 605.348 1194 639.408 626.316 1195 558.038 659.385 1196 371.774 136.393 1197 563.586 322.448 1198 671.284 318.601 1199 608.09 362.784 1205 567.239 301.965 1206 423.297 607.845 1314 300.791 644.056 1316 319.18 702.044 1319 286.822 685.837 1320 505.363 662.907 1321 261.611 716.464 1322 734.731 563.834 1415 746.215 610.785 1417 527.416 503.281 1422 145.55 633.901 1425 148.589 739.434 1458 134.932 564.936 1702 42.3891 579.492 1803 296.276 723.68 2560 733.813 696.344 3117 66.2261 572.758 3328 553.777 558.633 4031 436.302 287.281 4924 511.757 647.542 4931 641.965 655.442 4970 564.341 289.393 4971 648.305 389.841 4972 110.641 544.745 4973
164 -0.01550744710914876 -0.1864256974109638 0.9817911041314427 0.03303341153068401 4.003125784805538 -6.908863395064191 -0.2697154217655082 0 frame_00126_bottom_164.jpg
609.635 33.5397 8 542.633 119.282 17 656.854 71.2432 18 646.381 54.2453 35 581.83 147.265 45 690.334 148.852 46 550.659 29.5244 59 557.132 157.898 63 518.301 67.8355 64 595.135 97.0752 65 577.464 74.9773 71 639.704 67.785 76 495.736 161.356 77 724.282 129.665 82 620.303 81.4562 91 533.604 104.685 98 599.989 42.6988 101 532.653 196.953 145 533.927 162.844 254 511.399 139.156 258 365.821 316.619 314 476.375 215.367 383 499.105 238.232 395 521.406 206.946 407 446.504 237.14 415 637.14 94.6828 446 385.125 91.0754 524 484.953 310.649 528 379.005 79.9899 533 404.227 314.51 600 399.829 332.245 601 494.774 386.358 606 427.373 348.393 614 474.506 332.001 620 536.508 82.8223 626 362.987 272.127 628 430.032 322.65 629 392.96 274.704 630 343.762 284.129 631 480.985 175.999 632 740.235 49.2394 633 427.776 211.779 679 445.341 322.293 684 447.752 193.688 706 509.815 227.569 707 475.375 238.391 708 164.641 719.115 848 646.398 508.742 898 296.23 342.803 914 195.555 385.321 917 656.503 221.66 925 297.431 716.683 945 238.669 583.061 955 527.436 482.972 1003 563.467 606.655 1007 236.218 332.105 1010 157.83 409.565 1015 191.728 365.386 1019 247.592 324.003 1021 534.354 614.746 1028 120.935 378.797 1046 178.009 732.424 1054 415.2 755.205 1062 109.391 659.75 1072 263.461 610.923 1073 549.974 698.612 1121 211.69 342.803 1122 575.017 712.505 1124 617.1 582.811 1134 579.935 700.543 1136 154.955 340.655 1138 443.856 671.103 1139 97.0487 416.573 1141 220.334 501.516 1151 252.931 527.842 1152 535.064 467.639 1153 713.394 478.218 1154 740.294 139.776 1155 220.66 318.981 1156 732.761 493.773 1157 584.326 725.337 1158 717.058 568.191 1159 527.384 453.308 1160 660.709 617.466 1161 568.958 726.866 1162 614.217 579.267 1163 685.647 482.337 1164 125.766 392.362 1165 127.154 665.079 1176 138.929 677.123 1177 249.691 730.272 1179 199.894 736.668 1182 204.893 717.04 1188 383.709 749.758 1200 347.512 716.29 1201 368.314 727.197 1202 261.27 682.966 1203 223.626 587.605 1244 561.611 430.068 1247 100.782 568.301 1248 170.488 550.424 1250 585.039 401.949 1251 653.084 606.102 1273 549.124 353.793 1278 134.077 524.755 1282 611.391 447.545 1283 594.549 78.9005 1284 595.923 670.654 1285 697.318 459.557 1286 257.403 441.789 1287 537.142 484.776 1288 704.736 281.89 1289 603.76 308.651 1290 528.791 316.632 1291 310.004 45.6809 1292 239.152 646.401 1369 240.337 676.204 1484 152.162 650.576 1489 248.333 657.591 1510 88.6422 659.876 1511 566.596 124.946 1514 119.011 681.053 1592 459.866 162.718 1752 348.242 272.46 1807 389.13 240.502 2035 742.844 545.474 2972 270.589 488.211 3042 210.125 327.036 3630 444.392 89.241 4265 407.092 148.069 4538 327.451 312.319 4874 208.382 311.671 4901 355.661 160.885 4935 442.684 133.143 4938 211.462 370.844 4939 436.51 157.529 4940 520.547 578.17 4942 222.674 374.891 4944 272.503 388.585 4945 289.351 366.889 4946 575.837 131.225 4948 533.922 273.509 4951 323.731 180.576 4976 479.155 252.519 4977 275.348 502.283 4978 185.599 330.173 4979 296.124 284.576 4980 356.218 192.32 4981 328.928 365.801 4982 615.773 130.924 4983 633.944 231.852 4984 623.451 123.88 4985 384.949 115.471 4986 253.58 456.798 4987 338.337 342.049 4988 264.788 714.851 4989 513.758 129.715 4990 368.171 99.6472 4991 319.308 278.215 4992 596.154 187.875 5005 438.381 269.202 5006 375.981 165.598 5007 606.254 202.378 5008 459.65 471.658 5009 478.544 473.526 5010 397.383 131.693 5011 233.994 498.212 5012 149.737 632.608 5013 362.379 45.0236 5014 721.794 104.964 5015 705.331 129.274 5016 565.912 143.045 5017 177.452 582.564 5018 651.459 42.4727 5019 626.478 216.843 5020 537.412 369.739 5021 480.221 668.783 5022 398.027 52.164 5023 503.973 358.349 5024 666.147 121.483 5025 591.164 177.018 5026
165 0.4195070249799302 0.4190611284359391 0.5982645707323316 -0.5389630136038508 -6.596594597424926 -0.1147632023351431 3.145664255165797 0 frame_00126_right_165.jpg
207.911 358.034 313 59.6143 462.705 432 597.488 604.649 745 561.296 714.792 748 237.965 578.482 965 378.257 606.823 976 714.722 516.845 978 719.814 371.09 979 501.869 293.198 1001 178.809 257.259 1002 724.862 395.058 1095 558.932 657.877 1096 360.135 578.58 1097 611.795 127.434 1098 559.815 556.462 1099 564.96 81.6434 1100 178.408 362.016 1101 498.244 499.685 1107 137.946 600.801 1111 505.311 222.189 1211 592.82 741.019 1221 458.121 123.091 1223 588.007 696.897 1228 636.549 262.008 1229 566.518 479.918 1325 358.818 600.839 1326 366.024 251.196 1335 266.871 599.689 1341 408.002 355.309 1348 463.814 446.194 1349 482.969 527.6 1350 109.914 635.65 1356 376.39 479.67 1435 454.621 302.062 1459 601.971 325.333 1460 401.275 578.592 1523 50.5355 705.275 2288 734.947 421.682 3683 300.021 618.22 3684 85.6371 444.822 3890 166.28 664.228 4705 668.127 266.565 4922 450.771 610.448 4923 92.344 659.495 4957 141.963 635.457 4958 52.6226 741.172 4966 91.8623 219.641 4967 525.235 433.713 4994 188.266 633.557 4995 90.958 255.048 4996 575.834 303.518 4997 67.5606 238.71 4998 733.555 588.507 4999 142.029 621.637 5000 694.898 599.34 5001 237.035 626.239 5002 149.594 688.69 5003 33.1284 701.901 5027 519.323 710.139 5028 423.821 542.649 5029 295.484 340.602 5030 684.515 605.78 5031 108.906 206.315 5032 693.872 663.603 5033 90.0989 719.59 5034 32.3002 713.107 5035
166 0.712421476169313 0.6834384446061217 0.1245739788636464 -0.0992414052559826 -3.337241841988282 -0.01954452578277394 -6.063488553637604 0 frame_00127_back_166.jpg
632.871 508.645 591 550.52 321.09 829 435.618 561.371 830 228.737 609.934 832 268.661 720.798 835 178.658 604.615 847 437.239 379.43 854 244.959 718.56 932 223.647 751.067 933 437.671 675.095 934 337.011 714.401 936 288.672 241.012 937 518.792 731.974 941 280.538 739.948 947 220.049 540.461 960 650.474 203.051 1048 513.114 651.555 1057 569.921 299.486 1058 524.19 629.602 1059 529.365 245.962 1061 487.77 336.968 1065 726.619 315.568 1067 534.688 709.898 1068 591.832 733.554 1071 494.713 306.991 1076 563.346 255.913 1077 677.649 112.654 1078 544.017 753.566 1174 581.8 745.217 1180 503.792 695.196 1181 468.014 324.703 1191 588.341 587.085 1195 525.994 630.968 1196 319.432 648.042 1204 555.176 379.503 1205 532.195 322.937 1206 674.893 433.235 1305 661.024 535.481 1415 666.878 566.946 1417 628.907 328.814 1418 696.978 324.247 1421 373.214 548.105 1522 60.2136 568.928 1803 310.268 486.343 1846 657.102 643.401 3117 80.7004 562.318 3328 152.597 662.414 3355 523.229 553.658 4031 407.265 580.035 4933 601.365 581.578 5036 201.937 509.298 5038 328.214 551.947 5039 58.7981 531.418 5040 222.944 715.063 5041
167 -0.01467078620548407 -0.1597613921778627 0.9862802810830169 0.0388879511971172 3.384086130397114 -6.002677779809517 -0.2648234991095946 0 frame_00127_bottom_167.jpg
574.204 95.6085 8 511.739 183.185 17 622.234 130.391 18 716.798 67.8161 21 621.875 216.664 31 453.524 229.099 34 611.506 114.13 35 551.81 208.958 45 659.932 205.272 46 552.503 49.2446 47 720.247 170.531 50 514.64 94.4224 59 619.511 95.928 62 528.023 221.895 63 484.355 134.388 64 562.857 159.127 65 544.14 136.244 71 632.451 66.888 74 604.347 126.622 76 467.479 227.075 77 692.574 184.24 82 586.398 141.934 91 565.101 70.6961 92 599.104 239.169 97 501.936 169.792 98 564.431 104.078 101 533.894 104.605 102 504.843 261.196 145 505.05 227.96 254 481.08 205.637 258 449.18 216.252 263 703.601 75.9261 270 645.197 107.216 279 451.423 282.275 383 475.257 305.239 395 495.083 272.574 407 423.197 305.587 415 603.649 153.769 446 511.238 302.152 467 301.92 108.087 523 464.933 376.314 528 347.344 151.816 533 356.332 326.495 536 502.918 148.283 626 373.365 344.672 630 404.222 94.5485 634 262.583 332.181 674 425.246 386.741 684 421.985 261.365 706 403.033 692.45 728 636.719 261.603 781 244.28 283.183 791 710.983 612.058 812 400.125 730.611 872 632.351 562.133 898 512.809 599.423 907 590.344 520.175 920 621.166 296.591 925 238.241 650.541 955 539.142 560.002 1004 556.382 659.26 1007 67.1696 515.672 1009 219.807 409.953 1010 90.6022 476.846 1012 148.541 486.492 1015 229.817 401.307 1021 108.328 508.913 1024 529.853 668.132 1028 548.152 402.796 1038 124.032 503.322 1039 490.475 353.909 1040 181.037 505.305 1041 310.94 270.371 1042 167.006 380.641 1043 187.098 513.447 1044 631.809 622.781 1045 109.017 467.272 1046 261.793 308.3 1047 196.601 424.68 1122 607.039 637.004 1134 90.3078 496.618 1141 127.743 223.055 1144 692.223 87.3142 1145 683.776 68.9777 1166 615.548 642.56 1167 166.38 409.267 1168 695.072 617.792 1169 579.984 656.647 1170 109.902 296.474 1171 133.555 735.084 1176 146.544 745.637 1177 223.858 656.041 1244 548.895 283.307 1276 507.77 380.056 1291 244.285 742.056 1484 158.364 720.104 1489 534.46 187.465 1514 431.819 230.594 1752 367.913 310.265 2035 364.365 720.187 2676 729.507 591.755 2972 263.896 559.066 3042 406.737 170.682 4265 279.648 121.045 4421 376.756 225.592 4538 441.821 70.3156 4706 329.132 233.85 4935 409.608 227.384 4940 514.361 634.695 4942 544.997 193.503 4948 332.841 266.359 4981 593.47 184.685 4985 358.347 185.671 4986 484.235 194.104 4990 567.671 249.417 5005 420.628 336.704 5006 350.28 238.41 5007 577.224 274.726 5008 448.248 534.16 5009 465.954 535.15 5010 369.101 204.449 5011 228.602 569.882 5012 152.959 703.16 5013 329.307 119.854 5014 688.44 160.692 5015 673.662 185.615 5016 535.437 205.63 5017 166.899 682.252 5018 616.255 102.192 5019 594.603 298.744 5020 519.335 435.995 5021 479.257 724.152 5022 357.861 130.791 5023 483.796 420.813 5024 671.879 66.9083 5042 511.566 54.5338 5043 405.899 146.876 5044 460.808 158.986 5045 169.109 623.058 5046 471.183 110.734 5047 314.546 279.25 5048 586.838 227.272 5049 586.838 389.923 5050 628.585 226.049 5051 720.362 105.556 5052 417.902 86.7295 5053 729.916 57.5149 5054 492.689 69.4595 5055 505.55 235.558 5056 285.857 316.76 5057 609.85 223.091 5058
168 0.4381827625938634 0.4343502609088403 0.5876175975543831 -0.5234895189575888 -5.568639963782474 -0.06226299668235097 2.499360330177514 0 frame_00127_right_168.jpg
220.729 358.901 313 63.8748 477.306 432 635.597 598.158 747 598.847 722.104 748 352.622 534.492 861 256.252 588.858 965 417.501 617.482 976 421.218 634.56 980 659.593 744.575 981 583.859 188.287 982 240.733 568.208 983 342.755 116.233 984 535.179 294.786 1001 205.377 249.395 1002 402.633 614.677 1084 297.4 581.134 1090 583.238 656.997 1096 371.146 665.632 1102 460.311 388.585 1103 509.886 265.488 1104 564.069 424.835 1105 520.823 708.557 1106 508.621 501.175 1107 462.112 492.817 1108 364.747 227.15 1109 142.235 614.789 1111 398.23 657.224 1224 391.1 204.616 1230 519.632 492.883 1231 642.44 437.189 1232 408.209 482.058 1233 295.837 613.881 1341 119.66 652.45 1356 492.524 303.077 1459 62.3888 733.68 2288 713.21 425.582 3683 330.7 631.288 3684 164.739 658.991 3685 135.397 453.158 3890 187.033 683.553 4705 104.131 680.516 4957 153.942 652.77 4958 216.716 653.018 4995 152.003 638.085 5000 265.146 640.8 5002 170.281 711.825 5003 42.3267 731.971 5027 556.277 718.621 5028 437.777 546.941 5029 321.064 341.61 5030 710.376 603.657 5031 181.131 194.592 5032 744.215 668.199 5033 109.062 749.812 5034 43.0795 744.711 5035 234.743 672.414 5059 411.887 677.983 5060 71.6514 635.24 5061 130.094 677.692 5062 75.9803 663.394 5063 211.823 637.146 5064 167.473 647.043 5065 288.04 659.628 5066 141.877 318.388 5067
169 0.7226204027611958 0.672315397331374 0.1187972836464562 -0.1081617558225978 -2.969126248091719 -0.04343597548681899 -5.059575986192261 0 frame_00128_back_169.jpg
456.337 686.272 646 328.405 633.993 715 245.378 517.303 717 687.299 688.468 738 548.778 346.337 829 447.558 567.041 830 258.024 617.088 832 531.519 359.662 834 304.508 710.974 835 291.737 271.531 849 355.075 434.139 852 446.842 396.895 854 282.486 709.122 932 265.839 737.241 933 263.005 694.752 935 365.313 704.026 936 533.153 718.333 941 317.002 727.384 947 642.042 133.729 956 669.593 149.061 957 669.215 677.466 958 581.676 229.346 959 247.012 550.331 960 296.235 257.45 961 641.374 155.984 962 697.55 104.1 963 317.49 713.564 1053 565.707 331.012 1058 531.466 628.45 1059 594.868 740.341 1063 493.075 358.033 1065 545.994 699.931 1068 395.39 749.252 1079 523.372 667.537 1080 290.524 729.699 1081 356.495 586.73 1082 518.723 679.124 1181 590.511 579.675 1195 652.805 443.877 1305 108.816 574.446 1803 203.699 653.406 3355 424.058 585.29 4933 57.506 569.416 4969 603.142 575.324 5036 222.112 522.246 5038 345.787 560.419 5039 89.6671 543.832 5040 259.607 706.91 5041 53.4554 497.242 5068 225.388 195.571 5069 438.999 609.497 5070 411.371 284.419 5071 276.076 736.769 5072 340.608 631.426 5073 640.289 256.307 5074 155.685 703.138 5075 155.785 658.281 5076 691.334 423.477 5077
170 -0.007012535971340424 -0.1609072348412514 0.9853987000573028 0.0552185479741268 2.939204175795612 -5.01572653875797 -0.3181730248519611 0 frame_00128_bottom_170.jpg
540.471 147.214 8 721.196 265.44 10 477.516 236.239 17 588.184 183.839 18 552.675 35.5865 19 681.753 121.013 21 693.957 186.681 28 585.719 271.085 31 596.131 79.5976 33 419.361 281.795 34 577.256 166.912 35 517.207 263.089 45 622.953 260.137 46 519.388 99.9012 47 711.57 190.548 49 700.826 218.878 57 480.558 145.096 59 583.022 148.545 62 492.095 275.887 63 451.469 184.947 64 527.958 212.37 65 509.283 190.325 71 475.759 201.453 72 599.32 119.089 74 570.099 179.743 76 433.818 279.81 77 566.062 32.6176 83 743.492 149.586 84 552.187 194.641 91 532.108 122.415 92 563.051 292.86 97 502.089 78.2437 99 530.429 157.197 101 500.186 157.588 102 607.739 92.1257 106 659.255 155.924 107 731.247 129.769 114 736.518 34.5831 117 469.938 314.963 145 585.002 255.183 249 471.528 281.966 254 415.116 268.694 263 663.627 256.736 267 668.96 128.921 270 572.564 78.0058 275 694.072 99.6586 276 533.216 303.772 277 628.585 57.8263 278 610.936 159.184 279 457.065 290.628 328 345.009 43.6836 340 591.371 54.4738 342 417.445 334.702 383 440.449 355.743 395 459.947 323.926 407 389.468 356.714 415 568.487 208.16 446 475.334 355.13 467 370.278 155.44 519 231.201 379.636 674 232.266 395.663 691 236.699 671.384 716 237.019 686.794 726 372.602 722.667 728 502.494 468.027 764 598.158 315.888 781 634.092 651.069 793 662.883 660.836 804 662.945 648.904 812 691.423 651.52 877 591.534 601.129 898 688.41 302.954 909 155.433 511.325 917 296.04 285.331 918 580.764 349.894 919 545.923 568.702 920 673.826 308.488 921 583.66 126.251 922 654.699 296.696 923 554.951 619.158 924 564.622 323.024 926 486.028 606.06 1004 178.575 592.51 1006 491.093 700.321 1028 454.772 402.774 1040 278.323 321.301 1042 519.457 76.3642 1123 354.874 724.184 1126 625.246 103.533 1131 223.677 637.688 1152 646.916 125.645 1166 649.554 652.133 1169 95.397 668.751 1172 452.66 35.0911 1173 199.181 690.282 1244 500.836 241.667 1514 92.6351 587.88 1669 398.192 281.794 1752 212.285 700.607 2008 702.23 650.335 2614 333.208 748.963 2676 703.675 163.432 3157 655.185 239.456 3158 242.032 169.295 4421 340.184 284.935 4538 408.797 118.281 4706 703.521 472.077 4817 300.66 317.634 4981 451.455 244.623 4990 318.295 289.136 5007 130.292 733.692 5013 581.362 154.765 5019 637.626 119.965 5042 477.598 104.772 5043 356.461 222.8 5044 428.181 210.776 5045 144.984 659.97 5046 437.804 160.485 5047 284.274 327.642 5048 550.594 280.855 5049 540.964 455.702 5050 591.877 281.83 5051 684.003 159.618 5052 383.594 136.617 5053 689.765 108.584 5054 458.914 119.596 5055 471.883 289.562 5056 253.867 365.879 5057 427.02 62.9566 5078 411.821 130.935 5079 521.79 58.287 5080 366.284 133.681 5081 597.709 139.218 5082 570.62 297.516 5083 449.308 105.308 5084
171 0.4427900502850659 0.4198021600882653 0.5919612997722323 -0.5265785196205262 -4.743464695210136 -0.04874650129488411 2.157785511383275 0 frame_00128_right_171.jpg
712.132 345.36 672 143.941 121.425 744 688.595 630.071 747 438.354 532.544 855 399.843 657.95 857 428.695 355.96 867 392.633 360.373 868 290.806 607.647 965 475.392 698.046 974 289.317 587.458 983 659.453 246.708 985 372.931 635.996 986 441.007 600.504 987 451.803 710.321 988 364.118 520.931 989 447.75 666.826 990 498.454 461.325 991 420.717 652.717 992 337.974 640.259 1341 394.32 338.169 3040 190.809 680.261 3685 578.152 687.324 3976 117.926 125.281 4891 652.136 535.415 4956 128.129 702.093 4957 178.78 672.295 4958 152.917 585.879 4960 248.622 675.387 4995 176.075 656.033 5000 70.179 590.496 5004 468.712 566.019 5029 270.232 698.136 5059 482.661 724.309 5060 90.5941 650.826 5061 156.863 700.064 5062 97.5258 682.315 5063 248.003 661.392 5064 192.745 665.509 5065 328.062 688.04 5066 199.048 319.325 5067 278.363 671.97 5086 399.23 580.416 5087 717.933 712.357 5088 533.973 641.755 5089 232.066 227.582 5090 163.872 237.77 5091 124.468 631.657 5092 160.224 97.7669 5093 438.258 221.817 5094 99.546 295.439 5095
172 0.714680276100173 0.6859126911385429 0.09464117337490258 -0.09898955192687783 -2.382789249285196 0.2242232175273372 -4.312887273422844 0 frame_00129_back_172.jpg
451.91 643.767 646 332.696 606.277 715 243.306 506.24 717 416.001 553.424 723 553.985 700.798 724 321.722 729.52 727 250.169 662.38 729 646.759 631.39 738 481.342 351.621 739 296.347 624.096 824 530.211 341.522 829 439.24 544.004 830 264.217 593.293 832 514.932 352.193 834 315.972 671.474 835 325.996 482.767 838 396.822 587.254 841 582.26 697.252 848 310.778 282.324 849 481.786 398.394 850 367.136 745.282 851 347.181 421.613 852 285.886 711.332 853 433.124 386.927 854 452.484 619.216 934 370.988 663.985 936 518.795 667.215 941 484.677 706.94 945 669.246 694.31 946 459.141 664.609 951 633.041 622.591 958 592.715 687.849 964 474.911 504.232 1309 381.77 647.162 1323 480.238 698.429 1640 212.406 711.832 1951 162.072 679.534 4314 163.052 484.759 4471 78.6466 556.35 4969 177.21 479.093 4974 571.046 371.166 4975 576.346 539.523 5036 86.2362 489.372 5068 282.266 239.289 5069 433.558 577.904 5070 409.572 296.442 5071 295.061 692.764 5072 345.282 600.579 5073 596.779 279.795 5074 189.254 665.959 5075 181.991 631.41 5076 647.317 403.596 5077 191.876 608.049 5096 329.524 645.63 5097
173 0.004897898448547785 -0.1389414888108558 0.9892429398308931 0.04549372783739297 2.429515649115744 -4.187712735175694 -0.1025046345847828 0 frame_00129_bottom_173.jpg
590.54 327.364 4 676.557 323.877 10 706.295 257.72 13 543.184 251.421 18 502.534 112.328 19 629.786 187.726 21 647.038 247.908 28 693.288 232.884 30 547.314 335.774 31 546.468 152.209 33 386.011 351.43 34 532.842 235.829 35 480.831 331.5 45 473.863 173.354 47 741.215 143.652 48 662.858 253.415 49 517.131 304.993 55 654.814 280.645 57 439.448 217.386 59 539.234 217.389 62 456.92 343.728 63 412.411 256.373 64 487.892 281.614 65 468.952 260.587 71 436.996 270.753 72 551.2 189.094 74 526.737 249.036 76 399.953 349.088 77 571.108 140.341 79 612.247 302.293 82 514.796 108.846 83 690.68 212.502 84 510.307 263.791 91 486.3 193.897 92 526.401 358.38 97 430.259 292.391 98 455.566 153.838 99 487.609 228.924 101 458.232 227.992 102 331.033 139.564 105 557.653 164.026 106 610.033 225.118 107 677.76 195.888 114 676.036 105.48 117 459.756 369.652 118 717.71 220.64 119 585.385 146.551 120 598.244 244.799 121 684.306 136.644 122 435.852 367.961 123 682.616 182.196 124 544.171 320.432 249 436.129 350.099 254 411.312 328.791 258 630.69 89.7226 261 380.774 339.974 263 671.83 265.029 268 617.823 196.227 270 705.129 127.932 274 523.85 150.702 275 639.661 167.272 276 497.906 369.415 277 575.952 130.538 278 565.065 227.456 279 422.992 359.127 328 506.241 395.62 329 301.894 123.821 340 517.472 125.997 341 539.849 127.552 342 722.078 170.515 343 427.005 391.175 407 336.683 339.935 414 477.092 399.38 440 527.007 274.817 446 443.441 417.432 467 304.678 268.776 517 331.345 230.289 519 282.272 290.313 524 258.869 243.727 531 692.161 69.0476 534 288.028 236.997 545 715.387 62.2614 546 253.792 222.131 547 468.879 472.068 608 201.931 456.233 674 117.214 493.468 675 530.479 413.007 681 233.699 422.115 682 210.511 460.772 687 205.123 471.203 691 156.245 463.32 693 224.09 441.446 695 687.683 80.2745 696 553.344 408.113 712 475.485 530.911 764 562.405 378.112 781 367.142 74.1656 784 205.903 407.435 788 616.069 702.575 793 653.255 110.262 796 560.219 692.185 798 735.733 369.77 800 189.283 449.049 801 538.022 397.453 802 216.701 483.84 803 641.578 709.241 804 680.781 601.715 805 55.2606 534.457 806 535.102 655.889 807 111.997 434.805 808 32.7724 452.225 809 45.442 480.957 810 577.551 698.218 811 643.798 698.823 812 533.474 684.709 813 484.83 650.753 814 256.883 721.927 843 265.708 729.155 845 351.501 716.059 896 357.095 727.671 901 543.538 442.769 925 528.581 385.684 926 337.321 93.1063 927 252.414 46.2279 928 525.237 45.6897 929 472.387 150.86 1123 204.922 712.04 1152 598.609 191.82 1166 631.56 702.049 1169 197.106 645.555 1254 117.6 211.897 1413 463.524 311.097 1514 412.09 751.058 1515 427.39 376.1 1516 683.037 697.119 2614 717.729 693.209 2795 490.514 94.4068 3312 582.602 538.057 3706 293.636 218.832 3707 481.326 87.6553 3966 592.784 73.2117 3967 272.863 124.161 3984 580.94 76.7065 4142 129.244 755.348 4888 442.848 82.2503 4993 536.266 224.047 5019 433.622 178.484 5043 391.347 281.778 5045 437.442 356.909 5056 382.877 139.53 5078 372.318 205.471 5079 474.398 134.335 5080 327.017 209.318 5081 550.882 209.619 5082 533.009 363.252 5083 404.472 184.752 5084 201.268 75.8678 5098 637.341 309.099 5099 376.422 159.988 5100 458.424 122.897 5101 608.859 28.3086 5102 337.442 271.499 5103 502.704 485.049 5104 470.527 98.5617 5105 509.763 525.864 5106 200.165 63.4615 5107 307.928 38.374 5108 508.947 255.523 5109 491.321 174.861 5110 345.143 164.9 5111 463.852 76.0526 5112 601.291 81.4539 5113 277.22 176.883 5114
174 0.4511496892051511 0.4339718002010038 0.5708061435666688 -0.5313311406523648 -3.951934817626275 0.1802712642911149 1.625816019024847 0 frame_00129_right_174.jpg
240.769 100.121 744 459.56 547.395 855 468.925 616.977 858 508.2 554.859 864 510.5 672.487 865 392.348 370.741 868 545.713 450.747 869 587.387 511.395 870 318.937 635.71 965 394.034 347.322 3040 220.534 119.335 4891 670.448 538.993 4956 199.776 714.538 4958 279.054 713.314 4995 193.751 694.936 5000 100.115 695.63 5061 109.613 731.639 5063 316.753 710.553 5086 436.969 595.303 5087 746.977 717.956 5088 560.779 655.708 5089 276.932 231.131 5090 210.814 242.538 5091 134.166 671.734 5092 270.281 72.2309 5093 479.382 222.513 5094 149.385 315.715 5095
175 0.6944619699828085 0.7099615766912015 0.06978361822758557 -0.09384763447634956 -1.866755500572947 0.5636193064933401 -3.598146454603814 0 frame_00130_back_175.jpg
225.422 712.093 170 458.957 686.171 182 613.032 667.184 548 359.172 697.466 640 638.818 698.772 643 448.433 594.659 646 276.454 683.668 652 496.379 653.153 653 337.699 568.903 715 555.024 724.857 716 412.529 519.527 723 538.41 634.147 724 557.777 687.7 725 547.655 712.032 726 274.229 613.042 729 493.842 742.348 732 471.242 512.583 735 260.06 676.878 736 643.632 322.105 737 616.484 570.747 738 470.265 329.795 739 336.487 710.222 740 228.266 737.992 741 226.69 275.046 742 365.04 670.377 743 498.742 329.208 834 323.359 458.346 838 520.566 742.657 845 563.249 629.612 848 316.324 283.413 849 380.048 677.795 851 339.671 397.478 852 421.062 363.321 854 376.871 613.912 936 635.306 621.671 946 571.07 619.677 964 436.314 696.399 1126 461.116 472.734 1309 242.758 654.99 1951 476.587 664.359 3858 190.101 636.749 4314 166.259 462.639 4471 103.573 532.822 4969 208.08 576.447 5096 338.54 602.303 5097 134.241 718.606 5115 639.505 724.357 5116 608.421 713.61 5117 453.097 298.664 5118 181.383 720.44 5119 161.956 633.427 5120 207.266 576.899 5121 677.705 249.505 5122 527.79 701.535 5123 600.331 748.047 5124 558.536 667.205 5125 189.373 678.248 5126 615.505 703.028 5127 571.521 369.866 5128 594.156 674.88 5129 154.849 230.934 5130
176 0.01631229717713306 -0.1193603572123593 0.9924774430071128 0.02180686151205384 1.896410848394809 -3.414618407654761 0.1218313892727228 0 frame_00130_bottom_176.jpg
454.917 292.048 8 499.905 323.68 18 453.799 189.718 19 580.744 259.731 21 731.848 502.91 23 601.098 316.9 28 507.864 405.873 31 498.191 227.354 33 490.518 309.145 35 680.56 212.758 48 615.001 320.854 49 398.599 293.549 59 495.277 291.152 62 449.09 354.003 65 703.771 261.181 67 669.268 247.727 70 428.837 336.006 71 398.698 345.347 72 504.16 261.228 74 485.099 321.596 76 521.821 215.615 79 570.992 369.645 82 465.809 186.927 83 638.805 280.391 84 470.258 336.354 91 443.676 268.534 92 488.341 426.646 97 446.066 303.41 101 417.259 302.842 102 714.242 456.173 103 289.669 219.684 105 509.667 238.825 106 563.215 297.277 107 630.39 253.033 124 492.777 271.259 127 534.544 190.356 129 574.567 168.146 261 493.803 456.51 262 569.081 268.011 270 588.467 239.043 276 461.362 437.314 277 525.029 205.914 278 520.745 300.517 279 472.441 463.576 329 727.585 434.386 331 469.65 203.421 341 491.282 204.864 342 680.404 233.684 397 486.595 346.938 446 754.432 511.56 470 266.605 346.748 517 292.106 308.139 519 245.173 368.213 524 238.811 354.563 533 629.534 146.104 534 579.25 144.066 603 500.692 474.372 605 683.658 54.4543 611 721.403 66.9413 615 653.361 108.737 616 708.121 91.6122 621 572.05 292.216 633 165.455 542.567 674 494.079 485.539 681 174.05 546.411 687 573.996 95.8152 689 169.715 557.642 691 630.702 154.52 696 658.23 500.822 700 570.763 449.55 709 700.107 522.456 710 717.192 357.476 711 517.827 476.812 712 458.844 473.039 713 681.796 217.52 714 240.932 722.577 790 598.206 184.257 796 348.605 722.711 799 150.724 537.077 801 428.953 744.015 815 242.432 79.3499 816 690.961 430.633 817 662.374 629.511 818 429.591 78.699 819 729.718 452.881 820 691.88 415.774 821 532.761 115.364 822 254.74 719.893 882 472.482 128.434 929 427.448 227.052 1123 550.466 263.62 1166 202.07 716.505 1257 443.143 174.244 3312 254.641 297.847 3707 432.22 167.341 3966 537.034 151.383 3967 140.901 406.529 3984 526.959 155.769 4142 476.71 98.2593 4170 383.301 186.896 4993 516.948 368.586 5025 655.089 414.196 5037 390.322 254.341 5043 337.83 218.703 5078 332.104 283.158 5079 287.308 288.298 5081 506.292 280.825 5082 492.657 436.389 5083 159.598 159.695 5098 595.309 378.625 5099 333.031 240.24 5100 412.894 201.22 5101 548.868 111.97 5102 299.53 349.24 5103 474.425 565.394 5104 422.737 177.791 5105 481.398 605.294 5106 158.138 148.138 5107 264.188 124.49 5108 469.064 328.694 5109 445.56 249.722 5110 301.94 245.886 5111 403.929 180.096 5112 546.674 160.393 5113 236.032 257.304 5114 748.173 99.2301 5131 217.9 568.341 5132 419.864 118.444 5133 547.322 117.459 5134 557.565 438.506 5135 705.883 127.203 5136 520.88 364.285 5137 651.476 369.76 5138 665.704 353.586 5139 593.079 153.741 5140 693.088 287.201 5141 679.77 564.188 5142 373.518 332.611 5143
177 0.7008120142729517 0.699829718970296 0.08913244327133776 -0.1056233527830212 -1.57199887916172 0.4099637090832571 -2.766958249033373 0 frame_00131_back_177.jpg
283.771 678.445 170 488.742 675.912 182 549.465 653.849 362 529.576 628.483 416 568.489 610.12 421 637.645 664.177 548 418.039 674.621 552 596.021 727.839 553 506.483 638.278 554 556.096 660.826 557 662.476 695.073 643 388.591 742.545 651 339.149 423.95 660 569.596 249.04 661 468.831 373.722 666 400.368 269.372 667 395.152 164.923 668 440.669 417.035 669 581.301 711.529 716 583.984 680.169 725 572.381 699.641 726 282.402 705.819 741 413.992 663.455 851 368.79 403.957 852 597.506 620.027 964 119.252 234.799 993 181.39 418.529 994 135.291 329.205 995 81.6022 336.076 996 623.919 404.252 1207 437.499 667.69 1293 488.084 478.581 1309 503.701 654.265 3858 207.016 679.69 5115 661.914 714.937 5116 630.592 705.187 5117 488.608 313.443 5118 245.44 684.221 5119 236.948 604.009 5120 251.909 567.648 5121 691.744 279.721 5122 555.343 690.588 5123 622.906 732.914 5124 583.672 662.903 5125 253.812 644.678 5126 639.647 695.88 5127 596.356 381.494 5128 617.349 670.091 5129 219.209 249.225 5130 383.821 604.058 5145 304.761 657.861 5146 434.841 640.057 5147 318.326 717.75 5148
178 0.00985729183988366 -0.1437441277154702 0.9888448595205854 0.03776643145196132 1.604086514679652 -2.41742842523774 -0.0391174937456423 0 frame_00131_bottom_178.jpg
437.647 340.845 8 612.396 454.168 10 365.141 189.396 14 482.613 376.097 18 567.725 313.545 21 707.584 566.106 23 485.476 456.581 31 485.766 277.21 33 472.847 360.742 35 675.651 523.011 40 674.762 270.48 48 613.023 500.69 52 380.105 339.147 59 479.462 342.362 62 695.409 319.453 67 361.764 177.109 68 659.26 306.682 70 489.863 312.602 74 583.145 250.997 78 509.721 265.735 79 549.089 429.562 82 454.952 233.411 83 626.814 337.694 84 701.294 554.876 89 427.879 316.766 92 499.673 315.832 93 427.851 351.3 101 691.056 516.576 103 496.938 289 106 548.885 349.218 107 619.344 308.188 124 419.166 200.321 125 681.831 535.354 126 477.324 321.445 127 702.524 252.705 128 525.454 241.572 129 545.898 333.429 130 687.157 96.7241 233 718.687 195.75 250 555.801 321.991 270 572.944 301.987 271 577.389 293.652 276 226.308 623.565 314 708.237 497.429 331 457.096 250.899 341 673.268 292.93 397 729.132 575.683 470 661.653 222.671 480 626.563 197.673 534 673.241 128.323 611 652.093 160.994 616 710.63 146.568 621 661.668 91.048 636 625.887 66.0858 637 569.826 145.477 689 625.126 206.614 696 697.996 434.644 711 526.316 159.645 822 218.354 750.14 882 465.002 172.772 929 207.693 741.794 1414 453.174 218.504 1959 667.553 283.468 3280 431.636 218.793 3312 421.152 211.316 3966 519.25 203.599 4142 472.19 141.04 4170 633.79 471.756 5037 490.214 331.455 5082 573.476 439.057 5099 144.383 181.056 5107 754.365 152.191 5131 188.684 602.213 5132 411.836 159.705 5133 542.005 165.373 5134 533.481 492.114 5135 705.849 179.499 5136 500.206 417.58 5137 634.845 437.741 5138 645.699 426.163 5139 587.057 204.749 5140 680.647 346.891 5141 633.132 642.843 5142 357.816 373.798 5143 694.968 211.286 5149 514.452 107.915 5150 398.229 181.134 5151 575.439 193.248 5152 740.05 641.827 5153 596.537 502.594 5154 717.359 624.947 5155 392.325 222.123 5156 370.677 151.468 5157 404.206 201.49 5158 499.156 185.59 5159 394.973 162.106 5160 654.177 115.222 5161 636.753 180.237 5162
179 0.4141088755545249 0.424836755034777 0.6124475384346456 -0.5224323721055493 -2.645101021983498 1.062693487130201 1.847694635465061 0 frame_00131_right_179.jpg
318.855 689.029 0 69.8925 541.976 435 329.609 223.224 581 569.821 333.469 582 538.05 513.081 583 618.992 53.9349 584 485.932 553.593 585 578.499 308.991 586 517.155 284.101 588 115.242 625.329 595 380.245 612.129 2095 394.327 471.707 2779 68.9832 637.043 3491 71.3575 543.611 5164 271.45 692.634 5165 283.218 723.844 5166 413.175 410.624 5167 88.522 657.023 5168
180 0.6516763431304986 0.7288887734106471 0.0997935452062626 -0.1846086350503373 -3.861191090448774 2.61507670932698 -0.7876587899037695 0 frame_00132_back_180.jpg
205.117 694.2 161 282.711 656.587 170 464.893 648.463 182 500.802 608.032 416 618.227 671.475 419 532.618 591.287 421 626.021 716.633 424 614.798 170.837 504 593.068 632.689 548 316.018 302.777 550 532.941 319.216 551 402.728 650.234 552 557.93 686.606 553 478.021 617.874 554 524.148 631.476 557 407.14 168.666 566 336.664 640.388 567 280.807 490.479 568 343.042 163.057 569 379.024 291.627 570 361.109 151.77 571 624.919 321.841 572 342.493 701.743 573 610.674 458.927 574 363.199 728.469 575 298.417 428.265 576 366.442 141.395 577 713.963 418.144 578 258.657 476.035 579 358.393 164.005 580 381.19 655.778 640 410.762 261.631 662 441.941 385.01 666 415.248 419.822 669 441.228 688.581 670 560.232 596.93 964 116.087 712.001 1627 586.694 665.854 5117 248.108 663.877 5119 548.206 633.302 5125 367.195 593.591 5145 305.67 633.612 5146 415.453 622.154 5147 316.426 685.692 5148 217.074 295.893 5169 95.8182 67.5438 5170 685.855 243.556 5171
181 0.01349714963065067 -0.1072472891189491 0.9932861252113102 0.04121309732579932 1.102232672339721 -1.655332697364886 -0.02235713387577383 0 frame_00132_bottom_181.jpg
592.65 488.715 10 326.536 246.276 14 408.159 288.768 19 693.681 591.424 23 454.496 325.788 33 691.715 541.563 37 545.372 553 38 658.963 551.253 40 642.319 304.856 48 597.021 534.746 52 567.448 446.59 57 612.922 471.38 60 665.355 351.916 67 322.04 234.649 68 628.842 341.863 70 460.802 360.838 74 477.587 313.815 79 420.201 284.446 83 599.062 374.006 84 687.417 580.673 89 674.36 543.764 103 466.913 336.561 106 589.688 346.721 124 666.288 563.615 126 448.575 370.32 127 518.471 376.603 130 93.4806 598.585 232 630.908 158.53 233 680.113 227.067 250 712.071 419.232 256 546.857 334.51 276 223.537 686.467 314 690.037 523.502 331 671.785 600.406 384 641.428 324.712 397 191.718 520.001 451 699.396 601.658 455 716.139 599.408 470 226.328 512.723 474 626.489 257.211 480 221.278 453.079 517 184.281 472.602 522 199.82 477.516 524 194.968 463.903 533 588.125 235.4 534 330.36 681.343 620 668.507 178.135 621 228.622 701.317 622 528.97 393.248 633 742.732 420.966 635 603.984 157.889 636 566.458 132.683 637 598.215 98.5421 638 587.561 245.035 696 665.72 340.625 789 555.25 275.812 796 83.7427 445.013 823 426.171 222.565 929 451.993 175.347 1242 416.928 269.308 1959 558.476 418.32 2287 739.567 208.205 3267 695.739 346.416 3281 395.715 271.587 3312 119.164 594.798 3536 384.316 264.404 3966 482.026 249.804 4142 431.874 188.604 4170 546.44 150.351 4498 615.55 504.256 5037 552.892 476.467 5099 550.297 245.95 5140 657.908 243.846 5149 476.774 154.016 5150 360.271 235.671 5151 537.096 236.101 5152 732.035 663.234 5153 579.933 539.23 5154 708.254 650.659 5155 356.596 279.88 5156 330.127 206.701 5157 367.426 256.622 5158 459.477 233.534 5159 354.014 217.153 5160 592.539 177.137 5161 597.03 217.837 5162 652.393 257.853 5172 738.22 185.472 5173 507.878 363.848 5174 386.115 678.626 5175 446.657 302.488 5176 391.904 250.705 5177 742.312 634.611 5178 335.829 228.107 5179 741.551 147.537 5180 678.121 410.742 5181 734.744 587.442 5182 561.761 86.1823 5183 707.771 641.306 5184 306.973 253.876 5185
182 0.4506007769861237 0.4463911925713929 0.5950160331954178 -0.4936089172761983 -1.599721093650265 1.083847249253545 1.211415880887621 0 frame_00132_right_182.jpg
324.994 711.287 0 163.753 211.007 312 555.142 736.044 431 63.3848 565.616 435 634.13 307.581 507 465.797 118.189 513 195.868 289.518 514 576.474 337.353 582 599.625 312.514 586 752.215 357.166 587 570.761 285.965 588 579.009 146.695 589 114.081 656.249 595 595.609 577.832 864 573.222 733.78 871 381.571 624.278 2095 388.632 464.74 2779 62.0066 674.9 3491 65.4647 566.925 5164 276.04 717.437 5165 291.621 752.154 5166 393.85 414.13 5167 81.5519 695.498 5168 25.3126 650.159 5186 93.5271 680.066 5187 171.321 698.737 5188 82.7381 613.39 5189
183 0.652256839460849 0.7249575807541002 0.124778524042457 -0.1828328236982967 -3.141020950601504 2.529526321673377 0.3639550699617801 0 frame_00133_back_183.jpg
442.514 569.013 152 255.192 654.918 161 174.063 671.004 162 239.345 564.375 163 431.828 163.716 165 299.564 356.065 169 327.569 623.912 170 204.385 532.063 181 489.865 629.786 182 387.212 621.67 184 396.559 665.811 200 348.411 138.801 286 353.07 662.547 290 307.253 592.342 296 533.895 277.229 299 370.607 579.311 347 231.571 625.063 350 447.825 343.392 357 503.181 617.489 358 539.344 615.209 362 380.996 594.169 363 289.62 526.626 364 282.855 566.382 365 323.959 172.795 366 523.908 597.064 416 632.844 655.489 419 427.985 725.284 420 642.408 695.756 424 368.602 655.493 425 481.112 170.187 426 286.226 697.031 427 342.701 268.433 493 406.387 679.899 494 440.358 417.756 495 341.191 433.004 496 600.183 127.698 497 372.78 394.965 498 362.412 422.795 499 228.231 666.407 500 419.509 397.3 501 319.089 270.341 502 687.252 237.874 503 651.455 220.835 504 612.514 622.414 548 431.213 627.539 552 501.702 603.663 554 544.408 619.745 557 343.667 699.148 639 630.729 644.283 643 422.625 597.311 671 321.106 691.335 760 179.433 664.679 1627 147.442 271.507 4032 357.211 562.697 4059 97.6322 281.875 5085 585.312 389.207 5128 595.439 627.09 5129 296.947 303.619 5169 293.518 158.189 5170 712.295 271.408 5171 53.8993 642.585 5190 157.372 167.955 5191 146.776 615.75 5192
184 -0.004024434941179982 -0.1282571343973457 0.9907792890089666 0.04347771694180892 0.5901858118728417 -0.7536601004884178 -0.0269839355933886 0 frame_00133_bottom_184.jpg
566.984 553.403 10 593.529 488.239 13 308.905 301.423 14 628.026 598.706 16 388.795 345.464 19 515.394 420.068 21 668.431 663.269 23 665.637 641.438 26 668.186 611.704 37 512.916 622.207 38 633.745 620.109 40 625.107 370.699 48 549.268 484.599 49 568.896 599.978 52 588.723 536.592 60 644.758 430.551 67 305.319 289.214 68 607.777 415.647 70 501.624 530.547 82 400.467 342.989 83 575.665 445.43 84 673.282 588.523 86 539.226 627.125 87 662.056 651.886 89 702.314 469.294 96 651.236 614.514 103 566.425 417.251 124 192.615 572.641 133 69.6055 634.822 232 594.124 617.99 238 540.332 404.805 247 694.928 488.337 256 519.526 408.298 271 588.148 356.226 274 524.732 400.767 276 461.435 363.918 278 500.092 594.757 280 587.189 454.784 281 620.235 645.077 282 586.027 343.955 283 97.8397 624.425 297 716.606 553.03 322 666.626 593.074 331 645.567 671.235 384 261.06 632.004 400 465.068 648.755 401 416.613 663.042 403 229.318 501.871 436 377.9 711.997 443 603.546 144.524 448 166.275 563.392 451 674.615 673.51 455 584.646 662.547 462 559.211 286.351 465 630.703 701.147 468 132.285 382.121 469 691.669 671.816 470 93.99 570.858 471 566.844 695.852 472 117.283 578.777 473 211.482 529.536 474 693.54 517.234 475 267.325 657.495 476 529.906 677.597 477 151.44 550.155 478 504.406 671.804 479 608.41 323.184 480 739.819 464.434 481 120.86 363.722 482 117.448 390.104 483 571.739 299.539 534 295.105 730.19 620 533.265 220.737 637 290.686 671.336 702 438.736 238.14 1242 398.102 327.259 1959 446.808 315.793 2177 535.343 479.068 2287 730.041 276.155 3267 738.943 285.147 3276 376.904 328.466 3312 92.5851 631.583 3536 367.184 322.126 3966 463.836 310.979 4142 412.956 248.434 4170 516.859 233.531 4498 526.673 538.711 5099 534.776 308.695 5140 342.403 292.005 5151 551.122 605.932 5154 348.785 312.994 5158 338.392 273.078 5160 638.432 324.136 5172 729.379 253.802 5173 491.05 413.903 5174 346.59 733.073 5175 426.838 361.298 5176 372.883 307.426 5177 719.33 710.642 5178 320.112 282.972 5179 736.205 215.966 5180 659.195 477.751 5181 711.049 660.651 5182 531.401 169.104 5183 680.244 716.091 5184 288.419 306.878 5185 612.382 470.919 5193 674.583 686.564 5194 647.199 98.5707 5195 639.685 184.351 5196 521.244 297.688 5197 703.519 682.611 5198 408.334 280.718 5199 283.89 646.747 5200
185 0.4068291783076589 0.4490456031068521 0.5825279457374666 -0.5417649475951777 -1.149168564598565 0.7741324295631505 0.9000794747730199 0 frame_00133_right_185.jpg
402.854 716.873 0 435.965 501.489 209 483.304 695.892 213 461.558 602.342 219 192.79 192.755 312 443.845 681.876 379 129.293 572.076 435 509.163 282.374 515 182.421 663.789 595 59.7592 299.618 751 132.163 688.097 3491 216.547 174.187 4169 149.457 652.149 5144 131.614 574.064 5164 87.1943 623.408 5186 162.32 692.064 5187 262.121 683.665 5188 150.848 621.072 5189 29.8512 611.259 5201 84.4196 587.43 5202 467.118 223.278 5203 667.664 488.029 5204 519.007 619.186 5205 467.013 124.469 5206 62.2498 616.297 5207 192.261 544.01 5208 224.08 201.375 5209
186 0.643341155373725 0.7380220743782328 0.1145143289536604 -0.1682915446394848 -2.7897941653935 2.464698882776272 1.098582619312782 0 frame_00134_back_186.jpg
419.749 722.579 160 269.307 621.111 161 208.591 626.44 162 244.302 536.424 163 189.499 707.376 164 443.732 189.727 165 392.675 713.778 166 357.569 580.691 167 296.174 343.654 169 331.959 592.702 170 522.131 708.52 171 233.955 589.673 179 260.309 523.828 180 478.916 595.612 182 389.42 588.111 184 268.395 120.017 189 371.593 186.554 190 576.07 211.968 191 252.322 122.354 192 166.037 696.419 193 475.599 193.309 194 284.567 468.093 195 437.952 99.6031 196 145.818 169.096 197 454.407 723.894 198 252.567 369.624 199 396.122 626.593 200 378.526 137.938 201 449.526 249.275 202 596.88 375.286 203 425.603 722.353 229 360.776 620.555 290 445.644 169.247 295 314.452 566.33 296 282.857 678.106 298 520.183 279.373 299 375.917 442.79 300 489.74 682.625 349 241.707 597.202 350 439.934 332.474 357 159.043 692.068 368 509.255 565.777 416 425.773 675.285 420 631.34 590.008 422 372.181 619.763 425 487.322 195.027 426 469.402 737.256 428 441.474 445.046 429 431.528 395.071 495 588.306 585.406 548 528.063 585.181 557 415.991 570.527 671 192.917 634.586 1627 738.822 331.42 2417 563.98 737.367 2895 159.767 257.144 4032 357.265 537.986 4059 108.176 279.665 5085 74.9062 617.456 5190 235.401 191.759 5191 152.663 593.352 5192 54.9786 740.56 5210 63.6635 677.104 5211 188.493 675.125 5212 66.7493 710.524 5213 218.333 499.893 5214 117.44 743.115 5215 547.492 659.013 5216 48.2853 64.1811 5217
187 -0.002567693598854653 -0.1064989421694945 0.9938151250483361 0.03135090894250402 0.2000267785814155 -0.05485887555284968 -0.01005333514347392 0 frame_00134_bottom_187.jpg
550.476 603.102 10 492.705 470.287 21 659.815 710.311 23 657.496 688.348 26 718.974 490.057 27 563.984 518.317 30 655.814 659.086 37 499.514 675.638 38 622.723 668.081 40 528.921 534.408 49 525.195 560.05 57 571.648 585.092 60 621.863 474.382 67 584.37 461.74 70 553.782 493.157 84 656.842 633.681 86 511.119 640.788 88 652.486 699.217 89 483.828 504.908 94 681.009 511.579 96 638.012 660.815 103 584.947 611.583 112 179.654 626.181 113 538.83 476.619 114 621.249 62.968 116 530.919 388.248 117 580.576 500.695 119 543.484 463.911 124 629.555 680.766 126 532.683 618.9 131 690.936 663.664 132 171.736 642.787 133 708.365 375.601 134 161.049 517.961 135 605.657 432.853 136 614.7 619.226 137 552.397 348.421 138 419.236 675.399 141 585.06 668.514 238 673.885 530.592 256 495.255 457.668 271 700.941 595.486 322 653.686 638.617 331 634.229 718.777 384 239.498 716.522 415 541.051 252.411 448 666.106 720.812 455 684.335 718.388 470 674.232 560.992 475 250.291 724.765 476 275.78 738.393 702 233.646 675.824 706 608.297 502.367 998 417.768 369.648 2177 515.518 529.168 2287 509.92 590.037 5099 309.531 333.622 5160 694.476 298.461 5173 467.79 465.152 5174 591.851 518.648 5193 669.248 735.012 5194 573.652 220.087 5195 572.836 285.714 5196 492.738 352.087 5197 697.071 728.52 5198 379.938 338.655 5199 269.108 714.29 5200 581.12 441.549 5218 531.294 482.982 5219 475.036 647.719 5220 408.716 668.479 5221 533.448 228.913 5222 387.325 678.088 5223 601.114 279.77 5224
188 0.4039864028178157 0.4646299493719063 0.5685666541367903 -0.5455693872356447 -0.6145747716617409 0.8779823499533199 0.5458090505763979 0 frame_00134_right_188.jpg
434.214 738.16 0 474.408 741.405 207 447.911 509.288 209 443.177 661.933 220 470.184 490.628 221 448.829 689.969 380 153.768 606.15 435 133.065 310.344 751 382.2 545.301 2355 382.761 203.459 4007 231.553 171.184 4169 89.6501 132.228 4268 138.841 473.24 4269 177.375 694.674 5144 494.461 332.749 5163 156.582 607.882 5164 193.259 738.098 5187 182.031 657.44 5189 54.0328 658.752 5201 110.33 640.02 5202 512.297 211.365 5203 677.216 483.131 5204 552.3 627.324 5205 503.459 107.912 5206 82.1229 664.551 5207 217.936 570.141 5208 249.783 201.062 5209 67.0986 649.103 5225 509.257 752.85 5226 328.539 560.517 5227 60.8899 590.592 5228 471.688 663.344 5229 44.5738 664.206 5230 195.812 635.976 5231 327.097 333.967 5232 37.3154 700.234 5233 541.148 721.719 5234 273.266 584.493 5235 34.5728 128.892 5236 68.5848 126.536 5237 216.046 567.794 5238
189 0.6277509107334915 0.7550342456449894 0.109845635460909 -0.1542271647498027 -2.584582118463004 2.392316016636601 1.734802422717006 0 frame_00135_back_189.jpg
593.186 688.779 154 474.828 685.791 159 278.091 585.148 161 217.248 592.029 162 246.959 511.124 163 453.881 198.919 165 392.794 659.801 166 356.452 549.528 167 474.173 711.533 168 294.247 326.199 169 507.31 658.354 171 237.567 558.058 179 447.393 422.668 183 386.284 555.635 184 394.089 196.595 190 183.343 652.879 193 446.291 670.597 198 260.794 352.286 199 393.036 588.846 200 385.728 164.683 201 405.185 653.991 285 315.814 533.032 296 480.135 637.457 349 184.466 625.873 367 175.78 649.092 368 557.201 690.023 369 415.16 752.92 370 413.791 741.865 371 229.664 608.354 372 494.455 537.065 416 605.267 555.716 422 697.129 362.124 663 703.044 318.005 664 409.525 540.345 671 701.3 317.938 2417 544.867 680.762 2895 94.6775 685.456 5210 97.8844 633.375 5211 210.578 637.191 5212 105.516 655.193 5213 223.042 474.206 5214 140.536 692.599 5215 530.679 617.105 5216 138.692 103.014 5217
190 -0.00803373386085638 -0.09252672803933332 0.9956611820527693 0.005751023549797262 -0.03284571750080913 0.4548942415826269 0.03975418712548873 0 frame_00135_bottom_190.jpg
548.293 659.458 10 482.163 523.666 21 660.845 746.674 26 715.499 536.799 27 555.973 569.009 30 416.402 678.164 31 252.904 708.363 34 645.638 661.989 36 659.972 714.942 37 625.226 726.324 40 451.006 663.746 46 585.162 473.798 48 523.082 588.444 49 503.474 624.332 50 519.054 615.537 57 569.006 639.773 60 613.581 523.696 67 575.104 512.363 70 266.55 704.414 77 478.846 640.429 82 545.695 545.171 84 676.252 559.631 96 397.077 702.624 97 183.491 499.719 105 583.516 666.719 112 530.529 528.649 114 713.219 551.156 115 529.741 470.054 122 595.091 480.914 136 172.452 501.379 139 283.263 717.416 140 415.387 739.877 141 624.634 725.936 142 712.231 486.31 143 323.066 742.551 144 307.09 733.581 145 658.391 651.848 146 457.546 648.559 147 506.025 488.241 148 600.128 414.738 149 543.574 408.89 150 253.242 262.825 151 304.649 700.644 254 671.111 580.567 256 486.06 511.357 271 702.203 645.768 322 656.268 693.943 331 505.946 339.255 448 255.672 720.001 632 223.878 745.634 706 602.58 552.498 998 508.407 584.238 2287 636.277 471.584 3253 362.349 705.558 5026 405.2 685.206 5058 506.296 646.958 5099 534.608 373.262 5196 570.223 490.068 5218 522.31 534.833 5219 471.734 711.849 5220 404.555 733.283 5221 495.29 330.29 5222 382.541 742.578 5223 566.539 369.044 5224
191 0.3983242284536083 0.4866863615465913 0.5538578880645827 -0.5456332416010031 -0.009546468958709114 0.9088459181761973 0.2682213983397537 0 frame_00135_right_191.jpg
546.885 227.148 205 502.164 619.823 222 503.747 695.988 379 479.929 692.841 380 192.799 632.979 435 389.893 568.079 2355 703.532 684.734 3254 471.266 697.467 3874 382.679 202.225 4007 126.512 106.44 4268 169.202 490.711 4269 221.685 725.886 5144 499.377 323.405 5163 196.259 635.504 5164 684.787 464.937 5204 106.086 690.088 5225 551.554 752.418 5226 359.593 561.45 5227 101.27 628.371 5228 499.673 661.442 5229 83.9948 709.588 5230 240.17 657.964 5231 352.64 336.972 5232 78.1905 747.334 5233 577.767 718.065 5234 304.881 597.403 5235 57.7216 103.187 5236 98.1526 104.305 5237 251.449 585.508 5238
