# 3D point list with one line of data per point:
#   POINT3D_ID, X, Y, Z, R, G, B, ERROR, TRACK[] as (IMAGE_ID, POINT2D_IDX)
# Number of points: 5239, mean track length: 3.12598
0 -6.710137844085693 -0.4368440508842468 -6.265617370605469 125 106 37 0 5 0 82 0 83 0 84 0 85 0 109 0 110 0 111 0 114 0 179 0 182 0 185 0 188 0
1 -8.656967163085938 8.457664489746094 -3.77627158164978 113 110 63 0 115 0 116 0 117 0 118 0
2 -0.4541791081428528 0.7202538847923279 -6.210792541503906 103 91 15 0 0 0 3 0 6 0
3 1.519170045852661 4.3694748878479 -5.829973697662354 110 98 13 0 0 1 3 1 6 1
4 -1.666721224784851 3.47312593460083 -5.959338188171387 98 83 10 0 0 2 6 2 78 0 173 0
5 2.001749038696289 0.418458104133606 -5.78547191619873 82 75 16 0 0 3 6 3
6 -3.748142004013062 -0.3451454043388367 -6.405986309051514 102 92 21 0 0 4 6 4
7 -4.11453914642334 2.643388271331787 -6.264594554901123 118 106 21 0 0 5 3 2 6 5
8 0.1606367379426956 2.276914358139038 -6.100156784057617 122 109 14 0 0 6 6 6 9 0 12 0 31 0 164 0 167 0 170 0 176 0 178 0
9 -0.953027606010437 4.861679077148438 -6.151160717010498 105 93 14 0 0 7 3 3 6 7
10 -2.918854951858521 3.100304126739502 -5.968273162841797 103 87 11 0 0 8 3 4 6 8 9 1 12 1 15 0 22 0 25 0 28 0 78 1 79 0 80 0 116 1 117 1 170 1 173 1 178 1 181 0 184 0 187 0 190 0
11 2.488693714141846 0.2546009719371796 -6.373816967010498 74 69 14 0 0 9 3 5 6 9
12 0.774486780166626 4.109271049499512 -5.882811546325684 125 116 21 0 0 10 6 10
13 -2.993136882781982 2.02787446975708 -5.95904016494751 103 92 13 0 0 11 3 6 6 11 173 2 184 1
14 1.833576679229736 0.4386952519416809 -6.154289245605469 98 83 21 0 0 12 3 7 6 12 178 2 181 1 184 2
15 -0.8187358975410461 -0.859211266040802 -1.92388379573822 35 24 10 0 0 13 6 13 9 2
16 -4.062464237213135 3.606584072113037 -6.019408226013184 103 90 13 0 0 14 3 8 6 14 12 2 15 1 184 3
17 0.6239373683929443 3.770217418670654 -6.024896144866943 127 111 13 0 0 15 3 9 6 15 9 3 12 3 15 2 18 0 40 0 42 0 158 0 164 1 167 1 170 2
18 -0.6639013290405273 2.573460578918457 -6.055387496948242 119 103 13 0 0 16 3 10 6 16 9 4 12 4 15 3 25 1 31 1 164 2 167 2 170 3 173 3 176 1 178 3
19 0.5199012160301208 0.7546053528785706 -6.187078952789307 96 84 13 0 0 17 3 11 6 17 170 4 173 4 176 2 181 2 184 4
20 -3.72463846206665 4.050151824951172 -6.045522689819336 79 72 15 0 0 18 6 18
21 -1.637503147125244 1.336123585700989 -6.097165107727051 112 96 17 0 0 19 3 12 6 19 9 5 12 5 15 4 18 1 20 0 25 2 28 1 167 3 170 5 173 5 176 3 178 4 184 5 187 1 190 1
22 3.237664699554443 2.285150051116943 -6.232901096343994 66 63 15 0 0 20 3 13 6 20 9 6
23 -5.009434700012207 4.44260835647583 -6.047319889068604 114 99 20 0 0 21 6 21 9 7 12 6 15 5 20 1 176 4 178 5 181 3 184 6 187 2
24 -2.409160852432251 4.543204784393311 -5.715317726135254 84 65 10 0 0 22 3 14 6 22
25 -3.245223045349121 4.460737705230713 -6.395164012908936 111 90 24 0 0 23 3 15 6 23 9 8
26 -4.877448081970215 4.111884117126465 -6.064844131469727 113 101 20 0 0 24 6 24 12 7 15 6 184 7 187 3 190 2
27 -5.095063209533691 0.8791515231132507 -6.153303146362305 88 76 12 0 0 25 6 25 187 4 190 3
28 -2.148422956466675 2.133892774581909 -6.016210079193115 102 89 18 0 0 26 3 16 6 26 9 9 12 8 15 7 18 2 20 2 22 1 25 3 28 2 31 2 170 6 173 6 176 5
29 3.818456172943115 1.636581420898438 -6.352017402648926 43 45 14 0 0 27 6 27
30 -2.747106313705444 1.753393530845642 -5.962042331695557 105 93 18 0 0 28 6 28 9 10 173 7 187 5 190 4
31 -1.078229308128357 3.766187429428101 -5.99695348739624 109 93 13 0 0 29 3 17 6 29 9 11 12 9 15 8 18 3 20 3 22 2 25 4 28 3 31 3 167 4 170 7 173 8 176 6 178 6 190 5
32 1.418743133544922 0.179499015212059 -6.255871772766113 67 57 12 0 0 30 6 30 9 12
33 -0.2786936163902283 1.150501489639282 -6.141998767852783 106 92 11 0 0 31 3 18 6 31 170 8 173 9 176 7 178 7 181 4
34 1.229857802391052 4.66808032989502 -5.991135597229004 111 97 15 0 0 32 6 32 9 13 12 10 15 9 18 4 20 4 42 1 155 0 158 1 161 0 167 5 170 9 173 10 190 6
35 -0.4426543116569519 2.39910364151001 -6.071736335754395 115 100 13 0 0 33 3 19 6 33 9 14 12 11 15 10 25 5 28 4 31 4 34 0 37 0 164 3 167 6 170 10 173 11 176 8 178 8
36 -4.242930889129639 2.779477119445801 -5.841354370117188 102 86 15 0 0 34 6 34 190 7
37 -4.7514328956604 3.648462772369385 -6.060565948486328 115 101 22 0 0 35 6 35 9 15 12 12 15 11 181 5 184 8 187 6 190 8
38 -2.32388162612915 4.225832939147949 -5.7160964012146 104 87 13 0 0 36 3 20 6 36 9 16 12 13 181 6 184 9 187 7
39 1.845667481422424 0.1396921277046204 -6.514452457427979 70 64 12 0 0 37 3 21 6 37
40 -4.300644874572754 3.937476634979248 -6.088647842407227 120 104 16 0 0 38 6 38 9 17 12 14 15 12 178 9 181 7 184 10 187 8 190 9
41 -0.647127628326416 4.068977355957031 -6.023043632507324 122 110 20 0 0 39 6 39 9 18 12 15 15 13
42 1.066564083099365 0.6938894391059875 -6.34402322769165 82 69 12 0 0 40 3 22 6 40 9 19
43 2.817928314208984 0.8657017946243286 -6.172801494598389 61 59 14 0 0 41 3 23 6 41
44 3.01508092880249 1.227341413497925 -6.269298076629639 61 57 15 0 0 42 3 24 6 42
45 -0.06821517646312714 3.959131956100464 -6.01137638092041 141 125 24 0 0 43 3 25 6 43 34 1 37 1 40 1 42 2 158 2 161 1 164 4 167 7 170 11 173 12
46 -1.523510336875916 3.450913667678833 -5.981498718261719 140 126 32 0 0 44 6 44 78 2 161 2 164 5 167 8 170 12 190 10
47 0.6842079758644104 1.742176055908203 -6.129898071289062 148 135 36 0 0 45 3 26 6 45 167 9 170 13 173 13
48 -2.987568855285645 0.2811780273914337 -6.073147296905518 142 126 34 0 0 46 3 27 6 46 12 16 85 1 173 14 176 9 178 10 181 8 184 11 190 11
49 -2.368988037109375 2.150991439819336 -5.994128227233887 134 122 33 0 0 47 3 28 6 47 25 6 79 1 117 2 170 14 173 15 176 10 184 12 187 9 190 12
50 -2.175471782684326 2.738901138305664 -5.994318008422852 129 116 31 0 0 48 3 29 6 48 78 3 79 2 167 10 190 13
51 3.556429624557495 1.140605568885803 -7.117317676544189 69 66 23 0 0 49 3 30 6 49
52 -3.170647382736206 3.811570882797241 -5.949955463409424 136 122 35 0 0 50 6 50 78 4 79 3 116 2 178 11 181 9 184 13
53 -2.000499963760376 4.304495811462402 -5.966061115264893 117 103 26 0 0 51 3 31 6 51
54 -0.3144938051700592 3.679504156112671 -5.996671199798584 135 123 34 0 0 52 3 32 6 52
55 -0.5013691782951355 3.44929051399231 -6.026076793670654 143 130 37 0 0 53 3 33 6 53 15 14 173 16
56 1.820582985877991 4.131915092468262 -6.129333019256592 118 107 40 0 0 54 3 34 6 54 9 20
57 -2.384985446929932 2.557438850402832 -5.984772682189941 140 128 34 0 0 55 3 35 6 55 9 21 12 17 15 15 20 5 22 3 25 7 28 5 79 4 170 15 173 17 181 10 187 10 190 14
58 1.506476759910583 1.945438146591187 -5.47159481048584 150 132 65 0 0 56 6 56 9 22 12 18
59 1.001251816749573 2.513705492019653 -6.094416618347168 141 129 33 0 0 57 3 36 6 57 9 23 12 19 15 16 164 6 167 11 170 16 173 18 176 11 178 12
60 -3.11318826675415 2.740582942962646 -5.912212371826172 133 120 28 0 0 58 3 37 6 58 9 24 12 20 15 17 22 4 25 8 28 6 181 11 184 14 187 11 190 15
61 -1.817798733711243 1.816320538520813 -5.900031566619873 116 108 27 0 0 59 3 38 6 59
62 -0.4639049172401428 2.116346597671509 -6.090804100036621 155 140 37 0 0 60 3 39 6 60 9 25 25 9 28 7 31 5 34 2 167 12 170 17 173 19 176 12 178 13
63 0.2263800799846649 4.234776973724365 -5.992118835449219 152 139 40 0 0 61 3 40 6 61 9 26 12 21 15 18 18 5 20 6 155 1 158 3 161 3 164 7 167 13 170 18 173 20
64 1.235655307769775 3.189196348190308 -6.068545818328857 150 135 39 0 0 62 3 41 6 62 9 27 12 22 15 19 164 8 167 14 170 19 173 21
65 0.02822921797633171 3.221745729446411 -6.030689716339111 156 141 38 0 0 63 3 42 6 63 9 28 12 23 15 20 18 6 34 3 158 4 161 4 164 9 167 15 170 20 173 22 176 13
66 -0.959074079990387 3.205466032028198 -5.933976650238037 135 123 38 0 0 64 3 43 6 64 9 29 12 24 15 21 18 7
67 -3.513058423995972 0.9222356677055359 -6.021777153015137 146 131 38 0 0 65 3 44 6 65 9 30 12 25 15 22 18 8 20 7 22 5 25 10 28 8 85 2 176 14 178 14 181 12 184 15 187 12 190 16
68 1.933672547340393 0.2808026075363159 -6.164829254150391 116 106 34 0 0 66 3 45 6 66 178 15 181 13 184 16
69 -0.85967618227005 -0.8872884511947632 -2.070371866226196 107 73 31 0 0 67 3 46 6 67 9 31
70 -2.927453279495239 0.8683304190635681 -6.038943767547607 150 135 39 0 0 68 6 68 9 32 12 26 15 23 18 9 20 8 22 6 25 11 28 9 176 15 178 16 181 14 184 17 187 13 190 17
71 0.3910999000072479 3.012456655502319 -6.041330814361572 158 144 38 0 0 69 3 47 6 69 12 27 15 24 34 4 37 2 40 2 161 5 164 10 167 16 170 21 173 23 176 16
72 0.8091137409210205 3.291525840759277 -6.071869373321533 149 130 30 0 0 70 3 48 6 70 9 33 12 28 170 22 173 24 176 17
73 2.677419424057007 0.8217293620109558 -6.343524932861328 100 89 24 0 0 71 3 49 6 71 9 34
74 -0.5028287768363953 1.658175945281982 -6.115911960601807 150 135 35 0 0 72 3 50 6 72 9 35 12 29 25 12 28 10 31 6 167 17 170 23 173 25 176 18 178 17 181 15
75 1.066392064094543 0.650945782661438 -4.86198091506958 148 132 64 0 0 73 6 73 9 36
76 -0.4062860310077667 2.603097200393677 -6.060561656951904 142 129 35 0 0 74 3 51 6 74 9 37 12 30 15 25 31 7 34 5 37 3 164 11 167 18 170 24 173 26 176 19
77 1.042443156242371 4.580440044403076 -5.986684799194336 151 139 40 0 0 75 6 75 9 38 12 31 15 26 18 10 20 9 40 3 42 3 155 2 161 6 164 12 167 19 170 25 173 27 190 18
78 -1.57393491268158 0.3927800953388214 -6.135452747344971 128 115 29 0 0 76 3 52 6 76 9 39 12 32 15 27 18 11 178 18
79 -0.5809493660926819 0.8896620869636536 -6.151886463165283 147 133 37 0 0 77 3 53 6 77 25 13 28 11 173 28 176 20 178 19 181 16
80 1.123297810554504 0.3961701095104218 -5.602523803710938 151 133 69 0 0 78 3 54 6 78 9 40
81 -0.8652305603027344 1.461434006690979 -6.772342205047607 90 86 66 0 0 79 6 79
82 -1.872630953788757 3.039722204208374 -5.984105110168457 135 123 36 0 0 80 3 55 6 80 9 41 12 33 15 28 18 12 22 7 25 14 28 12 31 8 34 6 78 5 164 13 167 20 173 29 176 21 178 20 184 18 190 19
83 0.3571983575820923 0.6620719432830811 -6.183193206787109 146 134 37 0 0 81 3 56 6 81 170 26 173 30 176 22 178 21 181 17 184 19
84 -2.588021278381348 1.457331418991089 -6.018063068389893 147 133 39 0 0 82 3 57 6 82 9 42 12 34 15 29 18 13 20 10 22 8 25 15 28 13 31 9 34 7 85 3 170 27 173 31 176 23 178 22 181 18 184 20 187 14 190 20
85 -0.09988578408956528 4.690749168395996 -6.019755840301514 139 129 36 0 0 83 6 83
86 -4.571670055389404 3.195643186569214 -5.919631004333496 128 110 26 0 0 84 6 84 9 43 12 35 15 30 184 21 187 15
87 -2.698196172714233 4.20083475112915 -5.689471244812012 133 117 36 0 0 85 3 58 6 85 9 44 184 22
88 -2.465927839279175 3.806296348571777 -5.945271015167236 126 113 31 0 0 86 3 59 6 86 9 45 77 0 78 6 116 3 117 3 187 16
89 -4.883236885070801 4.31372594833374 -6.075771808624268 140 127 43 0 0 87 6 87 9 46 12 36 15 31 178 23 181 19 184 23 187 17
90 -4.457159042358398 5.523307800292969 -7.109452247619629 135 121 32 0 0 88 6 88 9 47
91 -0.2235348075628281 2.886962175369263 -6.039828300476074 155 142 42 0 0 89 3 60 6 89 9 48 12 37 15 32 34 8 37 4 164 14 167 21 170 28 173 32 176 24
92 0.4028218388557434 1.982687830924988 -6.101077079772949 152 139 38 0 0 90 3 61 6 90 9 49 12 38 31 10 34 9 37 5 167 22 170 29 173 33 176 25 178 24
93 -0.638966977596283 1.642513871192932 -6.114729881286621 139 125 32 0 0 91 3 62 6 91 9 50 178 25
94 -1.578816056251526 1.829211115837097 -5.912996292114258 142 128 38 0 0 92 6 92 187 18
95 -0.9324480891227722 -0.7953264117240906 -2.003562688827515 143 106 43 0 0 93 3 63 6 93
96 -4.235530853271484 1.220121383666992 -5.666991710662842 123 109 29 0 0 94 6 94 9 51 12 39 184 24 187 19 190 21
97 -0.8622061610221863 4.176519393920898 -5.985542774200439 142 126 32 0 0 95 3 64 6 95 18 14 20 11 22 9 25 16 28 14 31 11 167 23 170 30 173 34 176 26 190 22
98 0.8365736603736877 3.619305849075317 -6.024497985839844 155 142 37 0 0 96 3 65 6 96 9 52 15 33 18 15 155 3 161 7 164 15 167 24 173 35
99 1.030419111251831 1.544762015342712 -6.126891136169434 140 125 31 0 0 97 6 97 170 31 173 36
100 -0.5088871717453003 -0.9055567383766174 -2.292012453079224 28 33 21 0 0 98 6 98
101 0.2524591386318207 2.471619129180908 -6.079597949981689 155 141 36 0 0 99 6 99 9 53 12 40 15 34 34 10 37 6 164 16 167 25 170 32 173 37 176 27 178 26
102 0.680191695690155 2.588054418563843 -6.085737705230713 150 137 35 0 0 100 3 66 6 100 9 54 12 41 15 35 167 26 170 33 173 38 176 28
103 -4.538992881774902 3.785147190093994 -6.119527339935303 139 125 45 0 0 101 6 101 9 55 176 29 178 27 181 20 184 25 187 20
104 3.347272634506226 0.5584244728088379 -7.023337364196777 66 64 20 0 0 102 3 67 6 102
105 2.869929075241089 1.856277942657471 -6.120833873748779 106 97 29 0 0 103 6 103 173 39 176 30 190 23
106 -0.486846536397934 1.276335000991821 -6.128294944763184 142 128 35 0 0 104 3 68 6 104 9 56 25 17 28 15 31 12 34 11 170 34 173 40 176 31 178 28 181 21
107 -1.489318013191223 1.944870471954346 -6.013679504394531 147 130 36 0 0 105 3 69 6 105 9 57 12 42 15 36 170 35 173 41 176 32 178 29
108 0.6290139555931091 -0.7143623828887939 -4.121028900146484 141 104 46 0 0 106 6 106
109 -0.9142777919769287 -0.8062075972557068 -1.715319395065308 31 32 19 0 0 107 6 107
110 3.437485933303833 1.239861607551575 -6.298030376434326 64 63 23 0 0 108 6 108
111 19.8804759979248 -6.195291996002197 -27.95415687561035 29 34 21 0 0 109 40 4
112 -3.631156921386719 3.282243013381958 -6.276718616485596 121 106 25 0 0 110 187 21 190 24
113 2.238113641738892 4.137046337127686 -5.268714427947998 114 96 27 0 0 111 187 22
114 -2.31210470199585 1.263627290725708 -6.020180702209473 136 122 30 0 0 112 3 70 85 4 170 36 173 42 187 23 190 25
115 -5.097297668457031 1.045385718345642 -6.108835220336914 117 107 34 0 0 113 84 1 85 5 110 1 111 1 190 26
116 -1.715616106987 -3.895048856735229 -5.041025161743164 148 129 66 0 0 114 187 24
117 -1.92123007774353 0.004821102134883404 -6.134035110473633 106 90 13 0 0 115 12 43 170 37 173 43 187 25
118 0.06163861230015755 4.60520601272583 -5.986016273498535 128 115 17 0 0 116 12 44 40 5 173 44
119 -2.977046489715576 1.471964001655579 -5.966641426086426 132 118 32 0 0 117 3 71 12 45 173 45 187 26
120 -0.8005625605583191 0.9163374304771423 -6.133509635925293 145 130 35 0 0 118 173 46
121 -1.43028461933136 2.252394437789917 -6.058236598968506 150 135 34 0 0 119 12 46 173 47
122 -2.183157920837402 0.421389639377594 -6.120235443115234 146 131 38 0 0 120 15 37 18 16 25 18 173 48 190 27
123 0.4216294288635254 4.708430767059326 -6.015128612518311 141 130 32 0 0 121 173 49
124 -2.359753370285034 1.070131778717041 -6.066009998321533 143 128 35 0 0 122 3 72 6 109 9 58 12 47 15 38 18 17 20 12 22 10 25 19 28 16 173 50 176 33 178 30 181 22 184 26 187 27
125 1.014659762382507 0.3313104808330536 -6.228924751281738 95 79 16 0 0 123 178 31
126 -4.472355842590332 4.108955383300781 -6.087377548217773 145 131 45 0 0 124 178 32 181 23 187 28
127 -0.350902795791626 1.8317631483078 -6.121025085449219 139 125 28 0 0 125 176 34 178 33 181 24
128 -3.334845304489136 -0.1227040216326714 -6.122028350830078 122 108 30 0 0 126 178 34
129 -0.7087052464485168 0.4480371177196503 -6.202921390533447 146 129 34 0 0 127 176 35 178 35
130 -1.396453619003296 1.710525155067444 -6.052347660064697 146 132 30 0 0 128 178 36 181 25
131 -2.066175222396851 2.656095743179321 -4.641603946685791 104 92 12 0 0 129 187 29
132 -3.854135990142822 2.677592754364014 -4.478441715240479 102 86 16 0 0 130 187 30
133 2.496251821517944 4.792849063873291 -5.760734081268311 128 113 37 0 0 131 184 27 187 31
134 -4.314931392669678 -0.6910721659660339 -5.88572883605957 87 77 13 0 0 132 187 32
135 2.821625471115112 2.825083494186401 -5.429316520690918 84 78 19 0 0 133 187 33
136 -3.276980876922607 0.4198883175849915 -6.314301013946533 133 117 34 0 0 134 187 34 190 28
137 -3.701083183288574 2.973471879959106 -5.643618583679199 139 124 40 0 0 135 187 35
138 -1.440917015075684 -0.3955851793289185 -4.311541557312012 118 105 24 0 0 136 187 36
139 3.226698637008667 2.046736478805542 -6.496201515197754 79 74 23 0 0 137 190 29
140 0.7574548125267029 4.711358070373535 -5.969724178314209 112 103 16 0 0 138 190 30
141 -1.210886240005493 4.584781169891357 -5.887971878051758 100 88 10 0 0 139 187 37 190 31
142 -4.598076343536377 4.231245994567871 -6.520533561706543 110 97 14 0 0 140 190 32
143 -4.632141590118408 0.113542266190052 -5.798906326293945 83 70 12 0 0 141 190 33
144 0.118086650967598 4.755094528198242 -5.734969139099121 104 94 15 0 0 142 190 34
145 0.3508689701557159 4.884457111358643 -5.971952438354492 103 90 12 0 0 143 9 59 12 48 15 39 18 18 20 13 40 6 42 4 155 4 158 5 161 8 164 17 167 27 170 38 190 35
146 -4.850776672363281 2.915306329727173 -6.452935695648193 98 85 22 0 0 144 190 36
147 -1.540519118309021 3.077033758163452 -5.783812046051025 125 116 30 0 0 145 190 37
148 -1.881207346916199 0.7418360710144043 -6.077162742614746 127 115 32 0 0 146 190 38
149 -2.038460254669189 -0.5506772994995117 -4.101884365081787 116 104 24 0 0 147 190 39
150 -1.493259906768799 -0.5048723220825195 -4.135832786560059 109 101 27 0 0 148 190 40
151 0.8881739974021912 -0.9553529024124146 -2.103568077087402 166 148 80 0 0 149 190 41
152 -1.732846021652222 14.78805732727051 -5.702164173126221 99 86 41 0 1 0 7 0 10 0 183 0
153 0.02561507187783718 3.834576368331909 -1.067774534225464 208 173 54 0 1 1 7 1
154 3.855921983718872 8.774105072021484 -6.323278427124023 126 114 30 0 1 2 7 2 10 1 13 0 189 0
155 5.659006118774414 7.649253368377686 -5.266511917114258 75 77 39 0 1 3 4 0 7 3 10 2
156 1.705706119537354 2.868681669235229 2.725465774536133 165 149 95 0 1 4 7 4
157 4.388787269592285 4.599906921386719 -0.4881400763988495 72 74 78 0 1 5 4 1 7 5 10 3
158 4.314727306365967 4.408106327056885 0.09534037113189697 62 61 63 0 1 6 4 2 7 6 10 4
159 1.350244045257568 7.764561653137207 -5.964265823364258 118 108 22 0 1 7 4 3 7 7 189 1
160 0.06702270358800888 7.484581470489502 -5.621930599212646 103 91 26 0 1 8 4 4 7 8 186 0
161 -4.342620849609375 8.238570213317871 -4.741431713104248 101 81 23 0 1 9 4 5 7 9 180 0 183 1 186 1 189 2
162 -3.334103107452393 5.475368022918701 -2.704416513442993 93 81 20 0 1 10 7 10 183 2 186 2 189 3
163 -6.483380794525146 9.853155136108398 -3.469087362289429 108 90 47 0 1 11 4 6 7 11 10 5 183 3 186 3 189 4
164 -4.542872905731201 5.770523548126221 -5.006444931030273 116 99 19 0 1 12 7 12 186 4
165 2.219399690628052 4.339847564697266 3.602364063262939 147 127 58 0 7 13 10 6 183 4 186 5 189 5
166 0.06032676249742508 6.283547401428223 -4.27401065826416 93 72 15 0 1 13 4 7 7 14 186 6 189 6
167 -1.874723076820374 8.765838623046875 -3.575961351394653 141 121 40 0 1 14 7 15 186 7 189 7
168 1.373845458030701 7.371617794036865 -6.245367050170898 132 121 35 0 1 15 4 8 7 16 189 8
169 -5.844087600708008 13.22941493988037 2.553447961807251 149 134 98 0 1 16 4 9 7 17 10 7 183 5 186 8 189 9
170 -2.728779315948486 8.939958572387695 -4.141534805297852 149 124 34 0 1 17 4 10 7 18 10 8 21 0 175 0 177 0 180 1 183 6 186 9
171 1.958820819854736 8.502087593078613 -5.730021953582764 149 138 49 0 1 18 4 11 7 19 10 9 13 1 186 10 189 10
172 -1.050246477127075 5.753644943237305 -3.734722375869751 209 174 57 0 1 19 7 20
173 4.305026531219482 4.486147403717041 -0.1821879744529724 105 151 174 0 1 20 4 12 7 21 10 10
174 -1.698831558227539 4.558384418487549 1.357675313949585 142 114 44 0 1 21 7 22
175 1.121932864189148 5.850897312164307 -3.236467599868774 166 154 82 0 1 22 7 23 10 11
176 -3.470294713973999 5.384022235870361 -4.408004283905029 189 162 75 0 1 23 7 24
177 3.892998933792114 3.795607805252075 2.975346565246582 99 88 40 0 1 24 7 25
178 7.951519966125488 13.62520503997803 0.9414681792259216 197 208 206 0 1 25 4 13 7 26 10 12 13 2 21 1
179 -6.699833869934082 9.337997436523438 -4.888928890228271 155 138 53 0 1 26 4 14 7 27 10 13 186 11 189 11
180 -5.793276309967041 9.88042163848877 -2.943330764770508 161 145 94 0 1 27 4 15 7 28 10 14 186 12
181 -12.70186901092529 13.77219867706299 -4.980569362640381 134 103 32 0 1 28 7 29 183 7
182 0.3184180557727814 12.55495548248291 -6.085535049438477 146 130 48 0 1 29 4 16 7 30 10 15 13 3 19 0 21 2 23 0 175 1 177 1 180 2 183 8 186 13
183 1.85564386844635 4.920117855072021 1.026979088783264 230 223 217 0 1 30 7 31 189 12
184 -1.414857864379883 9.655300140380859 -4.244932174682617 149 126 20 0 1 31 4 17 7 32 10 16 183 9 186 14 189 13
185 7.987858295440674 12.89707088470459 -3.824963331222534 88 111 144 0 1 32 19 1
186 9.290799140930176 13.46330070495605 4.482276439666748 109 110 88 0 1 33 19 2
187 9.278131484985352 14.43734073638916 -6.143252849578857 134 181 213 0 1 34 19 3
188 8.758344650268555 13.53899192810059 1.635977387428284 128 150 162 0 1 35 19 4
189 1.422405958175659 2.818781137466431 3.783970832824707 160 136 64 0 1 36 186 15
190 1.875329971313477 3.402896165847778 3.468669652938843 118 89 28 0 1 37 186 16 189 14
191 3.313405513763428 5.054930210113525 3.360068798065186 156 137 76 0 1 38 186 17
192 1.697994709014893 2.29799485206604 3.484163999557495 137 120 59 0 1 39 186 18
193 -4.852699756622314 5.517013549804688 -4.611825942993164 114 98 16 0 1 40 186 19 189 15
194 2.588613748550415 3.688974142074585 3.334028959274292 156 139 81 0 1 41 186 20
195 -0.05776695534586906 4.39946460723877 0.9330611228942871 131 111 65 0 1 42 186 21
196 2.545314311981201 2.850062131881714 3.582254648208618 156 139 78 0 1 43 186 22
197 0.9018915891647339 2.269209146499634 3.424567699432373 195 177 122 0 1 44 186 23
198 0.7414835095405579 7.587475776672363 -5.56221342086792 112 102 20 0 1 45 10 17 186 24 189 16
199 -2.755366325378418 7.09650707244873 2.010797739028931 131 112 59 0 1 46 186 25 189 17
200 -1.095470070838928 9.176815986633301 -4.941631317138672 122 103 23 0 1 47 4 18 10 18 13 4 183 10 186 26 189 18
201 1.88584315776825 3.371964454650879 3.742201089859009 160 143 80 0 1 48 186 27 189 19
202 2.111477375030518 4.668900012969971 3.133642435073853 167 152 97 0 1 49 186 28
203 3.716889381408691 9.040738105773926 1.266652584075928 157 143 93 0 1 50 186 29
204 -9.094145774841309 2.11019492149353 -3.699600458145142 58 42 14 0 2 0 5 1
205 -0.2284238636493683 0.1992777436971664 1.024414420127869 128 104 42 0 14 0 191 0
206 -9.439908027648926 4.550137042999268 -5.604572296142578 96 63 18 0 2 1 5 2 8 0
207 -6.758905410766602 0.2755240201950073 -6.213813781738281 86 77 18 0 2 2 5 3 84 2 85 6 110 2 188 1
208 -7.057888984680176 1.421871662139893 -5.612338066101074 81 63 12 0 2 3 5 4
209 -12.49195098876953 -0.499048113822937 -3.997046947479248 47 45 20 0 2 4 5 5 8 1 17 0 185 1 188 2
210 -7.691939830780029 5.819729804992676 -5.155289649963379 135 112 22 0 2 5 5 6 8 2 11 0
211 -7.705897808074951 0.6027829051017761 -5.528284549713135 105 83 24 0 2 6 5 7
212 -7.114871025085449 6.388837337493896 -4.92621374130249 129 110 29 0 2 7 5 8 8 3
213 -7.541058540344238 1.079016089439392 -6.145260334014893 99 84 26 0 2 8 5 9 14 1 185 2
214 -9.068232536315918 2.269714117050171 -6.588210105895996 148 114 27 0 2 9 5 10 8 4
215 -11.85133171081543 6.711682796478271 -8.307552337646484 163 129 39 0 2 10 5 11 8 5
216 -6.361650943756104 0.2710175514221191 -7.554989814758301 80 64 20 0 2 11 8 6
217 -10.76350212097168 -2.318090677261353 -4.64943265914917 44 49 21 0 2 12 14 2
218 -18.56179618835449 0.07998026907444 -6.854919910430908 153 131 72 0 2 13 105 0
219 -9.931499481201172 0.3731108605861664 -5.676186561584473 115 89 33 0 2 14 14 3 185 3
220 -8.584734916687012 -0.4457142949104309 -6.184510231018066 105 88 29 0 2 15 188 3
221 -12.87428665161133 -0.1107267662882805 -3.561062097549438 100 89 38 0 2 16 188 4
222 -9.589786529541016 0.3722993731498718 -5.805617809295654 124 97 39 0 2 17 191 1
223 0.9195204973220825 15.20761871337891 -4.808299541473389 60 52 15 0 48 0 49 0 153 0 155 5
224 1.565351009368896 15.35132122039795 -5.854716300964355 82 82 43 0 48 1 49 1
225 -7.454586505889893 13.930588722229 -6.136658668518066 118 85 31 0 66 0 67 0 68 0
226 -11.8108491897583 3.179530620574951 -6.65459156036377 90 79 52 0 45 0 156 0
227 -10.50623607635498 4.512947082519531 -3.697203397750854 94 71 20 0 110 3 111 2
228 3.430102586746216 17.04410362243652 -0.3851569592952728 91 74 29 0 160 0 163 0
229 0.02651284821331501 7.769834995269775 -5.965307712554932 133 112 36 0 10 19 186 30
230 -2.275371551513672 20.82341003417969 -5.946138381958008 78 74 38 0 57 0 58 0 59 0 60 0
231 -8.812255859375 1.498328447341919 -5.883412837982178 141 120 54 0 77 1 78 7 79 5 116 4
232 4.174385070800781 6.363815307617188 -5.860231876373291 121 102 31 0 181 26 184 28
233 -1.363068222999573 -0.6656058430671692 -4.218286991119385 86 78 43 0 178 37 181 27
234 -4.098153114318848 4.461781024932861 -5.92101001739502 112 95 11 0 3 73 6 110 75 0 76 0 77 2
235 0.4429396688938141 2.68811821937561 -6.213149547576904 120 107 19 0 3 74 6 111 9 60
236 3.115415334701538 2.24294900894165 -6.24883508682251 98 89 33 0 3 75 6 112 9 61
237 -0.9065134525299072 -0.8444254398345947 -2.088420391082764 93 53 15 0 3 76 6 113 9 62
238 -3.617495536804199 3.982449293136597 -5.944850921630859 104 89 11 0 3 77 6 114 12 49 76 1 117 4 184 29 187 38
239 -3.659165620803833 3.593722105026245 -6.597438812255859 107 97 20 0 3 78 6 115 9 63
240 -1.745580792427063 -1.242040634155273 -2.997190237045288 43 42 26 0 3 79 6 116 9 64
241 -3.263686180114746 -2.389916658401489 -3.767523050308228 77 62 27 0 3 80 6 117 9 65
242 -3.001892566680908 -2.066213846206665 -3.265377998352051 65 55 34 0 3 81 6 118 9 66
243 -2.890675783157349 1.895810842514038 -5.952000141143799 98 87 16 0 3 82 6 119 9 67 12 50 15 40
244 -4.505227088928223 -0.7328202128410339 -6.19226598739624 88 79 12 0 3 83 6 120 9 68 12 51 15 41 18 19 83 1
245 1.257246851921082 1.955619096755981 -6.069824695587158 83 74 16 0 3 84 6 121 9 69 12 52
246 -4.974854469299316 -0.4469653367996216 -6.163173675537109 85 75 14 0 3 85 6 122 9 70 12 53 15 42 18 20 82 1
247 -2.036003112792969 1.042839169502258 -6.399774074554443 94 83 14 0 3 86 6 123 184 30
248 0.9165545105934143 0.4852815270423889 -6.057781219482422 117 106 31 0 3 87 6 124
249 -0.9640127420425415 3.562190771102905 -6.000687599182129 149 134 40 0 3 88 6 125 9 71 12 54 15 43 18 21 25 20 28 17 31 13 170 39 173 51
250 -3.323132753372192 -1.008050560951233 -6.189444541931152 125 112 30 0 3 89 6 126 9 72 12 55 15 44 18 22 178 38 181 28
251 0.3699159026145935 -2.136636734008789 -2.970090389251709 121 104 48 0 3 90 6 127
252 -2.198829889297485 -0.9862939119338989 -5.988742828369141 88 84 33 0 3 91 6 128 9 73
253 -1.902678966522217 4.83057165145874 -6.065150260925293 110 97 27 0 3 92 6 129 9 74 12 56 15 45
254 0.5046469569206238 4.417951107025146 -5.99021053314209 145 131 43 0 3 93 6 130 9 75 12 57 15 46 18 23 20 14 155 6 158 6 161 9 164 18 167 28 170 40 173 52 190 42
255 -3.23839259147644 -2.169413089752197 -3.550141096115112 147 139 101 0 3 94 6 131 9 76
256 -4.721640110015869 1.696392893791199 -6.32134485244751 125 108 33 0 3 95 6 132 9 77 12 58 181 29 184 31 187 39 190 43
257 -1.957989573478699 0.009762544184923172 -5.608062744140625 116 102 27 0 3 96 6 133
258 0.9549264311790466 4.214632511138916 -5.995731830596924 156 144 39 0 3 97 6 134 9 78 15 47 20 15 40 7 161 10 164 19 167 29 173 53
259 -0.05201927199959755 -0.3506765067577362 -1.106284260749817 35 33 20 0 3 98 6 135
260 2.752612590789795 2.483048677444458 -4.966430187225342 118 114 68 0 3 99 6 136
261 -1.222223281860352 -0.05270501598715782 -6.205271244049072 129 112 37 0 3 100 6 137 20 16 173 54 176 36
262 -1.047432899475098 4.592536449432373 -5.992159366607666 135 122 35 0 3 101 6 138 9 79 12 59 15 48 18 24 20 17 22 11 176 37
263 1.358715772628784 4.515207767486572 -5.985570907592773 139 124 35 0 3 102 9 80 18 25 158 7 161 11 167 30 170 41 173 55
264 -2.059472799301147 3.704871416091919 -5.952832221984863 102 90 12 0 3 103 77 3 78 8
265 -3.343564033508301 3.015708923339844 -5.978726387023926 104 89 12 0 3 104 77 4 78 9 79 6
266 -2.586498975753784 3.71934962272644 -5.956494808197021 95 81 12 0 3 105 77 5 79 7 80 1
267 -2.079434633255005 3.235074281692505 -5.973081111907959 117 105 24 0 3 106 25 21 78 10 79 8 80 2 170 42
268 -2.560022115707397 2.271900415420532 -5.988285064697266 131 119 24 0 3 107 79 9 173 56
269 -4.569815158843994 -2.263185262680054 -6.300000190734863 75 60 15 0 3 108 83 2
270 -1.493057370185852 1.512279033660889 -6.075300216674805 155 142 47 0 3 109 12 60 15 49 18 26 25 22 28 18 31 14 34 12 167 31 170 43 173 57 176 38 178 39
271 -1.65233051776886 1.147982239723206 -6.092197895050049 143 130 35 0 3 110 178 40 184 32 187 40 190 44
272 -0.1662227660417557 3.226025104522705 -6.03795862197876 136 124 22 0 3 111 158 8
273 1.59890878200531 4.624558448791504 -6.009469032287598 143 131 37 0 3 112 158 9
274 -2.41837477684021 0.1894078254699707 -6.109302520751953 112 96 12 0 3 113 173 58 184 33
275 0.05806874111294746 1.223066449165344 -6.141050338745117 120 103 11 0 3 114 170 44 173 59
276 -1.675999045372009 1.014968752861023 -6.076604843139648 112 96 17 0 3 115 170 45 173 60 176 39 178 41 181 30 184 34
277 -0.4963360726833344 4.455391883850098 -6.001286029815674 113 99 12 0 3 116 9 81 15 50 170 46 173 61 176 40
278 -0.6096080541610718 0.7326696515083313 -6.146891117095947 147 131 34 0 3 117 170 47 173 62 176 41 184 35
279 -0.8683428168296814 2.164310693740845 -6.075775146484375 153 138 36 0 3 118 12 61 15 51 22 12 25 23 31 15 167 32 170 48 173 63 176 42
280 -2.026802539825439 3.880657911300659 -5.665019989013672 116 96 16 0 3 119 184 36
281 -2.858452558517456 1.597650051116943 -6.151642799377441 123 110 29 0 3 120 184 37
282 -4.101304054260254 4.296849250793457 -5.931763648986816 139 125 34 0 3 121 9 82 12 62 15 52 76 2 184 38
283 -2.316060066223145 0.02238904125988483 -6.054928302764893 128 114 33 0 3 122 9 83 12 63 184 39
284 -2.260994434356689 12.16929054260254 -5.356612682342529 132 120 57 0 4 19 7 33 10 20 13 5 16 0
285 0.1941824406385422 6.655185699462891 -4.427589893341064 109 96 30 0 4 20 7 34 189 20
286 1.794328331947327 3.901806354522705 3.722003698348999 83 69 33 0 4 21 7 35 10 21 183 11
287 0.006768966093659401 3.818902015686035 2.972815752029419 161 145 87 0 4 22 7 36
288 -0.8875845670700073 5.661486148834229 3.336535453796387 134 115 62 0 4 23 7 37
289 0.02491659112274647 4.068648338317871 -1.067202925682068 207 171 54 0 4 24 7 38
290 -1.441943526268005 7.95034646987915 -3.974361419677734 126 100 27 0 4 25 7 39 183 12 186 31
291 -0.2147311419248581 3.601871728897095 -2.415560483932495 113 89 13 0 4 26 7 40
292 3.115965843200684 3.49406909942627 3.262628078460693 153 137 80 0 4 27 7 41
293 8.790253639221191 13.3015079498291 -4.270293712615967 149 183 216 0 4 28 7 42 10 22 13 6 21 3
294 0.0516224317252636 3.557969808578491 -2.200456857681274 82 67 15 0 4 29 7 43
295 2.369641780853271 3.706356525421143 3.549591064453125 156 139 80 0 4 30 7 44 186 32
296 -3.026412010192871 8.667793273925781 -3.235905647277832 191 159 55 0 4 31 10 23 183 13 186 33 189 21
297 8.374711036682129 13.09265613555908 -13.85135650634766 121 104 26 0 4 32 184 40
298 -4.214875221252441 8.310019493103027 -6.521956443786621 179 158 73 0 4 33 123 0 186 34
299 2.619773387908936 7.316350936889648 3.063972473144531 160 143 85 0 4 34 183 14 186 35
300 -0.6952335238456726 8.314094543457031 0.1488629281520844 190 185 161 0 4 35 186 36
301 -8.78627872467041 -0.1891768872737885 -6.128190994262695 89 74 19 0 5 12 8 7 14 4 17 1
302 -15.34877681732178 0.04270157217979431 -2.352294683456421 164 148 89 0 5 13 8 8
303 -14.80733299255371 0.9502299427986145 -1.395277142524719 159 139 79 0 5 14 8 9 11 1
304 -14.48366165161133 -0.820300817489624 -1.508178949356079 126 108 59 0 5 15 8 10
305 -7.591382026672363 6.698719024658203 -5.782662391662598 112 86 13 0 5 16 8 11 11 2 14 5
306 -15.22986507415771 0.05603593587875366 -2.375730991363525 169 152 98 0 5 17 8 12
307 -15.28724765777588 -0.6397692561149597 -1.304513096809387 179 160 103 0 5 18 8 13
308 -15.39557075500488 0.7236837148666382 -2.036871910095215 183 165 111 0 5 19 8 14 11 3
309 -14.50882911682129 -0.01479495037347078 -2.127393960952759 167 150 90 0 5 20 8 15
310 -15.08960819244385 -0.292712926864624 -0.7977529764175415 189 170 119 0 5 21 8 16 11 4
311 -11.88611888885498 0.1874653398990631 -3.363115787506104 100 75 27 0 5 22 8 17
312 -3.306609869003296 -1.820080995559692 2.596777677536011 160 142 83 0 182 1 185 4
313 -7.85938549041748 -0.5093998312950134 0.2932027578353882 136 116 73 0 165 0 168 0
314 2.025752305984497 7.405084133148193 -5.912336349487305 101 88 21 0 18 27 20 18 22 13 25 24 28 19 153 1 158 10 161 12 164 20 178 42 181 31
315 1.541505813598633 4.765504360198975 -5.9748215675354 134 123 42 0 9 84 12 64 15 53 18 28 20 19
316 -2.822895288467407 5.759562969207764 -3.78904914855957 195 164 60 0 20 20 22 14
317 5.345327854156494 7.350787162780762 -6.034843444824219 87 83 49 0 22 15 25 25
318 -5.850708961486816 -0.8213470578193665 -6.324871063232422 150 135 66 0 20 21 22 16
319 -2.123526334762573 4.622361660003662 -5.812965393066406 95 81 13 0 6 139 9 85
320 -4.539203643798828 1.946183085441589 -5.336884021759033 67 52 11 0 6 140 9 86 12 65 15 54 18 29
321 0.8506060838699341 0.2772140502929688 -5.765559673309326 85 73 16 0 6 141 9 87
322 -5.190329074859619 2.521594047546387 -6.110365390777588 95 76 16 0 6 142 9 88 12 66 184 41 187 41 190 45
323 2.012895822525024 3.123889446258545 -5.557337284088135 99 85 19 0 6 143 9 89
324 -2.331180572509766 0.4783866703510284 -2.57483983039856 80 70 14 0 6 144 9 90
325 -5.239234447479248 -1.968227624893188 -6.273805141448975 108 95 40 0 6 145 9 91 12 67
326 -0.132821261882782 4.336263656616211 -5.976354122161865 145 133 35 0 6 146 9 92 155 7
327 -5.192470073699951 0.1233090162277222 -6.136743068695068 113 103 27 0 6 147 9 93 12 68 15 55 85 7 111 3
328 0.6464364528656006 4.626824855804443 -6.002365589141846 137 125 31 0 6 148 9 94 12 69 15 56 170 49 173 64
329 -0.7618595957756042 4.808385372161865 -5.966491222381592 137 121 34 0 6 149 9 95 12 70 15 57 18 30 20 22 22 17 173 65 176 43
330 -2.235698223114014 4.53558874130249 -5.593263149261475 124 96 22 0 6 150 9 96
331 -4.725016593933105 3.405224084854126 -6.169759750366211 155 141 65 0 6 151 9 97 12 71 15 58 176 44 178 43 181 32 184 42 187 42 190 46
332 3.35390043258667 3.371956825256348 -7.445272445678711 126 115 34 0 6 152 9 98
333 -1.094373345375061 4.673786163330078 -6.662073135375977 135 121 33 0 6 153 9 99
334 0.3761769235134125 -3.324030637741089 -4.518450736999512 123 97 31 0 6 154 9 100
335 -1.501824736595154 2.980830192565918 -5.977332592010498 103 90 14 0 6 155 78 11
336 -2.92257285118103 3.890769958496094 -5.937199592590332 135 120 34 0 6 156 78 12
337 -5.494166374206543 -0.5667952299118042 -6.205775260925293 88 76 10 0 6 157 81 0 82 2 83 3 85 8 109 1
338 -5.27275276184082 -1.41395115852356 -6.246738910675049 93 83 13 0 6 158 84 3 85 9 86 0
339 -5.752735137939453 -0.06347869336605072 -6.171811580657959 125 115 31 0 6 159 15 59 84 4 85 10 86 1 90 0 108 0 109 2 110 4
340 3.337023258209229 1.786039471626282 -6.113624572753906 67 62 13 0 6 160 170 50 173 66
341 0.2474088221788406 0.8920481204986572 -6.182381629943848 112 98 12 0 6 161 173 67 176 45 178 44
342 -0.08224313706159592 0.8285987973213196 -6.177638053894043 125 111 14 0 6 162 25 26 170 51 173 68 176 46
343 -2.813202619552612 0.7663430571556091 -5.999323844909668 149 131 33 0 6 163 173 69
344 1.056428790092468 3.983145236968994 3.608543872833252 164 145 82 0 7 45 10 24
345 -2.904663324356079 10.15594863891602 -4.403195381164551 131 115 44 0 7 46 10 25 13 7
346 -0.6263531446456909 4.711628913879395 -2.262847423553467 209 174 56 0 7 47 10 26
347 -5.179046154022217 15.35903358459473 -6.973324775695801 121 109 51 0 7 48 10 27 183 15
348 8.538106918334961 13.70784759521484 0.3582391738891602 109 124 134 0 7 49 10 28 21 4
349 1.158620357513428 9.504763603210449 -6.218451499938965 108 97 15 0 7 50 10 29 186 37 189 22
350 -5.799789428710938 8.735271453857422 -4.636462688446045 108 88 23 0 7 51 10 30 183 16 186 38
351 3.961859941482544 3.687813758850098 3.374235868453979 150 133 81 0 7 52 10 31
352 2.42377781867981 4.961973190307617 3.828004598617554 154 136 78 0 7 53 10 32
353 4.636909484863281 7.925600528717041 -0.6446828246116638 178 203 217 0 7 54 10 33
354 3.836277008056641 3.698111295700073 3.137096405029297 128 111 64 0 7 55 10 34 13 8
355 5.278239727020264 7.189788818359375 0.5041172504425049 172 206 205 0 7 56 10 35
356 4.359496116638184 3.421418905258179 2.946303129196167 128 118 71 0 7 57 10 36
357 0.3374036252498627 10.75495147705078 2.377368450164795 174 159 115 0 7 58 10 37 183 17 186 39
358 0.6827457547187805 12.78825378417969 -5.730684757232666 121 109 24 0 7 59 13 9 16 1 19 5 21 5 23 1 183 18
359 9.049667358398438 13.10894966125488 -2.816537618637085 112 153 184 0 7 60 21 6
360 6.831916809082031 14.29085063934326 5.190734386444092 126 109 62 0 7 61 21 7
361 4.804535865783691 16.7797737121582 0.3373564481735229 147 133 82 0 7 62 21 8
362 1.605279088020325 13.60281753540039 -6.05529260635376 136 123 35 0 7 63 19 6 21 9 177 2 183 19
363 -2.458184242248535 11.23001575469971 -4.678690433502197 127 115 47 0 7 64 183 20
364 0.9186100363731384 3.827615976333618 0.9532142877578735 128 113 73 0 7 65 183 21
365 -4.347769260406494 9.41771125793457 -3.141224384307861 180 145 53 0 7 66 183 22
366 1.486196041107178 4.046210765838623 3.634644031524658 170 158 99 0 7 67 183 23
367 -6.140779495239258 6.659830570220947 -5.147490978240967 108 95 19 0 7 68 189 23
368 -5.155779361724854 5.566144943237305 -4.628586769104004 114 98 16 0 7 69 186 40 189 24
369 3.084051132202148 8.697739601135254 -6.517971515655518 143 134 43 0 7 70 189 25
370 0.947746753692627 4.811865329742432 -4.41267204284668 136 108 27 0 7 71 189 26
371 0.9118083715438843 4.870718955993652 -4.283480167388916 136 115 42 0 7 72 189 27
372 -4.570219039916992 6.738326549530029 -4.333205699920654 178 161 101 0 7 73 189 28
373 -15.1361255645752 0.1846581399440765 -0.5109678506851196 170 150 92 0 8 18 11 5
374 -15.07547760009766 -0.5640344023704529 -0.6152742505073547 178 157 101 0 8 19 11 6
375 -15.07260513305664 0.2594930529594421 -0.6549462676048279 140 126 86 0 8 20 11 7
376 -8.053633689880371 0.1109776645898819 -6.23604154586792 94 83 26 0 8 21 11 8 14 6
377 -14.47303485870361 -0.6283323168754578 -0.5993896722793579 146 125 74 0 8 22 11 9
378 -14.94181346893311 0.7425620555877686 -1.181226849555969 181 161 110 0 8 23 11 10
379 -7.824541091918945 0.1969444155693054 -6.254064083099365 95 80 17 0 8 24 11 11 14 7 17 2 79 10 80 3 81 1 82 3 83 4 89 0 90 1 91 0 92 0 112 0 115 1 185 5 191 2
380 -7.884757041931152 -0.2533906400203705 -6.262313365936279 102 88 24 0 8 25 81 2 82 4 188 5 191 3
381 -7.072139739990234 15.25739192962646 -5.977297306060791 153 117 45 0 131 0 137 0 138 0 139 0
382 1.569554209709167 5.109635829925537 -5.975493907928467 128 116 19 0 9 101 12 72 15 60 155 8
383 1.012742280960083 5.421474933624268 -5.964284420013428 105 91 11 0 9 102 12 73 15 61 18 31 20 23 42 5 44 0 158 11 164 21 167 33 170 52
384 -4.697410106658936 4.67884635925293 -6.058463096618652 129 114 21 0 9 103 12 74 181 33 184 43 187 43
385 1.847702264785767 2.141803503036499 -5.872463226318359 88 78 16 0 9 104 12 75
386 1.910213470458984 4.792444705963135 -5.980021953582764 95 83 11 0 9 105 12 76 15 62 18 32 20 24
387 -5.164682865142822 4.764967918395996 -5.973713874816895 114 99 21 0 9 106 12 77 15 63
388 1.453304767608643 3.658914089202881 -6.056809902191162 120 107 31 0 9 107 12 78 15 64 18 33
389 -4.144093036651611 1.767871379852295 -4.42140007019043 55 36 16 0 9 108 12 79 15 65
390 1.133255958557129 0.6981397271156311 -1.54890251159668 37 43 21 0 9 109 12 80
391 1.716285109519958 2.167075872421265 -4.321096420288086 103 90 30 0 9 110 12 81
392 -4.587643623352051 0.02437215112149715 -23.03384971618652 59 52 28 0 9 111 12 82
393 1.539937376976013 5.24718713760376 -5.942814826965332 145 133 38 0 9 112 12 83 15 66
394 -1.594697237014771 3.242778539657593 -6.035807609558105 119 109 26 0 9 113 12 84
395 0.5773540139198303 5.612751483917236 -5.957515716552734 143 131 36 0 9 114 12 85 15 67 18 34 20 25 22 18 161 13 164 22 167 34 170 53
396 -0.6909816265106201 5.321020603179932 -5.939623355865479 132 117 33 0 9 115 12 86 15 68
397 -3.090120792388916 0.5682111978530884 -6.097790241241455 151 135 37 0 9 116 12 87 20 26 82 5 176 47 178 45 181 34
398 -0.8701731562614441 4.19533109664917 -6.018070697784424 138 125 34 0 9 117 12 88 15 69
399 -4.709203720092773 5.911933422088623 -5.824463844299316 151 136 45 0 9 118 12 89
400 1.246227502822876 5.283223152160645 -5.573884010314941 147 136 42 0 9 119 12 90 184 44
401 -1.876448392868042 5.082974433898926 -6.054339408874512 104 90 25 0 9 120 12 91 15 70 184 45
402 -5.2284255027771 4.758471012115479 -5.735787868499756 139 119 45 0 9 121 12 92
403 -1.102283716201782 5.213951587677002 -5.648829460144043 116 101 27 0 9 122 12 93 15 71 184 46
404 2.155210971832275 1.017097473144531 -5.891632556915283 116 107 35 0 9 123 12 94
405 0.8954595923423767 5.732842922210693 -5.942546844482422 99 93 35 0 9 124 12 95 155 9
406 -2.257225036621094 0.5704346895217896 -6.366384983062744 150 138 75 0 9 125 12 96
407 0.4398089051246643 5.083130836486816 -5.962738037109375 143 129 36 0 9 126 12 97 15 72 18 35 20 27 22 19 40 8 42 6 44 1 155 10 158 12 164 23 167 35 170 54 173 70
408 1.523853778839111 2.403604507446289 -4.839008808135986 181 164 94 0 9 127 12 98
409 -4.375460624694824 -1.908260345458984 -6.27284574508667 90 80 15 0 9 128 84 5 85 11 86 2
410 -11.12318706512451 -7.809590816497803 -15.63217258453369 146 122 57 0 9 129 104 0
411 -4.412604331970215 -0.8019154667854309 -6.245049476623535 94 85 15 0 9 130 112 1 113 0 114 1
412 -5.048220634460449 4.513715267181396 -5.93064546585083 92 90 48 0 9 131 119 0
413 -4.065060615539551 4.998885631561279 -5.901453971862793 145 128 30 0 9 132 75 1 76 3 77 6 78 13 116 5 118 1 119 1
414 2.003599166870117 4.716160297393799 -5.985629558563232 116 100 45 0 9 133 173 71
415 1.318744897842407 5.879844665527344 -5.934456348419189 137 123 30 0 9 134 18 36 153 2 155 11 158 13 161 14 164 24 167 36 170 55 187 44
416 1.225410342216492 13.17275810241699 -5.282172679901123 113 98 30 0 10 38 13 10 16 2 177 3 180 3 183 24 186 41 189 29
417 9.240594863891602 12.77609348297119 -4.307313919067383 67 90 116 0 10 39 13 11 21 10
418 -2.903017282485962 6.40297794342041 -3.546319484710693 141 117 45 0 10 40 13 12
419 3.938087701797485 12.13331604003906 -5.737229824066162 113 99 25 0 10 41 13 13 16 3 180 4 183 25
420 -0.1978683918714523 8.625091552734375 -5.639042854309082 118 108 45 0 10 42 13 14 16 4 183 26 186 42
421 2.107528686523438 13.36400699615479 -4.803629398345947 117 105 39 0 10 43 13 15 16 5 177 4 180 5
422 4.518303871154785 12.00744819641113 -4.896965503692627 154 138 75 0 10 44 13 16 16 6 186 43 189 30
423 8.708053588867188 12.97694206237793 0.03963200002908707 193 224 229 0 10 45 13 17 21 11
424 3.94761848449707 10.70094013214111 -5.551346302032471 120 105 25 0 10 46 180 6 183 27
425 -1.823553085327148 9.187305450439453 -4.902518749237061 115 92 18 0 10 47 183 28 186 44
426 2.514734029769897 4.761436939239502 3.619236946105957 160 143 82 0 10 48 183 29 186 45
427 -0.2401210069656372 4.725084781646729 -1.685327649116516 212 178 55 0 10 49 183 30
428 1.014621138572693 7.624515533447266 -5.857952117919922 138 126 36 0 10 50 186 46
429 1.678767561912537 5.305171966552734 0.9256512522697449 207 196 172 0 10 51 186 47
430 -7.943320751190186 -0.2652146220207214 -6.264975070953369 99 87 27 0 11 12 14 8 17 3
431 -6.986598014831543 4.160637855529785 -5.791015625 94 77 26 0 11 13 182 2
432 -5.300914764404297 -2.209047794342041 -2.21675968170166 96 85 36 0 165 1 168 1
433 -5.845832824707031 16.73245239257812 -3.680143117904663 83 70 32 0 146 0 147 0
434 -7.818515777587891 3.066704511642456 -4.796153545379639 89 76 35 0 79 11 80 4
435 -3.049457788467407 -2.74667763710022 -1.603943109512329 110 86 27 0 179 1 182 3 185 6 188 6 191 4
436 2.419057846069336 3.934705972671509 -6.505094051361084 100 82 27 0 12 99 184 47
437 1.2744300365448 2.344579935073853 -6.057639122009277 100 86 14 0 12 100 15 73
438 -1.221844553947449 4.668692588806152 -5.997301578521729 101 88 13 0 12 101 15 74 18 37
439 -0.4577770829200745 4.458818435668945 -5.949576854705811 110 98 13 0 12 102 15 75 18 38
440 -0.3663274347782135 4.972999572753906 -6.07151985168457 105 92 28 0 12 103 15 76 18 39 20 28 22 20 173 72
441 -1.470624804496765 2.854563474655151 -6.064943790435791 97 87 13 0 12 104 15 77
442 2.079760789871216 5.174223899841309 -5.931745052337646 123 111 24 0 12 105 15 78
443 -0.5002593398094177 5.038117408752441 -4.455606460571289 138 120 58 0 12 106 15 79 184 48
444 1.33964204788208 -1.792183041572571 -13.90136337280273 37 33 15 0 12 107 15 80
445 1.087151885032654 0.6937323808670044 -6.524547576904297 76 63 13 0 12 108 15 81
446 -0.5167372822761536 2.973924398422241 -6.040157318115234 135 120 24 0 12 109 15 82 28 20 34 13 161 15 164 25 167 37 170 56 173 73 176 48
447 1.768308758735657 4.370917320251465 -6.014991760253906 120 107 21 0 12 110 15 83 18 40
448 -0.7254816889762878 -0.9591949582099915 -3.09152889251709 47 47 24 0 12 111 15 84 184 49 187 45 190 47
449 -0.05254462361335754 3.912472486495972 -5.874529361724854 130 119 24 0 12 112 15 85 18 41
450 -4.896750450134277 4.566097259521484 -6.047509670257568 136 121 36 0 12 113 15 86
451 3.006278514862061 4.928306102752686 -6.017069339752197 127 115 36 0 12 114 15 87 18 42 181 35 184 50
452 -4.579455375671387 1.250612854957581 -6.267598628997803 119 107 28 0 12 115 15 88
453 -4.398823261260986 3.724303245544434 -6.059754371643066 132 120 34 0 12 116 15 89
454 -2.994916915893555 3.77076530456543 -6.030555248260498 139 125 38 0 12 117 15 90
455 -5.162391662597656 4.59063196182251 -6.061375617980957 146 132 48 0 12 118 15 91 181 36 184 51 187 46
456 1.569455146789551 4.580506324768066 -5.910094738006592 138 127 34 0 12 119 15 92
457 -1.703521370887756 4.403617858886719 -5.976136684417725 127 114 51 0 12 120 15 93
458 -2.0386061668396 4.19452953338623 -5.200512409210205 125 102 23 0 12 121 15 94
459 -1.539139747619629 0.372388631105423 -6.423130989074707 122 107 37 0 12 122 15 95
460 -5.737547874450684 -1.080144643783569 -6.408146381378174 120 107 34 0 12 123 15 96
461 -1.252656936645508 4.621998310089111 -4.208272933959961 189 165 78 0 12 124 15 97
462 -3.356557846069336 4.430182456970215 -5.451279163360596 151 131 38 0 12 125 15 98 184 52
463 -3.728283882141113 1.753445506095886 -4.173685550689697 158 143 78 0 12 126 15 99
464 0.4838147759437561 4.096529960632324 -5.998134613037109 150 136 30 0 12 127 15 100 42 7 155 12 158 14
465 -0.9795727729797363 -0.1461472809314728 -3.93254828453064 112 90 36 0 12 128 184 53
466 1.161080121994019 4.874547481536865 -5.989129066467285 144 131 33 0 12 129 155 13 158 15
467 0.06755700707435608 5.418450832366943 -5.959388256072998 133 114 27 0 12 130 40 9 158 16 167 38 170 57 173 74
468 -4.532033920288086 5.142966747283936 -5.908871173858643 111 93 12 0 12 131 75 2 76 4 77 7 117 5 184 54
469 1.544213652610779 1.316995143890381 -1.84926700592041 42 45 18 0 12 132 184 55
470 -5.450336456298828 4.521396636962891 -6.101650238037109 108 91 20 0 12 133 176 49 178 46 181 37 184 56 187 47
471 3.76573657989502 4.929361820220947 -5.452926635742188 63 61 26 0 12 134 184 57
472 -2.81901216506958 4.479904174804688 -4.80780029296875 114 89 10 0 12 135 184 58
473 3.713407278060913 5.37554407119751 -6.007319450378418 78 76 24 0 12 136 184 59
474 4.320939540863037 7.40971565246582 -11.90496730804443 100 87 17 0 12 137 181 38 184 60
475 -4.637904644012451 2.094781637191772 -6.062520027160645 84 68 12 0 12 138 184 61 187 48
476 1.120338082313538 5.967396259307861 -5.942455768585205 116 104 16 0 12 139 22 21 158 17 161 16 184 62 187 49
477 -2.439770221710205 4.533164024353027 -5.031960010528564 110 80 11 0 12 140 184 63
478 3.202617406845093 4.67964506149292 -5.854101181030273 122 112 37 0 12 141 184 64
479 -2.384049654006958 4.974660873413086 -5.621691703796387 156 132 18 0 12 142 184 65
480 -2.603434324264526 -0.3860059678554535 -6.168284893035889 139 126 35 0 12 143 22 22 25 27 82 6 178 47 181 39 184 66
481 -1.599528074264526 0.9749451875686646 -2.172818899154663 110 98 29 0 12 144 184 67
482 1.57756769657135 1.233543276786804 -1.791044473648071 96 98 69 0 12 145 184 68
483 1.593024253845215 1.368299961090088 -1.831356644630432 102 105 72 0 12 146 184 69
484 1.290786743164062 4.459002494812012 0.5584911704063416 142 129 75 0 13 18 16 7
485 4.733921527862549 4.702135562896729 -0.8260647654533386 69 77 61 0 13 19 16 8
486 0.4770827293395996 12.48494625091553 0.9968289732933044 138 123 83 0 13 20 16 9
487 -1.10560667514801 7.871178150177002 -3.414044618606567 147 130 21 0 13 21 16 10
488 5.969336986541748 7.338552951812744 3.574515342712402 96 100 84 0 13 22 16 11
489 6.002684116363525 6.978543281555176 3.41454553604126 103 107 91 0 13 23 16 12
490 13.93789291381836 17.90531730651855 -0.7663202285766602 86 123 158 0 13 24 16 13
491 9.380014419555664 12.48644351959229 -4.58423376083374 132 179 208 0 13 25 21 12
492 -3.238094568252563 8.594585418701172 -7.119672775268555 182 149 49 0 13 26 143 0
493 -0.667833149433136 7.941109657287598 3.89411187171936 180 160 100 0 13 27 183 31
494 -0.736285388469696 8.866115570068359 -4.96441125869751 163 143 34 0 13 28 183 32
495 -1.27551543712616 14.70329284667969 0.0346587561070919 185 198 202 0 13 29 183 33 186 48
496 -0.821587860584259 7.49470043182373 0.9228635430335999 149 138 107 0 13 30 183 34
497 3.777728796005249 9.96587085723877 5.817898750305176 157 140 82 0 13 31 183 35
498 -3.958544969558716 15.10352897644043 0.7369109988212585 145 139 125 0 13 32 183 36
499 -2.618459939956665 11.55734443664551 0.3510933220386505 154 145 114 0 13 33 183 37
500 -3.683629989624023 6.743959903717041 -3.718951463699341 176 159 97 0 13 34 183 38
501 -1.3147132396698 12.94304180145264 0.8525798916816711 189 208 221 0 13 35 183 39
502 -3.417391538619995 11.26615524291992 4.89511775970459 180 161 101 0 13 36 183 40
503 4.754485130310059 9.085654258728027 3.531991243362427 136 117 72 0 13 37 183 41
504 4.231620788574219 8.40390682220459 3.770954847335815 144 126 70 0 13 38 180 7 183 42
505 -8.737032890319824 -0.6659837961196899 -6.502615928649902 102 81 14 0 14 9 17 4
506 -5.015186786651611 -1.236149191856384 -3.261770248413086 165 148 92 0 14 10 17 5
507 -5.793027400970459 3.968671798706055 2.232412815093994 158 136 70 0 14 11 17 6 182 4
508 -11.10310649871826 -0.4590585827827454 -3.152365922927856 43 46 19 0 14 12 17 7
509 -9.830798149108887 4.526947021484375 -1.872084975242615 148 120 49 0 14 13 17 8
510 -7.509942054748535 2.990507841110229 0.6045973300933838 139 110 39 0 14 14 17 9
511 -8.035823822021484 2.234284162521362 0.3770320117473602 148 125 59 0 14 15 17 10
512 -9.521554946899414 -3.914559364318848 2.115092992782593 162 146 91 0 14 16 17 11
513 -2.52694845199585 1.435506820678711 3.117505550384521 161 143 86 0 14 17 17 12 182 5
514 -7.206634521484375 -4.232215881347656 2.140692472457886 175 156 101 0 14 18 182 6
515 -31.9529914855957 1.949560403823853 6.43480396270752 202 182 128 0 14 19 185 7
516 -5.648216247558594 12.85874938964844 -5.784745216369629 58 53 17 0 119 2 120 0 121 0 122 0
517 2.747811079025269 3.823777914047241 -6.016374588012695 85 72 14 0 15 101 18 43 20 29 173 75 176 50 181 40
518 0.752951443195343 4.812056541442871 -5.980035305023193 107 96 18 0 15 102 18 44 20 30
519 2.508475065231323 3.160563945770264 -6.040258407592773 118 101 33 0 15 103 18 45 170 58 173 76 176 51
520 3.531022310256958 4.837716579437256 -6.046548843383789 104 81 15 0 15 104 18 46
521 -3.37416672706604 2.443421363830566 -4.153086185455322 93 76 14 0 15 105 18 47
522 3.258044958114624 4.252864837646484 -6.087589740753174 75 68 12 0 15 106 18 48 20 31 181 41
523 3.935018539428711 3.669003963470459 -5.986166477203369 108 91 26 0 15 107 18 49 20 32 31 16 167 39
524 2.967613458633423 4.225762844085693 -5.95848560333252 91 78 13 0 15 108 18 50 20 33 164 26 173 77 176 52 181 42
525 2.434821128845215 4.195837497711182 -5.965580463409424 118 96 23 0 15 109 18 51 20 34
526 2.254297256469727 -1.669756412506104 -6.836980819702148 27 25 12 0 15 110 18 52
527 1.147133827209473 6.544768333435059 -5.806775093078613 141 131 38 0 15 111 18 53
528 0.3773553967475891 6.686980247497559 -5.922445774078369 129 117 31 0 15 112 18 54 164 27 167 40
529 1.78070342540741 4.051441669464111 -5.988236904144287 133 120 35 0 15 113 18 55
530 -1.666733503341675 1.175514698028564 -6.078608989715576 139 128 43 0 15 114 18 56 20 35
531 3.449281215667725 3.679977416992188 -5.894392013549805 105 89 29 0 15 115 18 57 173 78
532 2.216573476791382 -1.586538672447205 -6.280960083007812 64 59 35 0 15 116 18 58
533 3.120071172714233 4.072136402130127 -6.025099754333496 126 113 40 0 15 117 18 59 20 36 161 17 164 28 167 41 176 53 181 43
534 -1.967420220375061 -0.5597084760665894 -6.163670539855957 141 124 36 0 15 118 18 60 173 79 176 54 178 48 181 44 184 70
535 0.4675304591655731 4.499718189239502 -5.92601203918457 145 132 38 0 15 119 18 61
536 2.187937498092651 6.494067668914795 -5.941168308258057 118 105 32 0 15 120 18 62 167 42
537 2.977230548858643 3.555657148361206 -6.14025354385376 132 122 39 0 15 121 18 63
538 0.1556133627891541 5.975915908813477 -5.977622509002686 134 118 38 0 15 122 18 64
539 1.91992712020874 -1.443708539009094 -6.630785465240479 47 40 19 0 15 123 18 65
540 3.163028240203857 4.436970710754395 -6.025693416595459 114 106 31 0 15 124 18 66 20 37
541 -1.929269194602966 -0.3397835195064545 -6.035805225372314 131 117 41 0 15 125 18 67 20 38
542 -5.710751533508301 -0.4414491653442383 -6.192639350891113 91 79 13 0 15 126 85 12
543 -5.188397884368896 -1.106347441673279 -6.223304271697998 103 93 16 0 15 127 86 3
544 -4.330084323883057 -1.582760214805603 -6.248258113861084 103 93 17 0 15 128 86 4
545 3.102236747741699 3.443532705307007 -5.985053062438965 99 89 21 0 15 129 173 80
546 -2.209654092788696 -0.64411461353302 -6.036092758178711 136 121 30 0 15 130 173 81
547 3.616669893264771 3.392109870910645 -5.906726360321045 78 72 26 0 15 131 173 82
548 3.537470579147339 13.46043872833252 -5.848772525787354 96 83 23 0 16 14 19 7 21 13 23 2 26 0 29 0 175 2 177 5 180 8 183 43 186 49
549 4.028523445129395 12.84738349914551 -8.536333084106445 118 107 25 0 16 15 19 8
550 -5.283816337585449 16.80843734741211 4.440235614776611 154 135 80 0 19 9 180 9
551 2.773905992507935 14.89937877655029 2.488186120986938 155 140 91 0 16 16 19 10 180 10
552 -1.069961667060852 11.53488445281982 -5.609695434570312 148 134 46 0 16 17 19 11 177 6 180 11 183 44
553 2.564454555511475 12.88224506378174 -7.060492515563965 133 123 34 0 16 18 19 12 177 7 180 12
554 0.7102127075195312 12.76352787017822 -5.323231220245361 134 122 36 0 16 19 19 13 177 8 180 13 183 45
555 -1.136055469512939 10.7568826675415 -6.46991491317749 141 124 41 0 16 20 19 14
556 -0.3296902477741241 12.39961528778076 -4.554708480834961 92 77 24 0 16 21 21 14
557 1.806139588356018 13.20318126678467 -5.898737907409668 141 128 39 0 16 22 23 3 177 9 180 14 183 46 186 50
558 1.061908841133118 4.65401554107666 0.1155147328972816 80 71 39 0 16 23 22 23
559 9.605021476745605 12.9182825088501 2.071479558944702 108 128 138 0 16 24 23 4
560 8.676138877868652 12.40848922729492 -2.989250898361206 69 101 133 0 16 25 23 5
561 8.819187164306641 12.57146072387695 -4.009434700012207 71 90 116 0 16 26 23 6
562 12.68124961853027 15.79186153411865 3.24152660369873 124 121 96 0 16 27 23 7
563 8.68501091003418 12.65753650665283 -0.9867666959762573 153 192 199 0 16 28 23 8
564 8.443838119506836 12.70257759094238 -4.929530620574951 98 146 177 0 16 29 23 9
565 8.387979507446289 12.68044090270996 -2.249445915222168 175 215 227 0 16 30 23 10
566 1.668984532356262 8.477532386779785 4.616755485534668 136 127 86 0 16 31 180 15
567 -1.709945797920227 9.673254013061523 -4.106897354125977 119 98 30 0 16 32 180 16
568 0.7550978660583496 5.721582412719727 0.7868760228157043 174 166 136 0 16 33 180 17
569 0.7097741365432739 8.394167900085449 4.97688627243042 139 120 65 0 16 34 180 18
570 0.1418781727552414 10.42555236816406 3.305500030517578 153 136 90 0 16 35 180 19
571 1.252959489822388 7.85059118270874 4.749662399291992 146 128 69 0 16 36 180 20
572 4.873025894165039 13.55174732208252 2.003206014633179 124 110 64 0 16 37 180 21
573 -2.084168672561646 10.01227283477783 -5.986148834228516 157 133 42 0 16 38 180 22
574 4.131275653839111 11.63960075378418 -0.7630618810653687 151 137 81 0 16 39 180 23
575 -1.684671998023987 10.13501262664795 -6.677719116210938 163 141 22 0 16 40 180 24
576 -4.958315372467041 13.88432884216309 -0.03386708348989487 169 151 107 0 16 41 180 25
577 1.259875655174255 8.067304611206055 4.95481538772583 159 141 81 0 16 42 180 26
578 5.008701801300049 8.338151931762695 0.7272657752037048 176 177 148 0 16 43 180 27
579 0.6883193850517273 5.547354221343994 1.012676954269409 232 230 226 0 16 44 180 28
580 0.8871555328369141 8.558367729187012 4.964607715606689 165 148 89 0 16 45 180 29
581 -3.770806312561035 0.6892721652984619 2.829731702804565 190 171 112 0 17 13 179 2
582 -9.435933113098145 4.144532680511475 1.944371938705444 173 150 90 0 17 14 179 3 182 7
583 -1.251574635505676 3.147104501724243 0.6319289803504944 162 139 83 0 17 15 179 4
584 -1.337078094482422 3.285255432128906 2.80847692489624 177 154 92 0 17 16 179 5
585 -0.9424343109130859 2.916307687759399 0.5022668838500977 233 233 230 0 17 17 179 6
586 -7.909875869750977 4.073716163635254 2.355634927749634 121 96 37 0 17 18 179 7 182 8
587 -1.352965235710144 2.913007259368896 1.463710188865662 144 108 17 0 17 19 182 9
588 -5.277127742767334 2.90779447555542 2.396125316619873 189 168 108 0 17 20 179 8 182 10
589 -0.3240161538124084 1.865060567855835 1.87492299079895 191 172 114 0 17 21 182 11
590 1.456062912940979 11.10853672027588 -5.554219722747803 113 98 34 0 52 0 53 0
591 3.060707330703735 14.50870704650879 -1.222011089324951 142 120 54 0 35 0 38 0 163 1 166 0
592 -4.599316596984863 3.415653467178345 2.519191026687622 177 157 94 0 24 0 27 0
593 -11.6530876159668 9.912505149841309 -5.282786846160889 156 121 46 0 75 3 76 5
594 -8.126944541931152 7.257839202880859 -5.815417289733887 159 134 55 0 74 0 75 4
595 -3.603865623474121 -2.593194007873535 -3.169080972671509 67 61 24 0 179 9 182 12 185 8
596 1.58550226688385 7.76762056350708 -5.815162658691406 111 101 14 0 18 68 20 39
597 -2.451089382171631 0.1762603670358658 -6.175488948822021 104 87 20 0 18 69 20 40
598 -0.442217618227005 5.295851230621338 -5.292641639709473 105 86 19 0 18 70 20 41 22 24
599 2.510801792144775 6.889876842498779 -5.918182849884033 95 81 14 0 18 71 20 42 22 25 25 28
600 1.494907736778259 7.16221284866333 -5.917364597320557 127 114 21 0 18 72 20 43 22 26 25 29 28 21 158 18 161 18 164 29
601 1.467734456062317 7.426338672637939 -5.908169746398926 112 98 14 0 18 73 20 44 22 27 25 30 150 0 151 0 153 3 155 14 158 19 161 19 164 30
602 2.018319606781006 4.697062015533447 -5.961483001708984 96 82 16 0 18 74 20 45 22 28
603 -1.205066084861755 -0.3788573443889618 -6.182635307312012 55 37 11 0 18 75 20 46 176 55
604 3.211241483688354 3.654009103775024 -6.125237464904785 82 76 15 0 18 76 20 47
605 -1.190914869308472 4.847445487976074 -5.912708282470703 99 83 13 0 18 77 20 48 176 56
606 -0.1652972102165222 7.654691696166992 -5.880600929260254 98 82 13 0 18 78 20 49 22 29 34 14 37 7 44 2 46 0 153 4 155 15 158 20 161 20 164 31
607 3.551669836044312 4.148309707641602 -6.010097026824951 61 58 14 0 18 79 20 50
608 -0.2887021601200104 5.920506954193115 -5.100094795227051 92 73 18 0 18 80 20 51 22 30 173 83
609 2.18016242980957 3.344895362854004 -6.036274433135986 79 70 13 0 18 81 20 52
610 -1.579878091812134 2.759499788284302 -6.325311183929443 113 102 46 0 18 82 20 53
611 -1.398389935493469 -0.387379914522171 -4.290253162384033 107 92 17 0 18 83 20 54 176 57 178 49
612 -0.9786705374717712 6.393159866333008 -4.911331176757812 69 56 12 0 18 84 20 55 22 31
613 1.883751034736633 7.318642139434814 -5.95659875869751 154 143 49 0 18 85 20 56
614 0.9813979864120483 7.508369922637939 -5.894047260284424 139 125 35 0 18 86 20 57 22 32 28 22 48 2 153 5 155 16 158 21 161 21 164 32
615 -3.158681869506836 -2.269316434860229 -6.377568244934082 125 113 37 0 18 87 20 58 113 1 176 58
616 -2.106060981750488 -1.088921427726746 -6.031973361968994 135 118 31 0 18 88 20 59 176 59 178 50
617 -4.550046443939209 1.448809862136841 -6.0440993309021 133 120 45 0 18 89 20 60
618 -0.1144338697195053 7.206720352172852 -5.821296691894531 119 108 28 0 18 90 20 61 22 33 25 31 28 23 31 17
619 -3.812941789627075 -0.2708790302276611 -6.188853740692139 126 112 36 0 18 91 20 62
620 0.414237916469574 7.014774322509766 -5.91461181640625 133 119 33 0 18 92 20 63 22 34 25 32 42 8 44 3 46 1 48 3 153 6 155 17 158 22 164 33 181 45 184 71
621 -3.040684700012207 -1.781282544136047 -6.341824531555176 128 115 27 0 18 93 20 64 113 2 176 60 178 51 181 46
622 1.888871073722839 7.616408824920654 -5.88682222366333 139 124 37 0 18 94 20 65 161 22 181 47
623 3.636824131011963 4.607585430145264 -5.955661773681641 86 81 29 0 18 95 20 66
624 0.5825580954551697 5.353854656219482 -5.952267646789551 130 119 28 0 18 96 20 67
625 -5.861515045166016 3.738041162490845 -8.343605041503906 182 157 63 0 18 97 40 10
626 0.9114228487014771 3.283230781555176 -6.085990905761719 158 143 34 0 18 98 37 8 40 11 161 23 164 34 167 43
627 -2.061604976654053 1.031631827354431 -6.024022102355957 121 106 19 0 18 99 85 13
628 2.300519704818726 6.804781913757324 -5.936872005462646 113 98 15 0 18 100 164 35
629 1.077919960021973 7.142547130584717 -5.916163921356201 102 85 14 0 18 101 161 24 164 36
630 1.855798244476318 6.676827430725098 -5.947932243347168 130 116 25 0 18 102 164 37 167 44
631 2.512606382369995 7.077873229980469 -5.926797866821289 121 107 25 0 18 103 164 38
632 1.162792325019836 4.857775688171387 -5.992526531219482 142 129 32 0 18 104 164 39 190 48
633 -1.632633209228516 1.889214873313904 -6.058444976806641 154 140 40 0 18 105 22 35 34 15 164 40 176 61 181 48
634 1.928014636039734 4.859508514404297 -2.931551218032837 109 94 17 0 18 106 167 45
635 -3.637628078460693 1.685439705848694 -4.599509716033936 96 85 34 0 18 107 181 49
636 -1.018426775932312 -0.5250434279441833 -4.071310997009277 44 44 23 0 18 108 178 52 181 50
637 -0.6541463136672974 -0.7950114011764526 -4.267115592956543 35 30 13 0 18 109 178 53 181 51 184 72
638 -0.6508170366287231 -0.7708626389503479 -3.669932842254639 37 43 26 0 18 110 181 52
639 -6.752840995788574 14.63278961181641 -12.13799667358398 210 176 56 0 18 111 183 47
640 -1.458060503005981 11.12583446502686 -5.505310535430908 110 95 15 0 19 15 21 15 175 3 180 30
641 -0.8923188447952271 11.84804058074951 -5.890302181243896 110 99 15 0 19 16 21 16
642 3.576069355010986 11.31892967224121 -5.902602672576904 103 92 18 0 19 17 21 17 23 11
643 3.937855958938599 13.1833963394165 -6.291690826416016 102 87 19 0 19 18 21 18 23 12 175 4 177 10 183 48
644 2.309337377548218 11.02350997924805 -5.937926769256592 96 88 12 0 19 19 21 19
645 -3.444777011871338 9.319033622741699 -4.309841632843018 104 81 27 0 19 20 21 20
646 -0.0676429495215416 14.89093399047852 -5.32231616973877 94 75 25 0 19 21 21 21 169 0 172 0 175 5
647 -5.042891025543213 13.08301067352295 1.82722806930542 82 63 20 0 19 22 21 22
648 3.385498046875 10.69491291046143 -5.933507919311523 104 95 20 0 19 23 21 23
649 -2.261384725570679 11.69358539581299 -5.836167812347412 97 85 15 0 19 24 21 24 23 13
650 -0.3597902059555054 10.33867359161377 -5.790871620178223 120 108 22 0 19 25 21 25
651 -1.293201923370361 9.949460029602051 -5.778836250305176 147 131 42 0 19 26 21 26 177 11
652 -2.440337419509888 9.861741065979004 -4.421683311462402 133 110 23 0 19 27 21 27 175 6
653 1.144839406013489 13.39426326751709 -5.809367656707764 129 116 29 0 19 28 21 28 23 14 26 1 29 1 40 12 42 9 44 4 46 2 175 7
654 3.052340984344482 12.96658992767334 -5.761219501495361 129 120 38 0 19 29 21 29
655 -4.663156509399414 10.75452136993408 -4.381494998931885 181 148 53 0 19 30 21 30
656 1.80087411403656 9.331242561340332 -5.881462574005127 111 99 16 0 19 31 31 18 147 1 148 0
657 1.044924139976501 8.785721778869629 -5.880566120147705 116 105 23 0 19 32 22 36 25 33 28 24 31 19 34 16 48 4 49 2 147 2 153 7 155 18 158 23
658 1.183850526809692 10.19293022155762 -5.864729881286621 136 121 29 0 19 33 25 34 31 20 34 17 37 9 40 13 147 3 148 1 149 0 151 1 153 8 155 19
659 0.8639293909072876 9.997523307800293 -5.867842674255371 130 115 26 0 19 34 28 25 31 21 34 18 37 10 40 14 42 10 50 0 52 1 147 4 148 2 149 1 150 1 151 2 153 9 155 20
660 -1.492767333984375 8.34111499786377 -0.01267022453248501 70 62 42 0 19 35 177 12
661 1.203137397766113 5.942044258117676 1.270242810249329 136 113 50 0 19 36 177 13
662 -0.4514020085334778 14.59722423553467 4.70805025100708 167 151 95 0 19 37 180 31
663 7.087861061096191 13.91879081726074 0.3722517192363739 105 110 97 0 19 38 29 2 189 31
664 7.132241249084473 13.79532527923584 1.709804892539978 142 162 160 0 19 39 29 3 189 32
665 12.68644523620605 18.04182052612305 2.100215435028076 131 156 165 0 19 40 26 2
666 -0.171519860625267 15.31035137176514 0.7962585091590881 164 149 102 0 19 41 177 14 180 32
667 -0.353029191493988 7.73530912399292 1.82236921787262 148 129 79 0 19 42 177 15
668 0.1608101278543472 5.531525611877441 1.792383432388306 132 113 58 0 19 43 177 16
669 -1.039492011070251 14.90789318084717 -0.3008452951908112 200 221 231 0 19 44 177 17 180 33
670 -0.283577561378479 11.89517307281494 -6.866961479187012 148 134 42 0 19 45 180 34
671 -1.080397486686707 10.92842864990234 -4.387936115264893 109 97 28 0 19 46 183 49 186 51 189 33
672 -7.867467403411865 8.890962600708008 1.365682125091553 163 135 60 0 24 1 171 0
673 -7.772549152374268 13.35775852203369 -3.71611475944519 53 55 23 0 120 1 121 1
674 3.528560400009155 7.048724174499512 -5.951045036315918 90 75 19 0 20 68 22 37 25 35 28 26 167 46 170 59 173 84 176 62
675 4.829015254974365 8.125049591064453 -6.221435070037842 58 61 27 0 20 69 22 38 173 85
676 1.802789926528931 7.477043151855469 -5.901157855987549 103 88 13 0 20 70 22 39 28 27 155 21 158 24 161 25
677 -1.862060308456421 1.103474378585815 -5.917351245880127 111 97 17 0 20 71 22 40
678 -0.8809213638305664 6.458508968353271 -3.66705846786499 199 162 40 0 20 72 22 41
679 1.7205730676651 5.62708044052124 -5.944901466369629 104 89 15 0 20 73 22 42 164 41
680 -5.095049858093262 0.6796251535415649 -6.09989070892334 115 104 36 0 20 74 22 43
681 -0.9039261341094971 4.919907093048096 -5.214408397674561 102 80 15 0 20 75 22 44 173 86 176 63
682 3.168355703353882 6.384410858154297 -5.917886257171631 74 64 12 0 20 76 22 45 173 87
683 -5.453807830810547 -0.4073264598846436 -6.015326023101807 125 115 45 0 20 77 22 46
684 0.8758548498153687 7.047347068786621 -5.915534496307373 133 119 30 0 20 78 22 47 158 25 164 42 167 47
685 1.752356290817261 8.573226928710938 -5.679266452789307 124 116 30 0 20 79 22 48
686 -5.497021675109863 -1.354892373085022 -6.347360610961914 138 127 56 0 20 80 22 49
687 3.384772062301636 7.082898139953613 -5.948205471038818 114 101 30 0 20 81 22 50 25 36 28 28 173 88 176 64
688 1.30437707901001 8.641653060913086 -5.881330013275146 138 128 38 0 20 82 22 51 25 37 28 29 31 22 34 19 153 10 158 26
689 -0.8781478404998779 -0.9844800233840942 -6.075629234313965 149 127 57 0 20 83 22 52 176 65 178 54
690 0.1610163897275925 7.759523391723633 -5.900130271911621 129 116 31 0 20 84 22 53 25 38 28 30 46 3 48 5 155 22 158 27 161 26
691 3.418932199478149 7.254207134246826 -5.922806262969971 122 108 36 0 20 85 22 54 25 39 28 31 170 60 173 89 176 66
692 1.032543540000916 8.266610145568848 -5.89992618560791 135 121 32 0 20 86 22 55 25 40 28 32 31 23 34 20 148 3 150 2 151 3 153 11 155 23 158 28
693 4.239680290222168 7.386682987213135 -6.003766536712646 95 91 35 0 20 87 22 56 25 41 173 90
694 -4.644477367401123 2.215460538864136 -5.709811687469482 118 103 43 0 20 88 22 57
695 3.261088609695435 6.734411716461182 -5.957057952880859 116 103 28 0 20 89 22 58 25 42 28 33 173 91
696 -2.050776958465576 -0.5142557621002197 -6.318071365356445 148 131 52 0 20 90 22 59 173 92 176 67 178 55 181 53
697 59.68215179443359 -78.20874786376953 -95.86989593505859 31 32 21 0 20 91 42 11
698 0.5254166126251221 4.84091854095459 -5.970263004302979 106 90 15 0 20 92 42 12
699 -5.940163612365723 14.1427116394043 -18.04464340209961 104 93 53 0 20 93 86 5
700 -2.882528781890869 4.509926795959473 -4.837950229644775 172 151 58 0 20 94 176 68
701 -7.143756866455078 7.452827453613281 -9.373567581176758 177 143 42 0 20 95 147 5
702 0.7169836163520813 6.09480619430542 -5.931901454925537 104 91 13 0 20 96 158 29 184 73 187 50
703 0.6469137072563171 8.775704383850098 -5.887650012969971 90 80 12 0 20 97 22 60 25 43 28 34 153 12 158 30
704 3.524576425552368 7.558757305145264 -5.917160987854004 121 106 27 0 20 98 48 6 155 24 158 31
705 -0.05063548684120178 7.243316650390625 -5.899275779724121 125 110 32 0 20 99 25 44 46 4 48 7 155 25 158 32
706 1.537142515182495 5.27647876739502 -5.954448223114014 145 131 33 0 20 100 158 33 161 27 164 43 167 48 187 51 190 49
707 0.4918667078018188 5.410459041595459 -5.959658622741699 140 127 32 0 20 101 164 44
708 0.9030455946922302 5.737826824188232 -5.956367969512939 127 114 25 0 20 102 164 45
709 -1.846405267715454 4.162710666656494 -5.303317546844482 109 91 14 0 20 103 176 69
710 -4.182389259338379 4.777451038360596 -5.583333492279053 160 138 39 0 20 104 176 70
711 -3.300769567489624 2.550962924957275 -5.004029273986816 146 131 44 0 20 105 176 71 178 56
712 -1.397675514221191 4.799328327178955 -5.731603622436523 134 116 37 0 20 106 173 93 176 72
713 -0.4546574950218201 4.887534618377686 -5.482080459594727 126 107 22 0 20 107 176 73
714 -3.285882711410522 0.1102635189890862 -6.506360054016113 147 132 39 0 20 108 22 61 176 74
715 -3.469647645950317 15.50679206848145 -5.162849426269531 91 77 26 0 21 31 23 15 26 3 169 1 172 1 175 8
716 2.074196815490723 11.64897632598877 -5.852348327636719 91 78 11 0 21 32 23 16 31 24 34 21 37 11 40 15 42 13 44 5 52 2 53 1 54 0 55 0 147 6 148 4 149 2 150 3 151 4 153 13 155 26 158 34 170 61 175 9 177 18
717 -9.032587051391602 19.33260917663574 -3.640162229537964 76 51 17 0 21 33 23 17 26 4 169 2 172 2
718 -3.715361595153809 12.21530055999756 1.453006267547607 65 47 25 0 21 34 23 18
719 -2.773813009262085 14.65087985992432 -5.94056224822998 92 78 22 0 21 35 23 19
720 0.05210887268185616 9.66002368927002 1.443307638168335 164 151 108 0 21 36 23 20 26 5
721 -0.320503830909729 9.829775810241699 1.737027287483215 154 139 93 0 21 37 23 21 26 6
722 3.576443910598755 11.91184139251709 -5.808248996734619 116 100 31 0 21 38 23 22
723 -1.33079993724823 16.77804183959961 -3.960389614105225 100 95 72 0 21 39 23 23 172 3 175 10
724 2.137191772460938 14.4431095123291 -5.89668083190918 133 120 36 0 21 40 23 24 26 7 29 4 32 0 172 4 175 11
725 2.28035569190979 12.57638454437256 -5.830200672149658 132 120 33 0 21 41 23 25 26 8 37 12 40 16 42 14 44 6 148 5 149 3 150 4 151 5 153 14 175 12 177 19
726 1.972079038619995 11.90816116333008 -5.846119403839111 128 113 32 0 21 42 23 26 31 25 37 13 40 17 42 15 44 7 53 2 54 1 147 7 148 6 149 4 150 5 151 6 153 15 170 62 175 13 177 20
727 -2.251646995544434 12.12280464172363 -5.688001155853271 137 122 39 0 21 43 23 27 26 9 172 5
728 -0.3650470077991486 11.78850173950195 -5.864928722381592 128 112 28 0 21 44 23 28 31 26 34 22 40 18 42 16 44 8 48 8 49 3 50 1 51 0 52 3 53 3 70 0 123 1 149 5 151 7 167 49 170 63
729 -3.156314611434937 11.16648960113525 -4.067432403564453 176 139 35 0 21 45 172 6 175 14
730 -2.636666774749756 14.06766033172607 -4.172459125518799 121 105 44 0 21 46 23 29
731 0.1533499956130981 9.916135787963867 -5.872330188751221 134 119 32 0 21 47 25 45 28 35 31 27 34 23 37 14 40 19 42 17 44 9 46 5 48 9 49 4 50 2 52 4 69 0 70 1 145 0 146 1 147 8 148 7 149 6 150 6 151 8 153 16 155 27
732 0.979597806930542 11.09607410430908 -5.865062236785889 103 88 12 0 21 48 23 30 37 15 52 5 53 4 146 2 147 9 148 8 149 7 150 7 151 9 153 17 175 15
733 0.4737416207790375 10.76583290100098 -5.874577045440674 131 117 29 0 21 49 34 24 37 16 40 20 50 3 123 2 150 8
734 1.054475903511047 12.06585025787354 -5.806774616241455 142 131 58 0 21 50 34 25 37 17 40 21 42 18 44 10
735 0.6704196333885193 12.71447086334229 -2.396589994430542 177 148 64 0 21 51 175 16
736 -2.837759971618652 10.02863788604736 -4.49063777923584 97 71 10 0 21 52 175 17
737 3.95289945602417 12.47618007659912 1.365224838256836 127 115 71 0 21 53 175 18
738 4.037513732910156 14.80613708496094 -4.36829662322998 137 120 58 0 21 54 26 10 169 3 172 7 175 19
739 0.7670515775680542 12.63800525665283 1.458188891410828 194 175 126 0 21 55 23 31 172 8 175 20
740 -1.887904047966003 11.05311489105225 -5.722032070159912 137 121 34 0 21 56 175 21
741 -3.122611284255981 9.537792205810547 -5.144355773925781 124 103 31 0 21 57 175 22 177 21
742 -0.2190470993518829 5.74735164642334 0.9963719248771667 171 152 91 0 21 58 175 23
743 -1.156999945640564 10.6463737487793 -4.569521427154541 138 124 33 0 21 59 175 24
744 -1.200851440429688 2.90611743927002 1.83981716632843 79 58 19 0 171 1 174 0
745 -8.886415481567383 9.344606399536133 -4.777936458587646 107 78 21 0 24 2 27 1 36 0 165 2
746 -4.669819831848145 8.691676139831543 2.252742528915405 159 141 74 0 24 3 27 2
747 -9.071333885192871 9.667351722717285 -4.581742763519287 135 103 38 0 24 4 168 2 171 2
748 -6.844730377197266 8.488146781921387 -5.952674388885498 131 113 39 0 24 5 27 3 30 0 33 0 36 1 165 3 168 3
749 0.9878270030021667 6.809465408325195 0.3197523355484009 185 155 68 0 30 1 33 1
750 -14.75917911529541 2.912229299545288 -6.096319675445557 93 69 25 0 86 6 87 0 88 0 109 3
751 -0.6253863573074341 -0.1864314377307892 1.049959659576416 146 122 59 0 185 9 188 7
752 -7.03607702255249 11.36377429962158 -5.390084743499756 151 130 71 0 124 0 125 0
753 -10.36791038513184 16.41974258422852 -4.937614440917969 140 111 48 0 124 1 125 1
754 -3.427770614624023 16.43349838256836 -3.9134521484375 78 65 36 0 152 0 154 0
755 -3.96500039100647 20.35969924926758 -6.040544986724854 62 58 27 0 56 0 57 1 58 1 59 1 60 1 61 0
756 3.031248092651367 15.75711059570312 -6.02369499206543 92 81 22 0 149 8 150 9 151 10
757 -2.613019227981567 12.30705547332764 1.71698796749115 148 124 65 0 39 0 157 0
758 -10.62303066253662 25.12460136413574 -1.536426544189453 112 90 34 0 154 1 157 1
759 -1.608317732810974 14.92724704742432 -6.47144889831543 114 97 49 0 60 2 61 1 62 0 63 0
760 -7.156155586242676 13.49577808380127 -10.88449668884277 158 135 63 0 132 0 183 50
761 -6.728394985198975 23.0688648223877 -5.617910385131836 71 63 33 0 131 1 132 1
762 1.06989574432373 9.487241744995117 -5.882891654968262 96 85 13 0 22 62 25 46 28 36 155 28
763 1.256195545196533 9.679234504699707 -5.880933284759521 92 82 13 0 22 63 25 47 28 37
764 -0.8638638257980347 6.933107376098633 -5.750369548797607 82 68 16 0 22 64 25 48 170 64 173 94
765 1.073761343955994 7.123939514160156 -5.890402317047119 137 120 50 0 22 65 25 49 28 38
766 5.191309928894043 6.832023143768311 -5.947577953338623 36 42 25 0 22 66 25 50
767 4.01485538482666 6.815792083740234 -5.917324542999268 82 76 16 0 22 67 25 51
768 2.86070704460144 1.622918248176575 -6.156039237976074 85 76 15 0 22 68 25 52
769 0.2547433972358704 8.886008262634277 -5.917601585388184 85 74 12 0 22 69 25 53 158 35
770 -1.434536099433899 4.434255123138428 -4.268309593200684 113 94 19 0 22 70 25 54
771 -4.892681121826172 1.065256714820862 -6.085534572601318 108 93 18 0 22 71 25 55 28 39
772 -0.5110135674476624 5.571885108947754 -6.006173133850098 96 80 18 0 22 72 25 56
773 4.218172550201416 6.41005802154541 -5.948498249053955 67 61 13 0 22 73 25 57 28 40
774 2.825459480285645 0.8579312562942505 -6.184053421020508 60 56 17 0 22 74 25 58
775 2.775600433349609 5.752362251281738 -5.897812366485596 73 61 11 0 22 75 25 59
776 4.679614067077637 6.811407089233398 -6.012545585632324 56 54 19 0 22 76 25 60 28 41
777 3.903554916381836 -0.4657118022441864 -6.320746421813965 45 44 27 0 22 77 25 61
778 5.164226531982422 8.201752662658691 -6.120947360992432 89 74 22 0 22 78 25 62
779 -0.965576171875 8.866391181945801 -5.683332920074463 107 94 23 0 22 79 25 63
780 -4.233783721923828 9.160738945007324 -5.79771614074707 114 102 49 0 22 80 25 64
781 -1.501910924911499 4.322766780853271 -5.98121452331543 132 116 26 0 22 81 25 65 28 42 167 50 170 65 173 95
782 0.3923241198062897 6.664793491363525 -5.938018798828125 121 109 26 0 22 82 25 66 153 18
783 0.8662762641906738 8.325957298278809 -5.879048347473145 140 127 37 0 22 83 25 67 28 43
784 2.608963012695312 0.8510773777961731 -6.108695507049561 107 98 34 0 22 84 25 68 28 44 173 96
785 -4.704097747802734 1.097027778625488 -6.05723237991333 137 123 44 0 22 85 25 69 28 45
786 5.058907508850098 6.919556140899658 -5.968291282653809 51 55 32 0 22 86 25 70
787 2.004890918731689 8.325678825378418 -6.001235008239746 134 121 32 0 22 87 25 71 28 46
788 3.689947843551636 6.304630279541016 -6.059019565582275 111 99 30 0 22 88 25 72 173 97
789 -3.527344942092896 0.6932413578033447 -6.113472938537598 142 129 36 0 22 89 25 73 181 54
790 1.78897762298584 9.504420280456543 -5.861870288848877 123 113 31 0 22 90 25 74 28 47 31 28 34 26 37 18 151 11 158 36 176 75
791 3.967334508895874 6.460075855255127 -5.842156410217285 105 96 30 0 22 91 25 75 28 48 167 51
792 2.849693298339844 0.2300758808851242 -6.025103092193604 88 82 33 0 22 92 25 76 28 49
793 -3.85228705406189 9.042612075805664 -5.762152194976807 118 100 26 0 22 93 25 77 28 50 31 29 170 66 173 98
794 5.004680156707764 6.662164688110352 -5.398399353027344 45 50 30 0 22 94 25 78
795 -0.1950076669454575 8.617824554443359 -5.854006767272949 127 112 30 0 22 95 25 79 28 51 31 30 34 27 37 19 40 22
796 -1.667707324028015 0.07122297585010529 -6.275774478912354 142 126 32 0 22 96 25 80 173 99 176 76 181 55
797 -2.040818929672241 0.6958276033401489 -5.913327693939209 148 134 42 0 22 97 25 81
798 -3.63814115524292 9.869047164916992 -6.775738716125488 148 128 39 0 22 98 173 100
799 0.1650352478027344 9.167062759399414 -5.866977691650391 99 87 15 0 22 99 37 20 158 37 176 77
800 -4.840657234191895 3.257507801055908 -6.981010913848877 113 95 10 0 22 100 173 101
801 3.709156513214111 6.96328067779541 -5.826683044433594 94 77 14 0 22 101 173 102 176 78
802 -1.20218825340271 4.676310539245605 -5.896376132965088 96 81 12 0 22 102 173 103
803 3.060286521911621 7.206551074981689 -5.476836204528809 100 83 17 0 22 103 173 104
804 -4.368200778961182 9.086709022521973 -5.842634677886963 101 78 11 0 22 104 170 67 173 105
805 -3.007794380187988 6.599021911621094 -4.358747005462646 177 144 35 0 22 105 173 106
806 2.52895975112915 6.009208202362061 -1.66417932510376 44 51 36 0 22 106 173 107
807 -2.113387107849121 8.380451202392578 -5.331995964050293 156 126 11 0 22 107 173 108
808 2.490505456924438 5.522891998291016 -1.862115502357483 42 45 26 0 22 108 173 109
809 2.767668008804321 5.66297435760498 -1.717860579490662 46 52 37 0 22 109 173 110
810 2.468648195266724 5.635851383209229 -1.441025376319885 47 53 38 0 22 110 173 111
811 -3.622529983520508 9.526730537414551 -6.277942180633545 140 120 37 0 22 111 173 112
812 -4.379427909851074 8.937817573547363 -5.888888835906982 129 103 24 0 22 112 167 52 170 68 173 113
813 -2.049094676971436 8.565946578979492 -5.020044803619385 158 131 23 0 22 113 173 114
814 -1.365031719207764 8.45018196105957 -5.282933712005615 161 133 15 0 22 114 173 115
815 -1.142040967941284 9.244324684143066 -5.869467258453369 92 75 12 0 22 115 176 79
816 4.119762897491455 -0.1681708544492722 -6.422441005706787 46 45 19 0 22 116 176 80
817 -3.147204160690308 3.535905122756958 -4.920180797576904 110 94 13 0 22 117 176 81
818 -2.368980169296265 5.590369701385498 -3.654262781143188 213 177 41 0 22 118 176 82
819 1.319682002067566 -0.8975569605827332 -6.381726264953613 76 55 14 0 22 119 176 83
820 -3.614455938339233 3.695650815963745 -4.787482738494873 120 105 22 0 22 120 176 84
821 -2.986787796020508 3.358679056167603 -4.774682998657227 148 132 40 0 22 121 176 85
822 -0.3881309330463409 -0.7112282514572144 -6.269740581512451 82 63 21 0 22 122 176 86 178 57
823 3.510682106018066 3.402083396911621 -4.093685626983643 40 44 31 0 22 123 181 56
824 -4.138880252838135 14.655348777771 -5.296212196350098 64 51 17 0 23 32 26 11 172 9
825 4.674597263336182 15.63607597351074 -5.405346393585205 132 115 59 0 23 33 26 12
826 2.481229782104492 11.91501045227051 -5.590194702148438 100 91 12 0 23 34 26 13
827 4.961537837982178 13.74172401428223 -5.633484363555908 90 96 98 0 23 35 26 14
828 2.55321192741394 15.71257591247559 -5.485739707946777 90 73 22 0 23 36 26 15
829 1.721042394638062 13.8240327835083 1.782240271568298 183 164 108 0 23 37 26 16 29 5 32 1 35 1 38 1 160 1 163 2 166 1 169 4 172 10
830 -1.024237632751465 19.27679061889648 -4.400998592376709 118 100 65 0 23 38 26 17 32 2 166 2 169 5 172 11
831 4.725771427154541 13.2345552444458 -5.949665546417236 92 79 41 0 23 39 26 18
832 -6.149069786071777 16.24650192260742 -5.488547325134277 134 105 47 0 23 40 26 19 29 6 160 2 163 3 166 3 169 6 172 12
833 3.300891160964966 9.38747501373291 1.620787978172302 57 58 36 0 23 41 26 20
834 1.386557459831238 13.55399322509766 1.540027737617493 194 175 118 0 23 42 26 21 169 7 172 13 175 25
835 -3.166035413742065 13.81877422332764 -5.854007720947266 111 90 24 0 23 43 26 22 29 7 32 3 61 2 62 1 63 1 64 0 65 0 66 1 67 1 68 1 69 1 70 2 72 0 73 0 118 2 121 2 122 1 123 3 124 2 125 2 126 0 127 0 138 1 139 1 140 0 141 0 142 0 143 1 144 0 145 1 146 3 166 4 169 8 172 14
836 1.614285469055176 12.10576629638672 -5.844509601593018 141 125 31 0 23 44 26 23 31 31 34 28 37 21 40 23 42 19 53 5 147 10 148 9 149 9 150 10 151 12
837 3.376912593841553 13.03680515289307 -5.88624382019043 124 115 36 0 23 45 26 24 29 8
838 -3.853262424468994 15.8272876739502 -1.796185493469238 135 117 68 0 23 46 26 25 163 4 172 15 175 26
839 3.2248694896698 11.18848419189453 1.482141494750977 127 112 74 0 23 47 26 26
840 3.106289148330688 15.88185787200928 4.063057422637939 154 137 76 0 23 48 163 5
841 -0.9905702471733093 13.04416084289551 -3.29589319229126 155 134 88 0 23 49 172 16
842 0.6159002184867859 11.04624938964844 -5.864813804626465 95 78 13 0 23 50 28 52 31 32 34 29 37 22 40 24 42 20 44 11 51 1 53 6 69 2 146 4 147 11 151 13 153 19
843 1.585162281990051 11.07173824310303 -5.852935314178467 89 74 11 0 23 51 28 53 31 33 34 30 37 23 40 25 42 21 52 6 53 7 54 2 147 12 148 10 149 10 150 11 151 14 153 20 155 29 173 116
844 3.044513463973999 10.66741943359375 -5.858582019805908 89 76 17 0 23 52 153 21
845 1.420223116874695 11.15093040466309 -5.858170032501221 128 114 30 0 23 53 28 54 31 34 34 31 37 24 40 26 42 22 52 7 54 3 146 5 147 13 148 11 149 11 150 12 151 15 153 22 173 117 175 27
846 1.823882699012756 11.54118728637695 -5.851976871490479 122 109 25 0 23 54 40 27 42 23 153 23
847 -7.843571186065674 16.28006935119629 -5.681576728820801 125 94 45 0 23 55 163 6 166 5
848 2.710259199142456 14.51396560668945 -5.753431797027588 95 78 15 0 23 56 32 4 35 2 155 30 158 38 161 28 164 46 172 17 175 28
849 -1.378394484519958 9.788844108581543 2.041054010391235 133 112 62 0 23 57 169 9 172 18 175 29
850 0.7554524540901184 12.94690322875977 0.586872935295105 188 169 115 0 23 58 172 19
851 -1.262734532356262 11.93357563018799 -5.644502639770508 128 113 21 0 23 59 172 20 175 30 177 22
852 -5.141210556030273 20.92825889587402 -0.2502436935901642 108 95 65 0 23 60 26 27 169 10 172 21 175 31 177 23
853 -2.973753213882446 12.0769624710083 -5.495355606079102 125 112 36 0 23 61 172 22
854 -1.180342197418213 19.04330825805664 1.12382972240448 205 222 231 0 23 62 166 6 169 11 172 23 175 32
855 -8.744768142700195 4.006869792938232 -3.324011325836182 66 58 13 0 24 6 27 4 30 2 171 3 174 1
856 -6.441789627075195 4.750603199005127 2.576982975006104 179 159 95 0 24 7 27 5
857 -6.171667575836182 3.932352542877197 -4.763585090637207 134 106 12 0 24 8 27 6 171 4
858 -6.91966724395752 4.290137767791748 -3.889956951141357 112 81 26 0 24 9 27 7 174 2
859 -7.88969612121582 13.25624752044678 -3.687533140182495 60 55 12 0 24 10 27 8 30 3
860 -4.259357452392578 3.661885738372803 3.462429523468018 170 151 90 0 24 11 27 9
861 -7.973193168640137 3.161447525024414 -3.713465929031372 165 143 79 0 24 12 27 10 168 4
862 -8.972001075744629 12.32936000823975 -3.304757833480835 158 120 42 0 24 13 27 11 30 4 39 1 41 0 47 0 162 0
863 -8.866684913635254 3.679628133773804 -3.855204343795776 161 146 86 0 24 14 27 12
864 -8.686598777770996 5.020120143890381 -3.321355104446411 149 112 32 0 24 15 27 13 174 3 182 13
865 -6.600915908813477 5.048663139343262 -4.560728549957275 161 134 60 0 24 16 27 14 174 4
866 -8.983701705932617 5.870939254760742 -5.71530294418335 156 127 55 0 24 17 33 2
867 -12.07381343841553 2.732664823532104 1.107174277305603 128 92 19 0 24 18 27 15 171 5
868 -19.28807067871094 0.02674790844321251 0.9024056792259216 143 115 50 0 24 19 171 6 174 5
869 -7.135325908660889 5.489292144775391 -0.6834490299224854 140 107 28 0 24 20 174 6
870 -12.02679920196533 7.535316467285156 -3.067039251327515 129 92 27 0 24 21 174 7
871 -4.581124782562256 3.588477373123169 -3.491515159606934 108 83 22 0 24 22 182 14
872 -0.5120005011558533 12.41004943847656 -5.870197296142578 136 116 27 0 26 28 31 35 34 32 37 25 40 28 42 24 44 12 46 6 48 10 49 5 50 4 51 2 52 8 66 2 67 2 68 2 69 3 70 3 71 0 123 4 124 3 141 1 142 1 144 1 145 2 146 6 147 14 148 12 149 12 167 53
873 1.069048643112183 13.96697902679443 -4.67147159576416 85 71 42 0 54 4 55 1
874 -4.566872596740723 20.87864875793457 -2.821828603744507 47 50 31 0 59 2 60 3 61 3 62 2
875 -3.355315208435059 15.59316158294678 -4.588516235351562 90 82 57 0 60 4 61 4
876 -4.788288593292236 20.44658470153809 -3.999989032745361 85 67 34 0 59 3 60 5 61 5
877 -4.798658847808838 8.818926811218262 -5.874117374420166 66 59 20 0 74 1 75 5 76 6 77 8 78 14 79 12 114 2 115 2 116 6 117 6 118 3 119 3 170 69
878 -4.305743217468262 21.44992256164551 -3.549238681793213 107 109 77 0 60 6 61 6
879 0.3429539203643799 10.90260982513428 -5.864511489868164 106 89 13 0 25 82 28 55 34 33 37 26 46 7 50 5 51 3 53 8 68 3 69 4 123 5 153 24
880 1.743148803710938 10.14495849609375 -5.863843441009521 83 70 13 0 25 83 28 56 31 36 34 34 37 27 40 29 50 6 52 9 53 9 146 7 147 15 148 13 149 13 150 13 151 16 153 25 155 31 158 39
881 -0.5322379469871521 4.439418315887451 -6.060495853424072 110 98 13 0 25 84 28 57
882 1.592504501342773 9.417832374572754 -5.857812404632568 96 85 17 0 25 85 28 58 31 37 34 35 37 28 151 17 158 40 176 87 178 58
883 0.7357104420661926 10.21037006378174 -5.874137401580811 109 93 14 0 25 86 28 59 31 38 34 36 37 29 40 30 42 25 50 7 51 4 52 10 146 8 147 16 148 14 149 14 151 18 153 26 155 32
884 1.137619256973267 10.4903392791748 -5.869786262512207 95 79 11 0 25 87 28 60 31 39 34 37 37 30 40 31 42 26 50 8 51 5 52 11 53 10 146 9 147 17 148 15 149 15 150 14 151 19 153 27 155 33
885 2.281453132629395 8.305047035217285 -5.902130126953125 113 99 17 0 25 88 28 61 155 34
886 -1.023091316223145 9.728642463684082 -5.870475292205811 107 92 14 0 25 89 28 62 37 31 40 32
887 -0.8197102546691895 4.987857818603516 -4.851692199707031 93 79 12 0 25 90 28 63
888 -0.2460559159517288 1.233396172523499 -6.046786308288574 120 107 15 0 25 91 28 64 31 40
889 -2.847137212753296 4.71558141708374 -4.240801811218262 121 98 11 0 25 92 28 65
890 2.660827398300171 9.292207717895508 -6.003081321716309 108 100 31 0 25 93 28 66
891 1.367758631706238 8.409592628479004 -5.88880443572998 121 108 24 0 25 94 28 67 49 6 155 35
892 2.375587940216064 9.548108100891113 -5.885791778564453 125 115 30 0 25 95 28 68 153 28 158 41
893 0.3961223959922791 0.7883531451225281 -6.031250953674316 153 140 50 0 25 96 28 69
894 2.86412525177002 9.792092323303223 -5.85260009765625 119 106 27 0 25 97 28 70 40 33 153 29
895 -0.4862730205059052 5.109832763671875 -5.619937896728516 120 103 27 0 25 98 28 71
896 0.1304228156805038 10.53490257263184 -5.868442058563232 136 119 26 0 25 99 28 72 31 41 34 38 37 32 40 34 42 27 69 5 70 4 123 6 145 3 146 10 149 16 150 15 153 30 155 36 173 118
897 1.072845935821533 10.649001121521 -5.858126163482666 120 106 24 0 25 100 28 73 31 42 34 39 40 35 51 6 52 12 53 11 146 11 148 16 151 20 153 31 155 37
898 -3.000792264938354 8.56244945526123 -5.902391910552979 147 123 29 0 25 101 28 74 31 43 164 47 167 54 170 70
899 0.8906422257423401 -0.007623904850333929 -5.948988914489746 164 146 58 0 25 102 28 75
900 -2.825814962387085 9.422408103942871 -4.919997215270996 132 105 24 0 25 103 28 76
901 -0.01605428569018841 10.70648765563965 -5.866367340087891 135 118 28 0 25 104 28 77 31 44 34 40 37 33 40 36 44 13 46 8 48 11 50 9 51 7 52 13 69 6 70 5 147 18 173 119
902 -0.5708776712417603 10.79069137573242 -5.859758853912354 133 113 25 0 25 105 28 78 31 45 42 28 46 9 48 12 49 7 50 10 68 4 69 7 70 6
903 0.37262824177742 6.92721700668335 -5.908427715301514 115 103 22 0 25 106 28 79
904 -0.6406070590019226 0.6490042209625244 -5.943703651428223 153 139 42 0 25 107 28 80
905 -1.566836953163147 1.880202770233154 -6.195909023284912 156 144 43 0 25 108 28 81 31 46
906 5.165845394134521 7.366469860076904 -5.938831806182861 55 60 26 0 25 109 28 82
907 -1.48397970199585 9.771995544433594 -5.881922721862793 132 115 27 0 25 110 28 83 31 47 34 41 40 37 167 55
908 0.4295661449432373 7.505858898162842 -5.891282081604004 103 88 14 0 25 111 42 29 44 14 158 42
909 -2.847749710083008 3.63123893737793 -6.283715724945068 127 105 28 0 25 112 170 71
910 1.428174614906311 8.752012252807617 -5.894262790679932 94 83 13 0 25 113 151 21 153 32
911 1.787072658538818 9.330765724182129 -5.868896961212158 95 86 13 0 25 114 151 22 155 38
912 2.198287010192871 9.571393013000488 -5.870743751525879 126 115 32 0 25 115 151 23 155 39
913 2.801815748214722 10.22910690307617 -5.882722854614258 115 103 25 0 25 116 50 11 153 33 155 40
914 2.860824346542358 8.166775703430176 -5.874216079711914 102 86 13 0 25 117 153 34 155 41 158 43 161 29 164 48
915 -3.644971132278442 8.678448677062988 -5.996042728424072 81 68 22 0 25 118 158 44
916 1.888553023338318 10.3148307800293 -5.863890647888184 133 122 34 0 25 119 158 45
917 4.037108898162842 9.377884864807129 -5.772979736328125 80 69 14 0 25 120 28 84 31 48 34 42 161 30 164 49 170 72
918 1.998064398765564 5.524802207946777 -2.548043489456177 85 72 13 0 25 121 170 73
919 -1.846376299858093 4.758825778961182 -6.975242137908936 105 88 16 0 25 122 170 74
920 -1.632633566856384 7.914865016937256 -4.881300926208496 153 122 10 0 25 123 31 49 167 56 170 75
921 -1.53063702583313 4.373753547668457 -4.306495189666748 126 100 21 0 25 124 170 76
922 -0.1940793991088867 2.156356811523438 -5.535617828369141 149 134 33 0 25 125 170 77
923 -2.652506589889526 3.527605295181274 -6.891006946563721 139 123 33 0 25 126 170 78
924 -1.954469323158264 8.491776466369629 -4.881768703460693 157 129 22 0 25 127 170 79
925 -0.9670798778533936 5.223640441894531 -4.751935958862305 152 130 71 0 25 128 31 50 164 50 167 57 173 120
926 -1.02995753288269 4.575656414031982 -5.929393291473389 139 121 27 0 25 129 170 80 173 121
927 2.972972631454468 1.204729437828064 -6.141544818878174 96 76 16 0 25 130 173 122
928 4.308076858520508 0.9772547483444214 -6.045710563659668 57 55 31 0 25 131 173 123
929 0.4692042469978333 -0.2587026357650757 -6.249309062957764 147 130 35 0 25 132 173 124 176 88 178 59 181 57
930 -5.596712589263916 18.08146286010742 -2.710627555847168 81 68 26 0 26 29 29 9 32 5 35 3
931 -1.573497891426086 12.77554130554199 -5.878303527832031 110 98 16 0 26 30 29 10
932 -3.648982286453247 13.71936798095703 -5.873231410980225 90 77 14 0 26 31 29 11 32 6 166 7 169 12
933 -3.586963415145874 13.06535720825195 -5.972070217132568 82 72 25 0 26 32 29 12 166 8 169 13
934 0.08233429491519928 13.57235431671143 -4.07356071472168 85 67 19 0 26 33 29 13 166 9 172 24
935 -4.288473606109619 13.9620885848999 -5.881607532501221 86 71 11 0 26 34 29 14 32 7 169 14
936 -1.950068235397339 14.26809978485107 -5.708389282226562 96 77 19 0 26 35 29 15 166 10 169 15 172 25 175 33
937 -0.7955552339553833 9.987071990966797 1.780813694000244 104 85 32 0 26 36 29 16 166 11
938 2.672762870788574 13.90588760375977 -5.756993770599365 135 115 29 0 26 37 29 17 32 8 161 31
939 -3.976078033447266 13.56259155273438 -5.803099632263184 119 105 40 0 26 38 29 18
940 -2.46307635307312 12.99978828430176 -6.0516357421875 130 118 39 0 26 39 29 19
941 1.437447071075439 15.37097549438477 -5.86909294128418 128 110 36 0 26 40 29 20 32 9 166 12 169 16 172 26
942 3.343998908996582 12.62006855010986 -6.011972427368164 132 123 40 0 26 41 29 21
943 -1.97782301902771 13.60283088684082 -5.985888957977295 122 106 30 0 26 42 29 22
944 3.821602821350098 12.33446407318115 -5.754814624786377 152 140 63 0 26 43 29 23
945 0.7257455587387085 13.77007007598877 -5.84643030166626 131 118 35 0 26 44 29 24 32 10 164 51 172 27
946 4.374192714691162 14.59256839752197 -5.441501617431641 125 109 48 0 26 45 29 25 32 11 172 28 175 34
947 -2.728774070739746 13.54675102233887 -5.879310607910156 116 97 26 0 26 46 29 26 65 1 72 1 120 2 121 3 142 2 143 2 166 13 169 17
948 -1.697206258773804 12.6412181854248 -5.917481422424316 142 129 42 0 26 47 29 27
949 -10.06665897369385 24.54376220703125 -4.046014308929443 135 106 42 0 26 48 32 12 35 4
950 -0.7954815030097961 13.46461582183838 -5.054221630096436 112 85 20 0 26 49 32 13 35 5
951 0.1112942099571228 14.49831771850586 -5.475631713867188 98 80 19 0 26 50 32 14 35 6 172 29
952 24.89540481567383 39.16436767578125 -2.104162693023682 170 192 189 0 26 51 35 7
953 0.1704822331666946 12.81361293792725 -5.885384082794189 102 88 13 0 26 52 37 34
954 1.590392351150513 11.79330158233643 -5.86091136932373 129 117 29 0 26 53 37 35 40 38 53 12 147 19 149 17 150 16 151 24
955 2.374200820922852 12.02177333831787 -5.855716705322266 116 105 26 0 26 54 31 51 34 43 37 36 40 39 42 30 44 15 53 13 54 5 55 2 147 20 148 17 149 18 150 17 151 25 153 35 155 42 158 46 161 32 164 52 167 58
956 1.7517911195755 7.896374702453613 1.77984094619751 148 129 71 0 26 55 169 18
957 1.938199996948242 8.134278297424316 1.827798843383789 147 128 66 0 26 56 169 19
958 3.776201248168945 14.83675003051758 -4.242898941040039 76 58 27 0 26 57 169 20 172 30
959 1.572877287864685 8.582605361938477 1.64604115486145 148 129 71 0 26 58 169 21
960 -6.586087226867676 16.31832504272461 -3.670518636703491 110 87 36 0 26 59 166 14 169 22
961 -0.3049493134021759 8.170960426330566 1.488903641700745 166 146 85 0 26 60 169 23
962 1.804663181304932 8.125380516052246 1.805643320083618 145 129 80 0 26 61 169 24
963 1.984980463981628 7.912205696105957 1.888225078582764 149 131 75 0 26 62 169 25
964 2.815165758132935 13.98071098327637 -5.228647708892822 159 143 63 0 26 63 172 31 175 35 177 24 180 35
965 -6.963960647583008 1.326718688011169 -4.883787155151367 99 71 14 0 30 5 33 3 36 2 162 1 165 4 168 5 171 7 174 8
966 -7.892747402191162 12.30033397674561 -3.770945072174072 91 73 15 0 27 16 30 6
967 -5.740979194641113 2.415596008300781 -4.870083332061768 76 55 23 0 27 17 30 7 36 3
968 -4.079961776733398 2.9830482006073 0.8802652955055237 161 146 94 0 27 18 30 8
969 -5.811725616455078 12.08304595947266 -5.182636260986328 173 132 28 0 27 19 30 9
970 -3.651911973953247 6.871018409729004 1.881830453872681 171 148 89 0 27 20 30 10
971 -6.180994033813477 7.812232971191406 -5.961757183074951 108 89 13 0 27 21 30 11
972 -6.201687335968018 12.31310367584229 -5.105590343475342 168 130 26 0 27 22 30 12
973 -9.25193977355957 7.900408267974854 -3.712013721466064 95 70 20 0 27 23 30 13
974 -6.787597179412842 5.316587448120117 -5.549800395965576 136 115 32 0 27 24 30 14 171 8
975 -12.39548778533936 18.38117980957031 -3.182847261428833 138 102 17 0 27 25 30 15 36 4
976 -6.013675212860107 5.075220584869385 -4.154849529266357 147 119 44 0 27 26 30 16 33 4 165 5 168 6
977 -4.452643871307373 5.174640655517578 -1.190302729606628 153 117 27 0 27 27 30 17
978 -15.92079448699951 14.35989379882812 -4.355823516845703 145 104 14 0 27 28 165 6
979 -13.16355514526367 12.94298553466797 0.5572330951690674 144 104 13 0 27 29 165 7
980 -4.653573036193848 5.353104591369629 -3.507430553436279 122 97 22 0 27 30 168 7
981 -3.078413009643555 7.847531318664551 -2.97779369354248 108 88 17 0 27 31 168 8
982 0.1929934620857239 6.148796558380127 0.8089906573295593 136 108 47 0 27 32 168 9
983 -4.454886436462402 2.491286516189575 -2.925629615783691 182 149 31 0 27 33 168 10 171 9
984 0.7097921371459961 5.833226680755615 0.6796417832374573 178 156 86 0 27 34 168 11
985 -14.02180290222168 9.80809497833252 4.910427093505859 125 99 34 0 27 35 171 10
986 -9.505805015563965 2.585092782974243 -6.829293251037598 79 56 11 0 27 36 171 11
987 -5.992665767669678 4.587883949279785 -3.416908979415894 114 84 27 0 27 37 171 12
988 -5.523472785949707 4.951796054840088 -4.900058269500732 102 79 12 0 27 38 171 13
989 -8.422547340393066 2.395646810531616 -3.221224784851074 107 81 25 0 27 39 171 14
990 -6.44847583770752 4.785490989685059 -4.861412048339844 148 120 21 0 27 40 171 15
991 -7.036485195159912 5.329643726348877 -1.051807761192322 151 117 30 0 27 41 171 16
992 -6.08333683013916 4.312692165374756 -4.483249187469482 148 120 20 0 27 42 171 17
993 -2.387039661407471 5.855869770050049 1.813467860221863 173 152 83 0 27 43 177 25
994 -2.794105529785156 6.955927848815918 0.1294216513633728 169 147 83 0 27 44 177 26
995 -3.050698280334473 6.597164630889893 1.096149086952209 166 141 75 0 27 45 177 27
996 -3.34674596786499 6.238860130310059 1.026606321334839 165 142 73 0 27 46 177 28
997 1.470945954322815 10.7905797958374 -5.764903545379639 83 73 19 0 37 37 40 40 42 31
998 -3.585248708724976 1.480424880981445 -6.293535232543945 152 134 72 0 187 52 190 50
999 2.258643627166748 7.876797199249268 -5.762959957122803 121 106 43 0 31 52 34 44
1000 -4.294629096984863 14.41770553588867 -5.92999267578125 115 94 35 0 65 2 66 3 67 3 140 1 141 2 143 3 144 2 145 4 149 19 150 18 151 26
1001 -8.200540542602539 6.862826347351074 2.057574033737183 168 140 72 0 165 8 168 12
1002 -5.460965633392334 0.8351362347602844 2.286126136779785 189 170 109 0 165 9 168 13
1003 -1.2136070728302 8.855917930603027 -5.912614345550537 81 66 12 0 28 85 31 53 34 45 37 38 161 33 164 53
1004 -1.144977569580078 8.713683128356934 -5.02625036239624 88 72 15 0 28 86 31 54 167 59 170 81
1005 -0.8580356240272522 6.568681716918945 -4.536191940307617 59 48 11 0 28 87 31 55
1006 3.35718846321106 10.64498233795166 -5.88152027130127 94 79 12 0 28 88 31 56 34 46 170 82
1007 -2.443315982818604 10.44984817504883 -5.900949954986572 78 61 11 0 28 89 31 57 34 47 37 39 40 41 42 32 158 47 161 34 164 54 167 60
1008 -2.667031526565552 4.633340358734131 -4.231344223022461 122 94 11 0 28 90 31 58
1009 5.677909374237061 10.83395195007324 -5.883155822753906 63 74 55 0 28 91 31 59 167 61
1010 3.742458343505859 8.384053230285645 -5.783608913421631 68 59 11 0 28 92 31 60 34 48 158 48 161 35 164 55 167 62
1011 -1.707270503044128 10.29291725158691 -5.941102981567383 96 81 14 0 28 93 31 61
1012 5.51600980758667 10.13271522521973 -5.930508136749268 62 70 47 0 28 94 31 62 167 63
1013 1.373262047767639 8.911011695861816 -5.674635887145996 124 111 37 0 28 95 31 63
1014 -2.231159687042236 10.21720790863037 -5.823483467102051 123 108 32 0 28 96 31 64 34 49 50 12
1015 4.527595520019531 9.938691139221191 -5.866703987121582 114 107 43 0 28 97 31 65 164 56 167 64
1016 -0.174022763967514 11.35920810699463 -5.866538047790527 134 115 28 0 28 98 31 66 34 50 42 33 50 13 51 8 67 4 68 5 69 8 146 12 147 21 153 36
1017 1.629307150840759 8.509478569030762 -5.888816833496094 128 115 25 0 28 99 31 67 151 27 153 37 155 43
1018 -1.135901927947998 11.08125019073486 -5.735573768615723 129 115 27 0 28 100 31 68
1019 4.204785823822021 9.144223213195801 -5.78511381149292 108 98 30 0 28 101 31 69 34 51 37 40 161 36 164 57
1020 5.239787101745605 10.70016384124756 -5.864135265350342 93 97 53 0 28 102 31 70
1021 3.637272357940674 8.211780548095703 -5.814196109771729 105 93 29 0 28 103 31 71 34 52 158 49 161 37 164 58 167 65
1022 0.9442927837371826 10.02427196502686 -5.822379589080811 129 115 22 0 28 104 31 72 34 53
1023 1.206300616264343 10.76135158538818 -5.86478328704834 128 114 30 0 28 105 31 73 34 54 37 41 40 42 42 34
1024 5.129189014434814 10.58970737457275 -6.012007713317871 114 99 39 0 28 106 31 74 167 66
1025 -3.144691705703735 8.283571243286133 -5.908431053161621 134 115 27 0 28 107 31 75 34 55
1026 -2.839312076568604 10.77486133575439 -5.988059997558594 104 84 24 0 28 108 31 76
1027 0.1581374108791351 7.715776920318604 -5.777487277984619 128 116 28 0 28 109 31 77
1028 -2.068413496017456 10.69843673706055 -5.831040859222412 125 108 27 0 28 110 31 78 34 56 37 42 40 43 42 35 46 10 48 13 49 8 50 14 161 38 164 59 167 67 170 83
1029 0.2498193681240082 11.09428215026855 -5.873490810394287 135 117 25 0 28 111 31 79 34 57 37 43 40 44 42 36 68 6 69 9
1030 1.854281306266785 11.25336456298828 -5.849117279052734 132 117 28 0 28 112 31 80 37 44 52 14 53 14 54 6 55 3 148 18 149 20 150 19 151 28
1031 0.9099866151809692 8.935945510864258 -5.635672569274902 136 124 35 0 28 113 31 81
1032 0.4537147879600525 10.33325672149658 -5.872269630432129 99 77 9 0 28 114 50 15 51 9 69 10 70 7
1033 0.432856023311615 11.19068622589111 -5.871829986572266 110 88 12 0 28 115 34 58 37 45 68 7 69 11 70 8 123 7
1034 2.860126256942749 11.41441631317139 -5.828840732574463 90 79 16 0 28 116 153 38 155 44
1035 2.163479566574097 10.26866817474365 -5.818221569061279 97 84 16 0 28 117 155 45
1036 1.972480297088623 11.12262344360352 -5.84230375289917 97 86 10 0 28 118 155 46
1037 -1.94870936870575 10.71414089202881 -5.927168846130371 119 106 31 0 28 119 155 47 158 50
1038 -1.190919756889343 6.66277027130127 -6.591569900512695 62 52 15 0 28 120 167 68
1039 4.906156539916992 10.39507675170898 -5.98582935333252 72 68 22 0 28 121 31 82 167 69
1040 0.1011851131916046 6.241777420043945 -5.965086460113525 105 90 29 0 28 122 167 70 170 84
1041 3.788210391998291 9.867959022521973 -5.520608901977539 109 93 21 0 28 123 167 71
1042 3.064281225204468 5.914495944976807 -5.894296169281006 71 59 11 0 28 124 167 72 170 85
1043 2.096580028533936 7.083777904510498 -1.091199278831482 89 79 42 0 28 125 167 73
1044 3.630937576293945 9.907546043395996 -5.431282043457031 142 125 53 0 28 126 167 74
1045 -3.680702209472656 9.702384948730469 -6.372453689575195 134 111 21 0 28 127 167 75
1046 4.784579277038574 9.498988151550293 -5.187942028045654 94 91 48 0 28 128 164 60 167 76
1047 3.232362508773804 6.701765060424805 -4.844965934753418 123 109 33 0 28 129 167 77
1048 1.901028990745544 9.274263381958008 1.47246778011322 151 133 76 0 29 28 166 15
1049 3.155501842498779 13.81048965454102 -5.694737911224365 89 76 13 0 29 29 32 15
1050 -5.561851978302002 16.81436729431152 -4.442502498626709 69 62 21 0 29 30 32 16
1051 4.217308044433594 14.13967514038086 -5.758115291595459 71 55 16 0 29 31 32 17 35 8
1052 -5.925432682037354 16.73482894897461 -4.294526100158691 57 54 17 0 29 32 32 18 35 9 154 2 157 2 160 3
1053 -2.894047260284424 13.85878658294678 -5.859310150146484 88 67 12 0 29 33 32 19 35 10 62 3 63 2 64 1 65 3 66 4 67 5 68 8 69 12 70 9 71 1 72 2 73 1 74 2 118 4 120 3 121 4 122 2 123 8 124 4 125 3 126 1 139 2 140 2 141 3 142 3 143 4 144 3 145 5 146 13 169 26
1054 2.424071550369263 14.67542266845703 -5.712309837341309 91 77 15 0 29 34 35 11 42 37 151 29 153 39 155 48 158 51 161 39 164 61
1055 1.040431141853333 13.9266939163208 -5.771203994750977 74 59 12 0 29 35 32 20 35 12 40 45 155 49 158 52 161 40
1056 1.339468836784363 13.57142734527588 -5.693456172943115 99 85 16 0 29 36 32 21
1057 1.267389535903931 16.10781860351562 -4.807383060455322 90 71 20 0 29 37 32 22 166 16
1058 1.834313631057739 12.39786529541016 1.756471037864685 150 132 78 0 29 38 32 23 163 7 166 17 169 27
1059 1.510848641395569 18.35527420043945 -5.419078826904297 80 55 17 0 29 39 32 24 166 18 169 28
1060 -1.806658983230591 13.9135627746582 -5.122568607330322 85 65 12 0 29 40 32 25 35 13 163 8
1061 1.300405859947205 10.28094863891602 1.680397510528564 224 211 159 0 29 41 32 26 166 19
1062 -1.236417889595032 13.56824779510498 -5.822414875030518 103 90 27 0 29 42 32 27 161 41 164 62
1063 2.57444167137146 15.18020153045654 -5.891695976257324 129 114 34 0 29 43 32 28 35 14 169 29
1064 4.065300941467285 14.04230880737305 -3.374145746231079 108 97 47 0 29 44 32 29 35 15
1065 0.5703113079071045 15.91341686248779 1.893787503242493 199 181 132 0 29 45 32 30 35 16 38 2 160 4 163 9 166 20 169 30
1066 -1.723648190498352 20.65762138366699 -3.201844215393066 166 196 212 0 29 46 32 31
1067 3.779216289520264 13.15418720245361 1.635654091835022 145 129 89 0 29 47 32 32 35 17 166 21
1068 1.744962096214294 16.05152320861816 -5.842848300933838 125 106 33 0 29 48 32 33 35 18 38 3 166 22 169 31
1069 2.30550479888916 15.79146194458008 -5.211563110351562 95 74 26 0 29 49 32 34
1070 0.8133640885353088 12.2857780456543 0.2711170017719269 189 169 116 0 29 50 32 35
1071 2.73195219039917 15.68156337738037 -5.756165981292725 125 109 28 0 29 51 32 36 35 19 38 4 166 23
1072 3.988253831863403 14.31957721710205 -6.085535049438477 104 92 46 0 29 52 32 37 164 63
1073 1.850974082946777 12.30654335021973 -5.854043006896973 89 73 12 0 29 53 31 83 34 59 37 46 40 46 42 38 44 16 53 15 54 7 147 22 148 19 150 20 153 40 155 50 158 53 161 42 164 64
1074 2.439098119735718 13.25249481201172 -5.831665515899658 114 102 24 0 29 54 40 47 42 39 44 17 46 11 153 41 155 51 158 54
1075 -0.4108858406543732 12.73300647735596 -5.886519432067871 132 115 26 0 29 55 37 47 40 48 42 40 44 18 46 12 48 14 69 13 70 10
1076 0.9452775120735168 11.82809257507324 1.570810079574585 169 152 98 0 29 56 166 24
1077 1.617120027542114 10.86765289306641 1.765200734138489 163 145 93 0 29 57 163 10 166 25
1078 1.951901316642761 9.065436363220215 1.811812162399292 143 126 75 0 29 58 166 26
1079 -1.094212412834167 13.68823623657227 -5.973973274230957 104 88 19 0 29 59 169 32
1080 1.258136034011841 15.18195343017578 -4.787777900695801 87 65 13 0 29 60 169 33
1081 -2.894216060638428 12.85364437103271 -5.514264583587646 98 85 15 0 29 61 169 34
1082 -3.657063245773315 17.70434951782227 -4.810693740844727 123 107 73 0 29 62 169 35
1083 -6.069111347198486 2.173178672790527 -4.841132640838623 64 44 15 0 30 18 33 5 36 5
1084 -5.926520824432373 4.835032939910889 -4.095864772796631 114 86 11 0 30 19 33 6 168 14
1085 1.027577638626099 6.779345035552979 0.3288306295871735 127 97 23 0 30 20 33 7
1086 0.8423762917518616 6.754857540130615 0.3760228157043457 164 140 74 0 30 21 33 8
1087 -6.029842853546143 8.511250495910645 -5.58117151260376 105 85 15 0 30 22 33 9 39 2 162 2
1088 0.9460458755493164 6.73116397857666 0.3418086767196655 148 129 71 0 30 23 33 10
1089 -9.055641174316406 11.31863212585449 -3.669753789901733 142 99 15 0 30 24 36 6 41 1 159 0 162 3
1090 -7.45005989074707 2.066821336746216 -4.848093032836914 188 146 26 0 30 25 36 7 168 15
1091 -4.086519718170166 9.604619026184082 -3.749561071395874 174 135 32 0 30 26 36 8
1092 -11.35548114776611 4.842599868774414 -4.359609603881836 140 98 21 0 30 27 36 9 39 3 45 1 47 1 156 1
1093 -5.563884258270264 9.6683349609375 -4.223706722259521 171 130 20 0 30 28 36 10 39 4 43 0 45 2
1094 -11.05315113067627 15.03509140014648 -9.173105239868164 180 144 53 0 30 29 163 11
1095 -13.07243061065674 13.08949279785156 -0.02169325202703476 147 105 13 0 30 30 39 5 162 4 165 10
1096 -9.051905632019043 8.675102233886719 -6.289516925811768 156 124 53 0 30 31 162 5 165 11 168 16
1097 -7.205747127532959 4.278400897979736 -4.374832630157471 117 87 22 0 30 32 165 12
1098 0.1639149487018585 7.367584705352783 0.8883095383644104 152 132 70 0 30 33 165 13
1099 -9.463625907897949 8.501008987426758 -4.048225879669189 77 71 20 0 30 34 162 6 165 14
1100 0.3303582370281219 7.266042709350586 0.8842317461967468 144 126 72 0 30 35 165 15
1101 -1.614454627037048 4.621735095977783 0.3473396897315979 182 163 109 0 30 36 165 16
1102 -9.282723426818848 3.500998258590698 -7.89777946472168 67 56 14 0 30 37 168 17
1103 -10.22990798950195 5.314121246337891 -0.1417518705129623 147 118 42 0 30 38 168 18
1104 -21.02695846557617 6.722250461578369 5.819366931915283 171 145 67 0 30 39 168 19
1105 -19.29038047790527 9.641274452209473 -2.211369752883911 227 222 195 0 30 40 168 20
1106 -7.70955753326416 7.229138851165771 -6.785201072692871 144 123 32 0 30 41 168 21
1107 -13.22461414337158 7.069109916687012 -4.043670654296875 164 124 33 0 30 42 165 17 168 22
1108 -6.629868507385254 5.707482814788818 -1.904068350791931 169 129 33 0 30 43 168 23
1109 -4.487629413604736 4.178097248077393 2.354852199554443 131 137 118 0 33 11 168 24
1110 -3.678336381912231 11.71761417388916 -5.766924858093262 63 52 21 0 67 6 68 9 142 4 143 5 144 4 145 6 146 14 147 23 148 20
1111 -6.240747451782227 -1.084960579872131 -5.585710525512695 138 123 30 0 156 2 165 18 168 25
1112 3.743560075759888 8.758270263671875 -5.776211738586426 80 71 16 0 31 84 34 60
1113 5.218905448913574 10.38803195953369 -5.874379634857178 80 78 28 0 31 85 34 61
1114 1.013115286827087 11.08672332763672 -5.889305114746094 121 105 27 0 31 86 34 62
1115 0.3181272447109222 7.421725749969482 -6.245747566223145 127 126 84 0 31 87 34 63
1116 5.984172344207764 10.21989631652832 -6.068893432617188 80 89 81 0 31 88 34 64
1117 5.247767448425293 9.168132781982422 -5.781518459320068 57 63 28 0 31 89 34 65
1118 0.265841007232666 8.866611480712891 -5.910896301269531 90 77 12 0 31 90 34 66 148 21
1119 0.3861120641231537 11.41469192504883 -5.799223899841309 104 87 17 0 31 91 34 67
1120 4.932619571685791 8.125001907348633 -5.747599124908447 80 68 15 0 31 92 34 68
1121 -2.821857213973999 11.90819644927979 -5.898795127868652 75 61 12 0 31 93 34 69 37 48 40 49 42 41 44 19 46 13 68 10 155 52 158 55 161 43 164 65
1122 4.007097721099854 8.688824653625488 -5.742147445678711 73 65 13 0 31 94 34 70 158 56 161 44 164 66 167 78
1123 0.7969290018081665 1.447385549545288 -6.105332374572754 108 90 10 0 31 95 34 71 170 86 173 125 176 89
1124 -3.292535066604614 11.95501327514648 -5.878727436065674 73 52 11 0 31 96 34 72 37 49 40 50 42 42 65 4 66 5 67 7 68 11 69 14 124 5 125 4 141 4 142 5 143 6 144 5 145 7 146 15 158 57 161 45 164 67
1125 2.345771074295044 11.64076232910156 -5.919268131256104 91 79 12 0 31 97 34 73 37 50 40 51
1126 -0.08919524401426315 11.89160060882568 -5.866268634796143 102 84 11 0 31 98 34 74 37 51 40 52 42 43 44 20 46 14 51 10 52 15 53 16 68 12 69 15 70 11 123 9 145 8 146 16 147 24 148 22 149 21 170 87 175 36
1127 -0.1513053178787231 2.87021803855896 -5.935845851898193 161 147 40 0 31 99 34 75 161 46
1128 1.143206000328064 10.22197341918945 -5.872782707214355 138 124 32 0 31 100 34 76
1129 1.533154726028442 11.48696327209473 -5.854438304901123 128 113 24 0 31 101 34 77 37 52 52 16 146 17 147 25 150 21
1130 4.71647834777832 8.819007873535156 -5.374167442321777 92 89 37 0 31 102 34 78 161 47
1131 -0.7670100927352905 1.356088638305664 -6.091004371643066 148 132 32 0 31 103 34 79 170 88
1132 -0.4197013974189758 11.44212245941162 -5.869725704193115 126 109 29 0 31 104 34 80 37 53 40 53 42 44 46 15 50 16 51 11 52 17 67 8 69 16 71 2 123 10 148 23 149 22 150 22 151 30
1133 0.3495384156703949 11.74059200286865 -5.856330394744873 130 112 28 0 31 105 34 81 37 54 40 54 42 45 44 21 46 16 50 17 51 12 52 18 53 17 54 8 55 4 66 6 67 9 68 13 69 17 145 9 146 18 147 26 148 24 149 23 150 23
1134 -3.039280891418457 9.81932258605957 -5.893450260162354 130 108 28 0 31 106 34 82 37 55 40 55 42 46 164 68 167 79
1135 1.894903659820557 11.36019420623779 -5.836986064910889 128 114 24 0 31 107 34 83 37 56 40 56 42 47
1136 -3.278743982315063 11.7287483215332 -5.844284057617188 91 77 23 0 31 108 34 84 42 48 155 53 158 58 161 48 164 69
1137 5.462039947509766 8.719049453735352 -6.017048835754395 65 70 34 0 31 109 34 85 37 57
1138 4.808290958404541 9.016995429992676 -5.702778816223145 95 91 31 0 31 110 34 86 164 70
1139 -1.02000629901886 11.87770366668701 -5.522992134094238 139 125 37 0 31 111 34 87 164 71
1140 -0.6126861572265625 10.78752422332764 -5.893948078155518 132 116 27 0 31 112 34 88 37 58 40 57 42 49
1141 5.389590740203857 10.40539932250977 -5.87255859375 86 88 51 0 31 113 164 72 167 80
1142 -1.12892758846283 7.322291851043701 -4.585026741027832 148 124 32 0 31 114 34 89
1143 1.97440767288208 10.46957492828369 -5.744131565093994 137 126 34 0 31 115 34 90
1144 5.649897575378418 6.155813217163086 -5.246881484985352 97 86 38 0 31 116 167 81
1145 -1.409735441207886 1.687196612358093 -6.096733570098877 159 140 44 0 31 117 167 82
1146 -1.368898987770081 11.94330501556396 -5.847346782684326 106 93 16 0 31 118 148 25 149 24
1147 2.088973999023438 8.215170860290527 -5.899113655090332 134 120 27 0 31 119 148 26
1148 1.094629883766174 12.02561378479004 -5.852694034576416 128 114 25 0 31 120 52 19 147 27 148 27
1149 0.9325269460678101 8.214567184448242 -5.952844142913818 141 126 32 0 31 121 148 28 149 25
1150 3.241184711456299 11.52870273590088 -5.910868644714355 112 100 23 0 31 122 56 1 148 29
1151 3.08725118637085 10.91976737976074 -5.84127950668335 114 103 22 0 31 123 148 30 164 73
1152 2.444433689117432 11.13187122344971 -5.852426528930664 109 99 19 0 31 124 37 59 40 58 42 50 53 18 54 9 148 31 151 31 153 42 155 54 158 59 164 74 170 89 173 126
1153 -1.152196764945984 8.57058048248291 -5.705663204193115 78 64 11 0 31 125 161 49 164 75
1154 -4.303354263305664 7.750910758972168 -6.648869514465332 134 110 21 0 31 126 164 76
1155 -1.327980160713196 4.304126739501953 -4.402287006378174 107 92 12 0 31 127 164 77
1156 4.075959205627441 8.276809692382812 -5.859136581420898 76 68 13 0 31 128 37 60 155 55 158 60 161 50 164 78
1157 -4.889129638671875 7.874149322509766 -6.86325216293335 102 79 8 0 31 129 164 79
1158 -3.205508708953857 11.81462860107422 -5.475942611694336 75 59 10 0 31 130 34 91 164 80
1159 -5.168983459472656 9.178953170776367 -6.838489532470703 112 91 26 0 31 131 164 81
1160 -0.9591621160507202 8.430509567260742 -5.720646858215332 94 78 23 0 31 132 164 82
1161 -3.101756811141968 9.711609840393066 -4.942080497741699 126 100 24 0 31 133 164 83
1162 -3.223334312438965 12.1359281539917 -5.769186496734619 106 89 30 0 31 134 164 84
1163 -2.893272399902344 9.700691223144531 -5.754646778106689 123 102 24 0 31 135 40 59 42 51 44 22 48 15 49 9 155 56 158 61 161 51 164 85
1164 -3.935598611831665 7.985874176025391 -6.675895214080811 146 126 35 0 31 136 164 86
1165 5.127857208251953 9.954839706420898 -5.950372695922852 106 100 42 0 31 137 34 92 164 87
1166 -1.194107532501221 1.512582182884216 -6.092998027801514 125 110 13 0 31 138 167 83 170 90 173 127 176 90
1167 -2.681965351104736 9.510276794433594 -5.148154735565186 110 84 12 0 31 139 167 84
1168 4.79924488067627 8.765223503112793 -6.257458209991455 100 92 36 0 31 140 167 85
1169 -4.2080078125 9.076167106628418 -5.909502029418945 91 70 13 0 31 141 167 86 170 91 173 128
1170 -2.693917274475098 10.22534847259521 -5.773011684417725 82 66 13 0 31 142 167 87
1171 2.874429225921631 6.924504280090332 -1.762291073799133 32 36 25 0 31 143 167 88
1172 2.966737031936646 9.580004692077637 -3.244447708129883 96 76 36 0 31 144 170 92
1173 1.870566487312317 1.142086982727051 -6.220942974090576 150 133 53 0 31 145 170 93
1174 1.835893511772156 14.91968536376953 -5.811628341674805 80 66 13 0 32 38 35 20 38 5 42 52 44 23 46 17 155 57 158 62 161 52 166 27
1175 2.833226203918457 13.46378231048584 -2.749353408813477 78 68 28 0 32 39 35 21 163 12
1176 3.620628356933594 14.09947872161865 -5.893054485321045 67 56 13 0 32 40 35 22 161 53 164 88 167 89
1177 3.324015140533447 14.06707191467285 -5.760249137878418 76 62 14 0 32 41 35 23 40 60 42 53 161 54 164 89 167 90
1178 2.349529266357422 14.31065940856934 -5.784692287445068 112 100 19 0 32 42 35 24 40 61 161 55
1179 1.355545997619629 14.27997303009033 -5.830781936645508 77 61 11 0 32 43 35 25 155 58 158 63 161 56 164 90
1180 2.509180307388306 15.21783256530762 -5.670207023620605 81 67 10 0 32 44 35 26 38 6 151 32 153 43 155 59 158 64 161 57 166 28
1181 1.139667630195618 14.12055969238281 -4.444610118865967 98 72 15 0 32 45 35 27 166 29 169 36
1182 2.071124315261841 14.68557643890381 -5.807087421417236 87 73 19 0 32 46 35 28 42 54 44 24 46 18 155 60 158 65 161 58 164 91
1183 2.269525766372681 12.57756805419922 1.83875584602356 152 134 75 0 32 47 35 29 163 13
1184 3.88524866104126 12.41927051544189 1.769777536392212 117 93 37 0 32 48 35 30 38 7
1185 3.433605670928955 13.77335834503174 -3.676445007324219 72 58 30 0 32 49 35 31 38 8
1186 1.512037396430969 19.43793678283691 -5.957221031188965 73 53 16 0 32 50 35 32 38 9 160 5
1187 -5.542011737823486 17.93484687805176 -3.567596673965454 138 124 79 0 32 51 35 33 38 10
1188 2.092275142669678 14.31996536254883 -5.806065559387207 157 133 52 0 32 52 35 34 155 61 158 66 161 59 164 92
1189 -3.134245872497559 14.05594825744629 -5.843094348907471 110 95 33 0 32 53 35 35
1190 1.09959352016449 13.57599067687988 -4.673703193664551 125 103 46 0 32 54 35 36
1191 0.2911940217018127 14.38249397277832 1.873109221458435 174 161 122 0 32 55 35 37 38 11 157 3 160 6 163 14 166 30
1192 -0.7088099122047424 10.5426664352417 1.904822587966919 147 137 104 0 32 56 163 15
1193 -4.833781719207764 14.47393894195557 -4.491220474243164 171 142 39 0 32 57 163 16
1194 -3.309764862060547 14.92237281799316 -3.819994211196899 115 89 16 0 32 58 163 17
1195 2.38473105430603 14.24422264099121 -2.504059314727783 120 102 31 0 32 59 160 7 163 18 166 31 169 37
1196 1.558238387107849 17.17425918579102 -4.851229190826416 74 54 17 0 32 60 163 19 166 32
1197 0.2314105182886124 9.977048873901367 1.837205052375793 155 137 86 0 32 61 163 20
1198 1.403077125549316 15.14908599853516 1.719043016433716 197 178 124 0 32 62 163 21
1199 3.225877046585083 16.2589111328125 1.921036124229431 184 166 98 0 32 63 163 22
1200 -0.7319459915161133 13.64628314971924 -5.773310661315918 76 56 11 0 32 64 161 60 164 93
1201 0.04900166019797325 13.1307544708252 -5.521597385406494 93 80 11 0 32 65 164 94
1202 -0.2774959206581116 13.0325345993042 -5.373467445373535 85 72 10 0 32 66 164 95
1203 1.455357313156128 13.39271926879883 -5.769473552703857 127 114 29 0 32 67 161 61 164 96
1204 -3.027313470840454 15.57188510894775 -5.391622543334961 93 72 20 0 32 68 166 33
1205 1.549712419509888 10.8471794128418 0.6344084739685059 180 159 94 0 32 69 163 23 166 34
1206 1.428404569625854 13.99532032012939 1.795649528503418 189 169 115 0 32 70 38 12 160 8 163 24 166 35
1207 3.840389490127563 15.08118534088135 -0.02746679075062275 180 162 102 0 32 71 177 29
1208 -4.2998046875 9.865758895874023 -4.556207180023193 184 140 19 0 33 12 36 11
1209 -3.934103965759277 9.761740684509277 -3.976807117462158 183 137 19 0 33 13 36 12
1210 -9.200641632080078 6.439849853515625 -5.638483047485352 147 117 46 0 33 14 36 13
1211 -3.997355461120605 7.00178861618042 2.04791784286499 152 130 64 0 33 15 36 14 162 7 165 19
1212 -6.904345989227295 6.319737911224365 -5.992195129394531 146 128 41 0 33 16 36 15
1213 -4.883283138275146 12.32296848297119 -4.756125926971436 114 84 14 0 33 17 36 16
1214 -4.12138032913208 9.917877197265625 -3.88009238243103 182 137 21 0 33 18 36 17
1215 -13.35052013397217 9.576946258544922 2.0976881980896 172 150 99 0 33 19 36 18
1216 -4.75162410736084 8.43169116973877 -3.784184455871582 153 123 54 0 33 20 39 6
1217 -6.064453601837158 11.68545055389404 -4.474395751953125 123 90 19 0 33 21 39 7
1218 -7.950708866119385 16.48771858215332 -5.820427894592285 136 103 41 0 33 22 36 19 39 8 41 2 43 1
1219 -7.919003963470459 13.56602954864502 -3.698256731033325 70 59 13 0 33 23 39 9
1220 -9.573978424072266 10.19846630096436 -5.240574359893799 142 101 18 0 33 24 39 10
1221 -4.79339075088501 8.579305648803711 -4.524387359619141 114 91 29 0 33 25 165 20
1222 -9.10006046295166 7.203741550445557 -6.651051998138428 162 136 63 0 33 26 36 20 159 1 162 8
1223 -1.905211925506592 6.731044292449951 2.126910924911499 153 128 78 0 33 27 165 21
1224 -5.121059894561768 4.936771392822266 -4.312932968139648 83 58 13 0 33 28 168 26
1225 -4.040182590484619 6.748637676239014 1.773422718048096 164 143 75 0 33 29 162 9
1226 -3.502859592437744 6.407530784606934 2.293939590454102 163 143 71 0 33 30 162 10
1227 -9.550966262817383 8.231415748596191 -6.505603313446045 150 121 50 0 33 31 162 11
1228 -4.921597003936768 8.511415481567383 -4.049197196960449 158 131 58 0 33 32 39 11 165 22
1229 -1.22984504699707 7.75394344329834 0.976334810256958 157 126 55 0 33 33 165 23
1230 -14.24434280395508 1.975890398025513 5.977405071258545 175 153 82 0 33 34 168 27
1231 -9.577347755432129 7.020703792572021 -2.631472826004028 129 92 22 0 33 35 168 28
1232 -7.910453796386719 9.069032669067383 -0.8092494010925293 189 148 15 0 33 36 168 29
1233 -7.211472988128662 4.554811000823975 -2.04397439956665 163 122 29 0 33 37 168 30
1234 -0.2888017296791077 15.97557830810547 -5.85482931137085 111 91 36 0 135 0 136 0
1235 -2.951945543289185 21.57125663757324 -6.046422481536865 38 44 25 0 56 2 57 2 58 2
1236 -2.082720518112183 19.97990608215332 -5.961750030517578 60 59 27 0 52 20 53 19 55 5 56 3 57 3
1237 -1.022623062133789 16.20063018798828 -4.662634372711182 79 75 56 0 56 4 57 4 58 3
1238 -11.67523384094238 6.294830322265625 -3.644118309020996 148 124 45 0 98 0 99 0
1239 -3.075852870941162 11.09447193145752 -4.308823585510254 165 133 42 0 149 26 150 24
1240 -1.651799440383911 8.536505699157715 -5.966943740844727 108 92 35 0 149 27 150 25 151 33 153 44
1241 2.431964635848999 13.25058078765869 -5.933516025543213 127 112 43 0 54 10 55 6
1242 0.2210625857114792 -0.9615890383720398 -6.152243137359619 91 68 17 0 181 58 184 74
1243 2.864859819412231 11.45030307769775 -5.862812995910645 88 74 13 0 34 93 37 61 40 62 53 20 54 11
1244 2.570945978164673 12.19396305084229 -5.853994369506836 94 79 12 0 34 94 37 62 40 63 42 55 44 25 53 21 54 12 55 7 148 32 149 28 150 26 151 34 155 62 158 67 161 62 164 97 167 91 170 94
1245 1.969588875770569 11.1506233215332 -5.856173992156982 97 84 12 0 34 95 37 63 52 21 53 22
1246 -1.58253288269043 12.79161167144775 -5.876850128173828 99 78 11 0 34 96 37 64 40 64 68 14 69 18 70 12 146 19
1247 -1.106414079666138 7.928758144378662 -5.237026214599609 83 64 18 0 34 97 37 65 40 65 164 98
1248 4.570741176605225 12.66867733001709 -5.850350856781006 82 69 15 0 34 98 37 66 164 99
1249 -1.677196741104126 7.2298903465271 -4.747308731079102 90 68 17 0 34 99 37 67
1250 3.580717802047729 11.97218418121338 -5.867242336273193 77 64 12 0 34 100 37 68 40 66 42 56 161 63 164 100
1251 -1.126900553703308 7.456653118133545 -5.019574165344238 103 81 29 0 34 101 37 69 40 67 161 64 164 101
1252 -1.684667348861694 10.27794361114502 -5.909890651702881 99 80 13 0 34 102 37 70 40 68 42 57
1253 2.842082977294922 11.99167537689209 -5.984316825866699 130 117 29 0 34 103 37 71
1254 2.845876693725586 10.08202457427979 -5.889674663543701 121 107 26 0 34 104 37 72 173 129
1255 1.599621415138245 12.50124835968018 -5.862703800201416 126 112 29 0 34 105 37 73 40 69 53 23
1256 -1.397995352745056 7.489780902862549 -6.028567790985107 89 74 22 0 34 106 37 74 40 70
1257 2.375020265579224 9.545370101928711 -5.851953983306885 131 117 32 0 34 107 37 75 147 28 148 33 176 91
1258 -2.580265760421753 12.09806346893311 -5.877478122711182 125 105 23 0 34 108 37 76 68 15 69 19
1259 3.262453556060791 9.438196182250977 -5.331930160522461 158 139 65 0 34 109 37 77
1260 -2.764172554016113 12.17039012908936 -5.888472080230713 124 105 29 0 34 110 37 78 40 71 42 58 44 26 46 19 65 5 66 7 67 10 68 16 69 20 123 11 145 10 146 20 155 63 158 68 161 65
1261 -0.6044790148735046 11.97428035736084 -5.875066757202148 132 113 24 0 34 111 37 79 42 59 44 27 46 20 49 10 68 17 69 21 71 3 123 12 144 6 145 11 147 29 148 34 150 27
1262 -0.4316448569297791 3.190989017486572 -6.126710414886475 158 144 37 0 34 112 37 80
1263 -0.451007068157196 12.00472164154053 -5.855521202087402 133 118 24 0 34 113 37 81 40 72 42 60
1264 -3.303436994552612 12.23102951049805 -5.879324913024902 112 103 49 0 34 114 37 82 123 13 124 6 126 2 147 30 148 35 161 66
1265 -0.2695119678974152 4.208624362945557 -6.037279605865479 157 141 35 0 34 115 37 83 40 73 42 61
1266 -0.6934413909912109 7.257974624633789 -5.814489364624023 103 90 20 0 34 116 37 84 40 74 42 62 44 28 158 69 161 67
1267 2.176734924316406 10.36259460449219 -5.823167324066162 94 81 12 0 34 117 53 24
1268 0.000911267998162657 11.60107231140137 -5.865924835205078 111 88 11 0 34 118 68 18
1269 -3.635146141052246 12.83875942230225 -5.882006645202637 108 87 27 0 34 119 67 11 68 19 69 22
1270 -2.464847564697266 11.48448181152344 -5.890673637390137 120 100 26 0 34 120 42 63 44 29 67 12 68 20 161 68
1271 -1.915570855140686 10.70374584197998 -5.885061264038086 134 112 24 0 34 121 68 21
1272 -3.136388778686523 12.385422706604 -5.88808012008667 122 97 24 0 34 122 42 64 66 8 67 13 68 22
1273 -2.716226577758789 9.49172306060791 -4.648890495300293 120 95 23 0 34 123 161 69 164 102
1274 2.33456015586853 9.175810813903809 -6.109030246734619 83 70 12 0 34 124 161 70
1275 3.473470687866211 10.7548360824585 -5.882508754730225 78 65 15 0 34 125 40 75 161 71
1276 -0.3491740226745605 5.032297611236572 -5.856816291809082 108 89 12 0 34 126 37 85 158 70 161 72 167 92
1277 -0.2808561027050018 6.857159614562988 -5.561967372894287 81 68 17 0 34 127 161 73
1278 -0.7372804284095764 6.943060874938965 -5.836857795715332 94 83 23 0 34 128 158 71 161 74 164 103
1279 4.192794799804688 7.319249153137207 -5.923112392425537 115 104 29 0 34 129 151 35 153 45 155 64 158 72 161 75
1280 -3.438302040100098 9.322954177856445 -6.368330955505371 140 117 31 0 34 130 161 76
1281 -0.5991889834403992 5.299769401550293 -4.70113468170166 192 170 105 0 34 131 158 73 161 77
1282 4.2080979347229 11.7404317855835 -5.744696140289307 78 64 14 0 34 132 164 104
1283 -1.266680717468262 7.884747982025146 -4.313144683837891 159 128 11 0 34 133 164 105
1284 0.1662461906671524 3.094141483306885 -5.891345024108887 126 109 11 0 34 134 164 106
1285 -3.027331113815308 10.99338245391846 -5.489659309387207 87 68 12 0 34 135 164 107
1286 -1.055580258369446 7.74660062789917 -2.7389075756073 136 116 27 0 34 136 164 108
1287 2.815220594406128 9.748227119445801 -5.626723289489746 111 97 24 0 34 137 164 109
1288 -1.335949063301086 8.831560134887695 -5.840360641479492 98 83 28 0 34 138 164 110
1289 -2.606902360916138 5.047409534454346 -6.177229881286621 212 178 44 0 34 139 164 111
1290 -1.015172958374023 6.215466976165771 -5.311216354370117 96 76 19 0 34 140 164 112
1291 -0.2440990954637527 6.552053928375244 -5.822211742401123 86 73 17 0 34 141 164 113 167 93
1292 3.82284951210022 4.535597801208496 -5.082501411437988 79 73 30 0 34 142 164 114
1293 -0.7639526128768921 12.02279281616211 -5.71309232711792 120 104 17 0 34 143 177 30
1294 1.721926808357239 15.28800201416016 -5.54131555557251 96 77 16 0 35 38 38 13
1295 3.723278284072876 14.02667331695557 -2.307451248168945 96 88 32 0 35 39 38 14
1296 3.985008239746094 12.39099884033203 2.358822822570801 110 91 46 0 35 40 38 15
1297 -6.134218692779541 21.04375267028809 -3.883976936340332 53 55 23 0 35 41 38 16 160 9
1298 0.1879985779523849 12.96269702911377 1.794093489646912 173 154 99 0 35 42 38 17
1299 0.5673859119415283 16.58599662780762 -5.357800960540771 102 85 17 0 35 43 38 18
1300 2.345372915267944 14.24018669128418 -2.510185241699219 127 114 34 0 35 44 38 19
1301 -0.2606096267700195 15.83361053466797 -3.837850093841553 144 120 34 0 35 45 38 20 157 4 160 10
1302 0.4333601295948029 15.46107006072998 -4.164144039154053 97 79 17 0 35 46 38 21
1303 2.571584939956665 13.61063861846924 -3.044216156005859 91 68 19 0 35 47 38 22
1304 -4.192732810974121 16.37778282165527 -5.270681381225586 89 68 15 0 35 48 38 23 160 11
1305 3.54280424118042 14.3958625793457 0.089640773832798 184 165 102 0 35 49 38 24 166 36 169 38
1306 1.639571189880371 15.48212432861328 -5.489312171936035 119 100 28 0 35 50 38 25
1307 2.135283470153809 11.5291223526001 1.889808297157288 158 139 85 0 35 51 38 26
1308 -8.792126655578613 26.77839851379395 0.5606247782707214 139 122 88 0 35 52 38 27
1309 0.1190339475870132 19.98597717285156 -3.164382457733154 181 160 94 0 35 53 38 28 172 32 175 37 177 31
1310 -2.850374460220337 15.8851375579834 1.892807841300964 162 144 98 0 35 54 38 29
1311 1.732305526733398 15.02881336212158 -5.610756874084473 117 101 23 0 35 55 38 30
1312 0.1646879613399506 17.26773643493652 -6.004768848419189 119 101 34 0 35 56 38 31 160 12
1313 1.007183909416199 10.94199657440186 1.836236953735352 156 140 85 0 35 57 160 13
1314 -1.650924205780029 18.3137378692627 -5.049128532409668 102 89 37 0 35 58 160 14 163 25
1315 -9.78924560546875 23.8491153717041 -0.8582115769386292 106 80 30 0 35 59 152 1 154 3 157 5 160 15
1316 -3.552785873413086 15.49715805053711 -4.926211833953857 121 96 19 0 35 60 160 16 163 26
1317 1.132681608200073 13.32149124145508 -3.827967166900635 103 76 17 0 35 61 161 78
1318 2.941918849945068 15.31436157226562 -5.234078407287598 80 63 17 0 35 62 161 79
1319 -2.92658257484436 15.24225997924805 -5.758404731750488 93 76 21 0 35 63 160 17 163 27
1320 -4.364143371582031 16.2637996673584 -6.508799076080322 91 75 17 0 35 64 163 28
1321 0.7553975582122803 14.12748908996582 -3.384463310241699 115 100 28 0 35 65 163 29
1322 -3.533501863479614 14.21294212341309 -5.505197525024414 106 92 29 0 35 66 163 30
1323 -1.504523634910583 13.54013156890869 -4.83185863494873 85 65 12 0 35 67 172 33
1324 -4.738980770111084 5.744444370269775 -4.167397975921631 114 91 28 0 36 21 39 12
1325 -11.61962509155273 9.025310516357422 -2.695026397705078 153 108 12 0 36 22 39 13 156 3 159 2 165 24
1326 -7.757060527801514 4.102316856384277 -5.171050548553467 100 77 15 0 36 23 39 14 162 12 165 25
1327 -7.86876392364502 14.69115543365479 -5.025216102600098 119 82 18 0 36 24 39 15 41 3
1328 -8.438824653625488 17.07183265686035 -5.947283267974854 115 86 38 0 36 25 39 16 41 4
1329 -10.10785293579102 4.385056018829346 -5.211975574493408 151 120 54 0 36 26 39 17
1330 -9.696270942687988 17.89206123352051 -4.981684684753418 106 73 23 0 36 27 39 18 41 5
1331 -8.518100738525391 3.125259399414062 -3.946679830551147 167 141 76 0 36 28 39 19 162 13
1332 -8.233683586120605 12.78872680664062 -5.294266700744629 93 62 16 0 36 29 39 20 43 2 45 3 47 2 154 4
1333 -5.567887306213379 2.316003561019897 -1.443531155586243 55 53 23 0 36 30 43 3
1334 -4.48065710067749 12.17250156402588 -4.052967071533203 134 103 38 0 36 31 43 4
1335 -1.443679213523865 6.267275333404541 1.137976169586182 170 147 77 0 36 32 165 26
1336 -3.147433519363403 7.579499244689941 2.476149797439575 152 131 74 0 36 33 162 14
1337 -5.390393257141113 5.081535339355469 -4.540166854858398 96 70 14 0 36 34 162 15
1338 -7.301279544830322 3.750039577484131 -3.82940936088562 168 132 28 0 36 35 162 16
1339 -5.211093425750732 9.042211532592773 -4.442239761352539 110 80 26 0 36 36 162 17
1340 -0.6379947662353516 7.752334594726562 1.420580387115479 145 127 67 0 36 37 162 18
1341 -5.999532222747803 2.754332542419434 -4.563536643981934 98 72 16 0 36 38 162 19 165 27 168 31 171 18
1342 -3.020655155181885 6.737364768981934 2.855434656143188 148 131 66 0 36 39 162 20
1343 -6.6454758644104 4.626578330993652 2.171700239181519 176 154 82 0 36 40 162 21
1344 -0.5975775718688965 7.43748950958252 1.653914332389832 157 138 82 0 36 41 162 22
1345 -2.904018878936768 7.363574028015137 1.942272067070007 165 144 73 0 36 42 162 23
1346 -8.636699676513672 4.471639633178711 -5.816259384155273 144 116 42 0 36 43 162 24
1347 -2.420306921005249 6.774422645568848 1.871660590171814 167 146 77 0 36 44 162 25
1348 -5.417405605316162 5.560929298400879 0.5647509694099426 139 103 24 0 36 45 165 28
1349 -8.439696311950684 6.233179569244385 -1.42661988735199 153 123 41 0 36 46 165 29
1350 -6.117770195007324 6.891300201416016 -2.371062040328979 154 112 24 0 36 47 165 30
1351 2.864354848861694 15.83374500274658 -5.955588340759277 137 126 96 0 149 29 150 28 151 36 153 46
1352 -8.504229545593262 4.945260524749756 -5.297253608703613 150 130 66 0 111 4 112 2
1353 -8.922162055969238 3.995084762573242 -5.151694297790527 140 116 49 0 111 5 112 3
1354 -7.083692073822021 0.1463806480169296 -6.21855640411377 127 112 31 0 83 5 84 6 107 0 109 4 112 4 113 3
1355 -0.7603668570518494 16.24978256225586 -4.160974979400635 144 124 56 0 144 7 150 29
1356 -5.726192951202393 -1.214980602264404 -6.129468441009521 116 99 11 0 162 26 165 31 168 32
1357 -10.00200843811035 4.818971157073975 -4.316237926483154 80 67 38 0 77 9 78 15
1358 3.063463926315308 13.5114860534668 -5.864139080047607 83 73 11 0 37 86 40 76 42 65 44 30 161 80
1359 -1.357580780982971 12.18258285522461 -5.894010543823242 121 104 25 0 37 87 40 77
1360 -0.452071338891983 5.856203556060791 -4.58495569229126 125 102 43 0 37 88 40 78
1361 -3.319557905197144 9.816253662109375 -6.063344955444336 102 79 12 0 37 89 40 79 42 66
1362 -1.743216633796692 13.38732242584229 -5.877128124237061 81 60 10 0 37 90 40 80 42 67 67 14 68 23
1363 0.1335255652666092 13.12026023864746 -5.909078121185303 79 65 11 0 37 91 40 81 42 68 44 31 46 21 48 16 50 18 51 13 69 23 70 13 150 30
1364 -0.0153080178424716 13.43959140777588 -5.873631954193115 83 70 11 0 37 92 40 82 42 69 44 32 46 22 48 17
1365 -2.99648118019104 13.57091331481934 -5.886157512664795 89 72 13 0 37 93 40 83 44 33 46 23 63 3 69 24 70 14 71 4 123 14 124 7
1366 3.461589336395264 13.41405200958252 -5.929903030395508 89 74 21 0 37 94 40 84 42 70
1367 -3.1385178565979 7.195164203643799 -5.736915111541748 122 103 27 0 37 95 40 85 161 81
1368 1.265004754066467 12.40717792510986 -5.820314407348633 97 82 11 0 37 96 40 86 42 71 44 34
1369 2.009175062179565 13.0060510635376 -5.836937427520752 85 69 11 0 37 97 40 87 42 72 44 35 46 24 53 25 147 31 148 36 150 31 151 37 153 47 155 65 158 74 161 82 164 115
1370 6.1025710105896 13.5949764251709 -6.214046955108643 93 94 65 0 37 98 40 88
1371 0.848661482334137 13.48714828491211 -5.788590431213379 105 90 18 0 37 99 40 89 150 32 151 38 158 75
1372 1.493390202522278 10.38623332977295 -5.894065856933594 87 75 12 0 37 100 40 90
1373 0.008883312344551086 12.91928482055664 -5.854094982147217 84 70 11 0 37 101 40 91 42 73 44 36 46 25
1374 -1.609565138816833 13.60531711578369 -5.857667446136475 68 57 17 0 37 102 40 92 42 74 161 83
1375 -1.851986765861511 3.107686758041382 -5.941697597503662 152 135 44 0 37 103 40 93
1376 0.1229362860321999 13.55941867828369 -5.882958889007568 121 106 30 0 37 104 40 94 42 75 44 37 46 26
1377 6.101325511932373 12.24746990203857 -5.461216449737549 72 92 89 0 37 105 40 95
1378 1.666231870651245 12.27639675140381 -5.939834594726562 133 118 30 0 37 106 40 96
1379 1.707897424697876 12.98409366607666 -5.783575057983398 122 108 29 0 37 107 40 97 42 76 46 27 151 39 153 48 155 66
1380 1.133118629455566 13.54561710357666 -5.797963619232178 119 105 29 0 37 108 40 98 42 77 44 38 151 40 158 76
1381 6.16813325881958 13.24578189849854 -5.974029064178467 89 102 88 0 37 109 40 99
1382 -3.100486516952515 13.66466426849365 -5.840634822845459 108 94 29 0 37 110 40 100 42 78 155 67
1383 -0.731134831905365 12.52929306030273 -5.86175537109375 121 100 16 0 37 111 40 101 42 79 50 19 67 15 69 25 141 5 144 8 145 12 146 21 147 32 148 37 149 30
1384 5.806500434875488 12.6576976776123 -5.849237442016602 96 100 68 0 37 112 40 102
1385 0.08969844877719879 11.26757144927979 -5.846737384796143 125 109 23 0 37 113 40 103 150 33
1386 -0.05405982956290245 11.2939395904541 -5.847563743591309 129 112 24 0 37 114 40 104
1387 4.109575271606445 12.30924224853516 -5.139089107513428 122 107 42 0 37 115 40 105
1388 -3.050840854644775 9.58124828338623 -4.896692276000977 123 98 22 0 37 116 40 106
1389 -1.148607969284058 11.13898372650146 -5.717402458190918 125 108 24 0 37 117 40 107
1390 -3.073104381561279 11.67862415313721 -5.91180419921875 93 80 25 0 37 118 40 108 42 80 46 28 153 49 158 77
1391 -1.439764857292175 8.467390060424805 -5.810494899749756 98 81 23 0 37 119 40 109 42 81 158 78
1392 2.993934631347656 12.46247100830078 -5.891149520874023 122 109 21 0 37 120 40 110
1393 -2.773938894271851 5.731691837310791 -5.021131992340088 214 178 45 0 37 121 40 111
1394 -1.707493543624878 12.5658540725708 -6.015324592590332 146 122 41 0 37 122 40 112
1395 0.3458334803581238 12.28285598754883 -5.82368803024292 123 107 24 0 37 123 40 113 42 82
1396 -2.441002130508423 12.53472900390625 -5.870212554931641 126 105 23 0 37 124 70 15 71 5
1397 5.858147621154785 12.94002342224121 -6.051107883453369 69 67 33 0 37 125 40 114 161 84
1398 1.927908301353455 13.14775276184082 -5.839449405670166 132 115 27 0 37 126 147 33
1399 3.122875928878784 13.26679611206055 -5.787915229797363 101 91 24 0 37 127 40 115 42 83 44 39 46 29 48 18 148 38 149 31 150 34 151 41 158 79 161 85
1400 2.3415846824646 9.219025611877441 -5.885780811309814 83 71 12 0 37 128 151 42
1401 0.2784225344657898 8.557353973388672 -5.912925720214844 125 112 23 0 37 129 151 43
1402 -1.70614218711853 9.07148551940918 -5.876125335693359 80 65 13 0 37 130 161 86
1403 -1.348748922348022 8.620023727416992 -4.045798778533936 108 79 11 0 37 131 161 87
1404 5.399885654449463 11.78204822540283 -6.28960657119751 75 71 22 0 37 132 161 88
1405 -3.057552814483643 10.96301174163818 -5.890335083007812 74 59 12 0 37 133 161 89
1406 -0.7555673122406006 8.517705917358398 -4.026610374450684 96 72 12 0 37 134 161 90
1407 4.48729944229126 10.80339050292969 -5.827384471893311 117 105 31 0 37 135 161 91
1408 3.38639497756958 7.276716709136963 -5.837114810943604 128 113 34 0 37 136 155 68 158 80 161 92
1409 5.663108348846436 11.92343425750732 -6.063363075256348 104 100 48 0 37 137 161 93
1410 -2.675020933151245 9.605850219726562 -4.758251667022705 123 92 17 0 37 138 161 94
1411 5.44253396987915 9.616957664489746 -6.754458427429199 109 98 31 0 37 139 161 95
1412 5.652959823608398 11.1905460357666 -6.054466724395752 99 94 45 0 37 140 161 96
1413 5.488968372344971 3.83081841468811 -5.682682991027832 96 94 55 0 37 141 173 130
1414 1.769482493400574 9.31138801574707 -5.836329460144043 102 90 15 0 37 142 178 60
1415 3.394737720489502 14.23114776611328 -1.522868156433105 113 99 32 0 38 32 163 31 166 37
1416 0.9363136887550354 12.49962615966797 1.692067503929138 158 139 85 0 38 33 160 18
1417 3.246323108673096 13.494384765625 -1.777836918830872 62 55 17 0 38 34 163 32 166 38
1418 2.809946775436401 13.81694221496582 1.626089572906494 182 163 94 0 38 35 166 39
1419 -4.929754257202148 28.52263069152832 -0.7159863114356995 193 216 231 0 38 36 160 19
1420 3.102496862411499 15.10689258575439 -1.794265151023865 184 167 90 0 38 37 160 20
1421 3.99742603302002 14.74083518981934 1.859535813331604 145 126 64 0 38 38 166 40
1422 0.6521608829498291 22.84080696105957 -3.029412508010864 184 162 97 0 38 39 157 6 160 21 163 33
1423 -1.026640653610229 17.58664321899414 -4.441057205200195 152 137 80 0 38 40 157 7 160 22
1424 -2.378944158554077 12.807373046875 1.637486457824707 87 67 29 0 39 21 41 6 43 5 45 4 152 2 154 5 157 8
1425 -8.201945304870605 15.58438587188721 -5.848947525024414 90 56 14 0 39 22 41 7 43 6 45 5 154 6 157 9 160 23 163 34
1426 -2.567526817321777 12.61451244354248 1.618175148963928 105 83 32 0 39 23 41 8 157 10
1427 -9.149840354919434 1.18891179561615 -4.657979488372803 163 123 23 0 39 24 41 9 43 7
1428 -0.7615877389907837 10.55886268615723 1.660141706466675 132 113 61 0 39 25 41 10
1429 -3.325672626495361 12.605788230896 1.887304902076721 144 123 64 0 39 26 41 11
1430 -11.0543098449707 19.24297332763672 -7.283668518066406 101 73 27 0 39 27 41 12
1431 -8.045072555541992 4.938170433044434 -6.466116905212402 136 115 31 0 39 28 41 13 43 8 162 27
1432 -5.203204154968262 14.3903169631958 -6.013307571411133 113 97 30 0 39 29 41 14
1433 -0.7927534580230713 10.17795848846436 1.572590827941895 161 138 77 0 39 30 41 15
1434 -0.775506317615509 10.34620571136475 1.273889183998108 164 142 76 0 39 31 41 16
1435 -12.83518409729004 2.558572769165039 -3.70881462097168 141 107 27 0 39 32 41 17 88 1 165 32
1436 -2.670761823654175 7.288578987121582 -0.06274480372667313 225 221 208 0 39 33 41 18 162 28
1437 -10.32663440704346 13.53622817993164 -1.655321002006531 145 103 17 0 39 34 41 19
1438 -6.134226322174072 16.21624565124512 -6.236998081207275 127 98 40 0 39 35 45 6 152 3
1439 -8.775529861450195 16.55654335021973 -7.615269184112549 145 113 50 0 39 36 45 7
1440 -6.986703395843506 16.17193222045898 -5.909485816955566 129 99 42 0 39 37 45 8 152 4
1441 -0.6389957666397095 9.340683937072754 1.487343788146973 155 134 68 0 39 38 45 9
1442 -17.64563179016113 4.924160957336426 2.558446645736694 154 129 57 0 39 39 47 3
1443 -15.00802135467529 14.7888126373291 -2.144802808761597 155 121 40 0 39 40 154 7
1444 -5.772009372711182 14.90791320800781 -1.75769305229187 135 97 15 0 39 41 154 8
1445 -7.570616245269775 14.72735786437988 -5.438460350036621 84 56 16 0 39 42 45 10 152 5 154 9
1446 -9.144556045532227 17.89815521240234 -4.23533821105957 64 46 16 0 39 43 154 10 157 11
1447 -3.576725244522095 13.02882957458496 1.719522714614868 53 35 18 0 39 44 41 20 43 9 45 11 152 6 154 11 157 12
1448 -15.08472728729248 23.98283386230469 -5.727625370025635 71 47 16 0 39 45 154 12 157 13
1449 -2.361265659332275 11.60861968994141 -0.1355289667844772 140 103 15 0 39 46 157 14
1450 -11.0291919708252 7.224936485290527 -3.698033332824707 142 99 19 0 39 47 43 10 159 3 162 29
1451 -7.924537181854248 8.436479568481445 -6.582726001739502 96 76 33 0 39 48 159 4
1452 -5.603830814361572 8.218683242797852 4.427328109741211 163 142 78 0 39 49 162 30
1453 -8.944777488708496 3.667416334152222 -0.1735758483409882 180 161 105 0 39 50 162 31
1454 -6.936240673065186 10.00865745544434 -5.610341548919678 177 133 18 0 39 51 162 32
1455 -8.368597984313965 2.932643890380859 -7.08107852935791 102 72 17 0 39 52 162 33
1456 -7.84725284576416 4.074362754821777 1.875606894493103 153 132 64 0 39 53 162 34
1457 -18.67302131652832 13.59045314788818 -14.80587291717529 179 135 22 0 39 54 162 35
1458 -3.561475038528442 11.89598846435547 -4.183846473693848 110 86 17 0 39 55 163 35
1459 -7.756221294403076 5.96713399887085 1.77295708656311 166 139 69 0 39 56 165 33 168 33
1460 -10.91916942596436 9.383777618408203 1.731370210647583 166 135 60 0 39 57 162 36 165 34
1461 -2.817358016967773 20.58336067199707 -6.258604049682617 69 57 25 0 135 1 136 1 137 1
1462 -7.134326457977295 3.994206428527832 -4.636494636535645 81 71 40 0 112 5 113 4 114 3
1463 0.3716762959957123 17.98436164855957 -5.940439701080322 94 72 20 0 48 19 61 7 62 4 63 4 64 2 65 6 66 9
1464 -6.282126426696777 14.88396739959717 -6.170601367950439 171 154 112 0 65 7 66 10 149 32
1465 5.577651500701904 11.45019149780273 -5.710813999176025 68 71 41 0 40 116 42 84
1466 5.345112323760986 12.19182872772217 -5.931250095367432 77 73 24 0 40 117 42 85 161 97
1467 5.115329742431641 11.6232852935791 -5.838545322418213 72 68 19 0 40 118 42 86
1468 -0.2006901204586029 6.268089771270752 -5.829531669616699 79 63 13 0 40 119 42 87 158 81 161 98
1469 -1.138201832771301 7.197188854217529 -4.90992546081543 57 42 11 0 40 120 42 88
1470 1.025251150131226 11.0515718460083 -5.72453498840332 99 82 14 0 40 121 42 89
1471 4.650848388671875 11.06169891357422 -5.735526084899902 82 73 13 0 40 122 42 90
1472 -0.790114164352417 6.464529991149902 -5.871842384338379 68 54 11 0 40 123 42 91 44 40
1473 -0.2960813045501709 14.03864574432373 -5.766528606414795 78 60 11 0 40 124 42 92
1474 4.801104545593262 4.740911483764648 -6.355864524841309 49 46 15 0 40 125 42 93
1475 3.274226903915405 10.62349224090576 -5.701878547668457 76 64 12 0 40 126 42 94
1476 0.3985555469989777 11.44834041595459 -5.784594535827637 93 76 14 0 40 127 42 95
1477 3.941665887832642 13.27590847015381 -5.949031829833984 67 55 14 0 40 128 42 96 44 41
1478 5.645139217376709 12.10575008392334 -5.736310482025146 69 73 43 0 40 129 42 97
1479 -1.765876412391663 8.80381965637207 -6.027134895324707 81 67 15 0 40 130 42 98 44 42 46 30 48 20
1480 1.991073966026306 13.97277736663818 -5.996794700622559 133 116 34 0 40 131 42 99
1481 0.4073730111122131 10.4429235458374 -5.875917911529541 135 115 22 0 40 132 42 100 69 26
1482 5.927848339080811 12.64215755462646 -5.771221160888672 84 93 67 0 40 133 42 101
1483 2.228667974472046 14.49333763122559 -5.833725929260254 121 108 48 0 40 134 42 102 155 69 158 82
1484 1.811119675636292 13.45848846435547 -5.808229446411133 120 106 26 0 40 135 42 103 44 43 46 31 155 70 158 83 161 99 164 116 167 94
1485 0.7118962407112122 13.74559879302979 -5.865235328674316 117 103 25 0 40 136 42 104 44 44 46 32 48 21
1486 -3.357435941696167 13.48196315765381 -5.878765106201172 109 88 24 0 40 137 42 105 57 5 58 4 59 4 63 5 64 3 65 8 66 11 68 24 70 16 71 6 72 3 122 3 123 15 124 8 127 1 137 2 143 7 144 9 145 13 158 84
1487 -0.1742561906576157 13.55226230621338 -5.841392517089844 119 103 32 0 40 138 42 106 44 45 46 33
1488 -3.072333812713623 13.76289844512939 -5.798367977142334 107 93 31 0 40 139 42 107 155 71 158 85
1489 3.262627601623535 13.62500190734863 -5.816289901733398 85 75 17 0 40 140 42 108 158 86 161 100 164 117 167 95
1490 2.812640905380249 11.70954322814941 -5.726723670959473 136 122 30 0 40 141 42 109 44 46
1491 4.58547306060791 5.266737937927246 -6.025935173034668 66 63 29 0 40 142 42 110
1492 5.496932983398438 11.73522663116455 -5.759903907775879 111 103 43 0 40 143 42 111 44 47 158 87
1493 5.45685863494873 12.40757465362549 -5.466729640960693 97 96 50 0 40 144 42 112
1494 6.46929931640625 12.20860195159912 -6.21278715133667 76 90 75 0 40 145 42 113
1495 -0.7846803069114685 6.905154705047607 -3.871610641479492 207 170 45 0 40 146 42 114
1496 1.419280886650085 9.528984069824219 -9.769838333129883 139 101 28 0 40 147 42 115
1497 1.121232509613037 13.72824287414551 -4.830767154693604 116 93 38 0 40 148 155 72 158 88
1498 5.092827320098877 12.57679748535156 -6.003678798675537 124 112 71 0 40 149 161 101
1499 -1.101352453231812 12.49416828155518 -5.911197662353516 121 103 22 0 40 150 72 4
1500 -1.765622615814209 9.800684928894043 -5.940762519836426 117 99 17 0 40 151 158 89
1501 0.130557045340538 6.232758045196533 -5.903559684753418 99 81 13 0 40 152 44 48 153 50 155 73 158 90 161 102
1502 -0.7285094857215881 9.331174850463867 -6.064300537109375 82 70 13 0 40 153 153 51 155 74 158 91
1503 3.52109956741333 9.645401000976562 -5.308621406555176 93 76 18 0 40 154 158 92
1504 -2.843553304672241 13.81479930877686 -5.832661628723145 80 66 11 0 40 155 155 75 158 93
1505 2.527383804321289 12.62610340118408 -5.758245468139648 123 110 49 0 40 156 158 94
1506 -2.956559419631958 10.62045955657959 -6.038501262664795 100 78 21 0 40 157 158 95
1507 2.391892194747925 13.98159217834473 -5.779237747192383 110 96 20 0 40 158 158 96
1508 -3.712563276290894 12.18471145629883 -5.936323165893555 99 80 27 0 40 159 158 97
1509 0.192249208688736 6.069432258605957 -5.749208450317383 129 114 27 0 40 160 158 98
1510 1.798850893974304 13.15315723419189 -5.876069068908691 124 111 31 0 40 161 44 49 155 76 158 99 161 103 164 118
1511 4.180374145507812 14.12801074981689 -5.764827728271484 56 44 11 0 40 162 42 116 158 100 161 104 164 119
1512 5.451828002929688 12.86845684051514 -5.969500541687012 70 66 22 0 40 163 161 105
1513 3.514142036437988 13.8252420425415 -5.752739906311035 65 57 14 0 40 164 161 106
1514 0.2779727280139923 3.753032207489014 -5.992242813110352 153 136 31 0 40 165 161 107 164 120 167 96 170 95 173 131
1515 -0.981799840927124 10.84789657592773 -5.842467784881592 124 107 20 0 40 166 173 132
1516 0.4996713995933533 4.867014408111572 -5.954142093658447 110 93 15 0 40 167 173 133
1517 -4.20827579498291 15.76204204559326 -4.445748805999756 140 111 52 0 154 13 157 15
1518 -4.399724960327148 21.59850692749023 -4.334983348846436 47 63 54 0 152 7 154 14
1519 -4.116171360015869 20.97068023681641 -5.721606254577637 105 101 80 0 152 8 154 15
1520 -3.404176712036133 16.686279296875 2.172287464141846 155 137 90 0 154 16 157 16
1521 -1.365872621536255 13.68317794799805 1.455715775489807 160 140 86 0 152 9 154 17
1522 -4.386007785797119 22.98640060424805 -5.6623215675354 117 108 87 0 157 17 166 41
1523 -8.7703857421875 4.820655822753906 -5.062060832977295 117 86 25 0 41 21 43 11 165 35
1524 -6.211560726165771 7.721839904785156 -5.827743053436279 109 87 14 0 41 22 43 12
1525 -9.415218353271484 -0.02421953156590462 -4.845368385314941 147 112 15 0 41 23 43 13
1526 -11.80613422393799 3.049886226654053 -4.478600025177002 75 63 17 0 41 24 43 14
1527 -5.329990863800049 9.210774421691895 -5.249308586120605 180 134 20 0 41 25 43 15 45 12
1528 -1.497894883155823 8.701058387756348 1.879025936126709 161 140 74 0 41 26 43 16
1529 -7.112098217010498 2.673455953598022 -5.947035312652588 105 78 19 0 41 27 43 17
1530 -4.868377685546875 11.07435131072998 -5.009026050567627 174 137 41 0 41 28 43 18
1531 -5.941724300384521 7.101817607879639 -6.132855415344238 132 112 27 0 41 29 43 19 45 13
1532 -2.44310188293457 5.946923732757568 0.298683226108551 170 150 91 0 41 30 43 20
1533 -3.552542924880981 12.7408618927002 1.790609359741211 137 115 55 0 41 31 43 21 152 10 154 18 157 18
1534 -6.157014846801758 14.04399394989014 -6.04337215423584 128 98 35 0 41 32 43 22
1535 -8.20327091217041 13.53157329559326 -0.4577022790908813 233 232 228 0 41 33 43 23 152 11
1536 -7.976789474487305 13.08141994476318 -1.744566917419434 146 104 12 0 41 34 43 24
1537 -1.392541170120239 7.847677230834961 1.890347838401794 162 143 87 0 41 35 43 25
1538 -4.671458721160889 12.31469058990479 1.294758081436157 153 126 63 0 41 36 43 26 47 4
1539 -7.357253551483154 14.21823215484619 -4.93126392364502 101 86 54 0 41 37 152 12
1540 -4.13054370880127 12.51234531402588 1.376026630401611 118 99 54 0 41 38 157 19
1541 0.197270855307579 10.24022960662842 0.1333189457654953 149 108 14 0 41 39 157 20
1542 -3.023210287094116 7.102765560150146 2.189940929412842 155 135 72 0 41 40 159 5
1543 -3.599930286407471 6.224764823913574 2.163324356079102 161 142 71 0 41 41 159 6
1544 -3.629732370376587 5.884824752807617 -3.985168218612671 139 109 20 0 41 42 159 7
1545 -7.283859252929688 3.318336248397827 -6.348495006561279 61 51 11 0 87 1 109 5 110 5
1546 -10.64359092712402 5.062142848968506 -4.31512975692749 155 122 39 0 97 0 98 1
1547 -0.8581525087356567 12.10708236694336 -5.847311496734619 98 82 11 0 42 117 44 50
1548 2.640778303146362 12.73130798339844 -5.734834671020508 88 75 18 0 42 118 44 51 46 34 151 44 153 52 158 101
1549 -1.325326323509216 12.13263416290283 -5.884856224060059 113 90 12 0 42 119 44 52 46 35 49 11 50 20 67 16 68 25 69 27 123 16 141 6 144 10
1550 2.538951873779297 15.47845840454102 -6.009356021881104 81 67 12 0 42 120 44 53
1551 2.857247829437256 13.37171363830566 -5.832566738128662 72 60 13 0 42 121 44 54 46 36 48 22 158 102
1552 1.460367918014526 12.67526721954346 -5.797069549560547 102 86 12 0 42 122 44 55
1553 -3.03256893157959 11.52478218078613 -5.71537446975708 82 68 14 0 42 123 44 56
1554 2.690372228622437 14.03649234771729 -5.986884117126465 105 89 36 0 42 124 44 57
1555 -1.69477903842926 8.237010955810547 -5.905830860137939 86 69 12 0 42 125 44 58 46 37
1556 -0.7845010161399841 9.821269035339355 -5.325779914855957 104 87 14 0 42 126 44 59
1557 2.207431793212891 15.51406860351562 -5.888993263244629 82 68 11 0 42 127 44 60 46 38
1558 -1.404171347618103 7.16652250289917 -5.632579803466797 62 40 12 0 42 128 44 61
1559 0.1917194575071335 12.76814079284668 -5.789708614349365 88 73 15 0 42 129 44 62 46 39
1560 1.568581461906433 13.72748756408691 -5.937036037445068 115 101 22 0 42 130 44 63
1561 0.1958459168672562 12.97884273529053 -5.88946008682251 115 93 20 0 42 131 44 64 68 26 69 28
1562 0.1716652363538742 11.20684909820557 -5.833457946777344 129 110 28 0 42 132 44 65 46 40
1563 -3.789468765258789 13.62134742736816 -5.891960144042969 106 88 26 0 42 133 44 66 63 6 158 103
1564 -3.414674282073975 13.4417781829834 -5.904102325439453 105 87 24 0 42 134 44 67 46 41 69 29
1565 2.158346652984619 14.94868946075439 -5.980523586273193 114 100 28 0 42 135 44 68
1566 1.098600029945374 12.01198482513428 -5.779731273651123 123 106 23 0 42 136 44 69
1567 -3.258651971817017 12.22534084320068 -5.854123115539551 113 93 32 0 42 137 44 70 158 104
1568 1.849348187446594 15.38724231719971 -5.920770645141602 109 93 25 0 42 138 44 71 46 42
1569 -1.109977602958679 7.724155902862549 -4.475339889526367 148 124 14 0 42 139 44 72
1570 -0.0471050962805748 13.74767589569092 -5.729125022888184 106 91 17 0 42 140 44 73 46 43 48 23
1571 -1.162871479988098 12.10549354553223 -5.869349956512451 131 112 26 0 42 141 44 74 46 44 48 24 49 12 69 30 70 17 123 17 146 22 147 34
1572 -3.313781976699829 11.45002174377441 -5.628194332122803 81 64 16 0 42 142 44 75
1573 0.3817990124225616 6.999757766723633 -5.822486877441406 132 117 34 0 42 143 44 76 153 53
1574 2.594638824462891 15.20672607421875 -5.919933319091797 115 104 24 0 42 144 44 77
1575 -1.865835785865784 5.935418605804443 -5.633044719696045 82 67 19 0 42 145 44 78
1576 -1.652615070343018 12.47924613952637 -5.891458988189697 131 114 30 0 42 146 44 79
1577 -0.3427467942237854 13.75813007354736 -4.350982189178467 179 141 29 0 42 147 44 80 46 45
1578 -1.363072156906128 11.93120670318604 -5.87818431854248 122 95 11 0 42 148 67 17 68 27
1579 -3.673924446105957 14.43514728546143 -5.901432514190674 93 73 23 0 42 149 67 18 68 28 134 0 139 3 144 11 150 35 151 45
1580 -2.797517061233521 13.53327560424805 -5.887764453887939 117 89 23 0 42 150 69 31 139 4 140 3 141 7 158 105
1581 -2.607412815093994 10.57296466827393 -5.837133884429932 110 88 31 0 42 151 155 77 158 106
1582 -2.954447269439697 8.301918983459473 -6.825950145721436 113 95 16 0 42 152 153 54
1583 -4.005576133728027 13.77549839019775 -5.971340656280518 79 67 13 0 42 153 153 55 155 78
1584 1.076898217201233 13.35489845275879 -5.794285297393799 120 104 32 0 42 154 149 33 150 36 151 46 153 56
1585 -4.021245002746582 13.28259563446045 -5.87632417678833 93 81 21 0 42 155 153 57
1586 3.093522548675537 10.90982055664062 -5.883509159088135 100 89 18 0 42 156 53 26 151 47 153 58 155 79
1587 -2.98795223236084 10.45166873931885 -5.959061145782471 94 71 22 0 42 157 153 59 155 80
1588 1.593193411827087 12.45854091644287 -5.734104156494141 113 101 23 0 42 158 155 81
1589 2.917555332183838 13.93955707550049 -5.335755825042725 132 119 43 0 42 159 155 82 158 107 161 108
1590 -1.160940408706665 7.406126499176025 -4.683199882507324 144 120 17 0 42 160 155 83
1591 -0.3458612561225891 5.961395740509033 -5.335227489471436 107 82 14 0 42 161 158 108
1592 3.674553155899048 14.28855895996094 -5.804115295410156 68 57 23 0 42 162 158 109 161 109 164 121
1593 3.911526203155518 12.62318229675293 -5.894217491149902 85 71 17 0 42 163 158 110
1594 0.4328227639198303 18.37013244628906 -5.932140350341797 96 77 20 0 49 13 51 14 52 22 53 27 54 13 55 8 61 8 62 5 63 7 64 4 65 9 133 0 135 2 136 2
1595 -5.329517364501953 5.569732666015625 -5.593325614929199 132 107 22 0 43 27 45 14
1596 -5.224406719207764 6.974688053131104 -4.681756973266602 118 97 26 0 43 28 159 8
1597 -4.400649547576904 12.3202018737793 -4.660851955413818 90 70 18 0 43 29 45 15
1598 -3.969680309295654 12.68654441833496 1.382162809371948 64 53 30 0 43 30 45 16 152 13 154 19
1599 -0.8272479176521301 10.33142852783203 1.450315952301025 156 133 68 0 43 31 45 17 47 5
1600 -5.524511814117432 7.220365524291992 -6.264405727386475 111 91 13 0 43 32 45 18 47 6
1601 -4.392185688018799 11.9210958480835 -4.451553821563721 86 54 10 0 43 33 45 19
1602 -2.576426982879639 12.92403793334961 2.427391529083252 162 140 74 0 43 34 45 20
1603 -7.430578708648682 0.8424441814422607 -6.705728530883789 82 55 13 0 43 35 45 21
1604 -4.234620094299316 9.177650451660156 -3.688369035720825 116 88 34 0 43 36 45 22
1605 -6.289016246795654 11.74825000762939 4.473537445068359 161 135 71 0 43 37 45 23
1606 -6.415500164031982 5.739263534545898 -6.086741924285889 153 132 37 0 43 38 45 24
1607 -8.737776756286621 12.99449920654297 -5.855687141418457 111 81 26 0 43 39 45 25 47 7 154 20
1608 -1.049487948417664 9.60347843170166 2.219493627548218 152 131 72 0 43 40 45 26
1609 -10.58583354949951 3.430459260940552 -6.978449821472168 136 108 41 0 43 41 45 27 156 4
1610 -5.63167667388916 7.073263168334961 -6.137601852416992 132 114 25 0 43 42 45 28
1611 -6.264892578125 11.62063503265381 -3.372318744659424 139 94 15 0 43 43 45 29 152 14
1612 -6.788845539093018 2.480485439300537 -4.693943500518799 181 142 44 0 43 44 45 30 47 8
1613 -6.351988315582275 2.87044358253479 -4.215896129608154 176 134 25 0 43 45 45 31 47 9 156 5 159 9
1614 -9.234484672546387 17.0925121307373 -6.936328887939453 130 97 44 0 43 46 45 32 47 10
1615 -4.126535415649414 12.55620288848877 -1.185303568840027 132 100 34 0 43 47 152 15
1616 -7.002171516418457 12.59175205230713 -3.994188547134399 53 46 13 0 43 48 152 16 154 21
1617 -9.712907791137695 10.67699432373047 -3.036344289779663 102 57 19 0 43 49 152 17
1618 -4.154556274414062 12.64171123504639 1.256175994873047 58 42 22 0 43 50 45 33 47 11 152 18 154 22
1619 -5.519252300262451 13.01591300964355 1.260776877403259 160 133 69 0 43 51 154 23
1620 -5.628384590148926 2.619153499603271 -5.118181705474854 87 62 13 0 43 52 156 6
1621 -4.338758945465088 3.279443740844727 -3.682348966598511 143 122 52 0 43 53 156 7
1622 -6.912013530731201 3.21301794052124 -6.225271701812744 100 74 19 0 43 54 159 10
1623 -13.33436107635498 10.64227390289307 -3.672417163848877 147 100 18 0 43 55 159 11
1624 -3.946991205215454 6.386023044586182 -4.279898166656494 169 147 63 0 43 56 159 12
1625 -5.667184352874756 7.332568168640137 -5.058008670806885 134 113 24 0 43 57 159 13
1626 -10.37551593780518 3.012338161468506 -29.80282211303711 26 27 23 0 118 5 119 4
1627 -6.807895660400391 7.80427885055542 -5.313442230224609 110 102 46 0 180 36 183 51 186 52
1628 -2.52384352684021 16.1529712677002 -5.599759578704834 102 89 42 0 56 5 57 6
1629 -10.12388515472412 3.084047079086304 -4.062258243560791 44 38 12 0 85 14 86 7 87 2 88 2 108 1 110 6 111 6
1630 -9.764179229736328 3.708884239196777 -3.89704155921936 84 79 28 0 109 6 110 7 111 7
1631 0.6392537355422974 9.547684669494629 -5.802631378173828 84 71 10 0 44 81 46 46
1632 2.657414436340332 14.48774433135986 -5.812098503112793 82 68 15 0 44 82 46 47
1633 -0.9172409176826477 11.07875347137451 -5.759021282196045 99 84 14 0 44 83 46 48 155 84
1634 2.792391300201416 13.38952445983887 -2.024945497512817 57 55 14 0 44 84 46 49
1635 -1.268513321876526 8.354328155517578 -6.124305725097656 77 62 11 0 44 85 46 50 153 60
1636 -0.7364328503608704 11.24879741668701 -5.846268653869629 84 66 13 0 44 86 46 51 48 25 49 14
1637 -3.339983463287354 9.571005821228027 -6.029660224914551 93 72 12 0 44 87 46 52 48 26
1638 8.481412887573242 7.327597618103027 -24.81005096435547 77 61 12 0 44 88 46 53
1639 -0.6471590995788574 12.94845867156982 -5.911407947540283 77 63 11 0 44 89 46 54 48 27 49 15
1640 0.6152613162994385 13.88136959075928 -5.775194644927979 104 83 17 0 44 90 46 55 172 34
1641 0.5987727046012878 16.16046524047852 -5.941380023956299 67 57 11 0 44 91 46 56 48 28 49 16 50 21 51 15
1642 -2.014149188995361 10.83517360687256 -4.48660135269165 74 56 11 0 44 92 46 57
1643 4.097002506256104 11.14502716064453 -5.804010391235352 59 45 11 0 44 93 46 58
1644 -0.8599568009376526 5.452822208404541 -5.954103946685791 80 61 9 0 44 94 46 59 155 85
1645 0.9824226498603821 16.25909423828125 -6.006070613861084 69 57 11 0 44 95 46 60 48 29 49 17
1646 0.461751788854599 11.53254222869873 -6.112273693084717 92 77 13 0 44 96 46 61
1647 -0.8235882520675659 5.711996555328369 -6.143025398254395 80 63 12 0 44 97 46 62
1648 -0.3355303108692169 14.15673637390137 -5.992664813995361 71 56 12 0 44 98 46 63 48 30
1649 0.625984787940979 13.83846378326416 -4.837141036987305 69 54 13 0 44 99 46 64
1650 0.6574195623397827 15.99279689788818 -5.962067604064941 118 103 29 0 44 100 46 65
1651 -0.489840567111969 5.815504550933838 -5.837034225463867 127 107 48 0 44 101 46 66 155 86
1652 3.255095481872559 13.6099681854248 -5.778749942779541 76 69 17 0 44 102 46 67 155 87
1653 2.627639532089233 13.57568073272705 -1.897947072982788 139 139 40 0 44 103 46 68
1654 -3.552716493606567 11.92350673675537 -6.015612602233887 88 69 21 0 44 104 46 69 153 61
1655 -1.455792546272278 8.469430923461914 -5.876696586608887 90 75 21 0 44 105 46 70 48 31 49 18
1656 2.733090877532959 13.39405822753906 -2.029921531677246 129 134 42 0 44 106 46 71
1657 0.01757158897817135 9.571677207946777 -5.847020626068115 120 105 23 0 44 107 46 72
1658 2.823473453521729 13.43341255187988 -1.997300386428833 110 113 38 0 44 108 46 73
1659 0.4278477430343628 8.928544044494629 -8.454342842102051 103 92 23 0 44 109 46 74
1660 0.08060791343450546 5.514541149139404 -5.945775032043457 132 115 25 0 44 110 46 75 155 88
1661 -2.07116961479187 10.68209457397461 -4.796560287475586 95 74 22 0 44 111 46 76
1662 -0.1402709782123566 14.00665950775146 -5.92124605178833 128 116 63 0 44 112 46 77 48 32 49 19
1663 1.835663795471191 11.77090644836426 -5.88933801651001 78 63 10 0 44 113 57 7
1664 -2.978248596191406 11.45810031890869 -5.905022621154785 77 66 14 0 44 114 153 62 155 89 158 111
1665 4.974264621734619 12.31480026245117 -6.150010108947754 70 57 12 0 44 115 155 90
1666 1.464486479759216 13.4295129776001 -5.805374622344971 112 99 22 0 44 116 155 91
1667 2.256705045700073 5.221119403839111 -5.93011474609375 159 141 51 0 44 117 155 92
1668 -2.983331918716431 10.88729190826416 -4.946837902069092 69 53 14 0 44 118 155 93
1669 4.693239212036133 10.99026679992676 -5.800521373748779 85 74 20 0 44 119 170 96
1670 -3.857087373733521 8.890565872192383 -5.781101703643799 61 53 12 0 78 16 79 13
1671 -7.785159587860107 15.858473777771 -3.416182994842529 96 60 12 0 45 34 47 12
1672 -8.014622688293457 16.34469985961914 -5.711499691009521 128 96 32 0 45 35 47 13 157 21
1673 -16.94035148620605 0.9984469413757324 -0.09915059059858322 136 104 37 0 45 36 47 14 156 8
1674 -4.737024307250977 13.13701438903809 1.361576318740845 67 52 27 0 45 37 47 15
1675 -9.264533042907715 0.2846031486988068 -4.696054458618164 136 102 17 0 45 38 47 16
1676 -6.778889656066895 14.25543117523193 -6.287448406219482 134 104 42 0 45 39 47 17
1677 -4.252657890319824 13.7606725692749 1.801820158958435 123 102 61 0 45 40 47 18
1678 -10.29721069335938 3.620980024337769 -6.761219024658203 133 105 39 0 45 41 47 19 156 9 159 14
1679 -5.308203220367432 7.066167831420898 -6.170520305633545 141 121 36 0 45 42 47 20
1680 -8.459609985351562 4.663245677947998 -6.66837739944458 128 108 27 0 45 43 47 21
1681 -12.74313831329346 9.636857986450195 -3.361996412277222 154 108 19 0 45 44 47 22
1682 -1.304101228713989 9.372840881347656 0.4567166864871979 145 120 58 0 45 45 47 23
1683 -15.8150053024292 6.898416996002197 -2.631439447402954 132 95 22 0 45 46 47 24 156 10
1684 -6.740662097930908 15.56965446472168 -1.929782152175903 128 90 14 0 45 47 47 25
1685 -7.740636348724365 13.49131393432617 -5.69981575012207 108 80 27 0 45 48 47 26 152 19 154 24
1686 -4.798909664154053 10.91500854492188 -4.002622127532959 164 118 17 0 45 49 152 20
1687 -6.438675880432129 12.45496463775635 -5.00945520401001 108 79 22 0 45 50 152 21
1688 -4.952255249023438 11.78216648101807 1.63119900226593 152 124 59 0 45 51 154 25
1689 -2.449994564056396 13.43466472625732 2.141784191131592 152 129 70 0 45 52 152 22
1690 -0.1336763203144073 11.86868572235107 0.06946773082017899 215 209 192 0 45 53 152 23
1691 -4.499338626861572 12.45328330993652 1.440314531326294 139 118 60 0 45 54 152 24
1692 0.07494829595088959 12.49643325805664 1.540061712265015 153 131 66 0 45 55 154 26
1693 -4.018638610839844 12.58899211883545 1.452372312545776 54 41 22 0 45 56 154 27
1694 -0.1354932487010956 12.535325050354 1.585014224052429 171 148 84 0 45 57 154 28
1695 -5.045865058898926 5.346940994262695 -3.919309616088867 107 82 11 0 45 58 156 11
1696 -7.517234325408936 3.787621974945068 -6.931462287902832 105 84 13 0 45 59 156 12
1697 -6.470449924468994 5.320395946502686 -0.3123275935649872 98 81 45 0 45 60 156 13
1698 -5.570319652557373 6.122998714447021 0.5975882411003113 149 124 63 0 45 61 156 14
1699 -3.053124189376831 7.158763408660889 -4.114661693572998 188 151 33 0 45 62 156 15
1700 -8.48919677734375 7.197909832000732 -3.997688770294189 144 102 18 0 45 63 156 16 159 15 162 37
1701 -12.79597568511963 17.17057418823242 -3.711512088775635 133 95 13 0 45 64 157 22
1702 -8.143594741821289 15.12868022918701 -3.899136543273926 133 93 17 0 45 65 163 36
1703 -10.69287014007568 1.292761921882629 -6.638254642486572 149 167 166 0 89 1 90 2
1704 -5.125313282012939 6.032294750213623 -5.877811908721924 140 127 35 0 73 2 75 6 78 17 100 0 101 0 115 3 117 7 118 6 119 5 120 4 121 5
1705 -7.665712356567383 13.44318389892578 -3.85860800743103 77 66 40 0 72 5 73 3
1706 -5.299018383026123 7.487133026123047 -5.517842769622803 80 70 32 0 116 7 117 8
1707 -8.888326644897461 16.89726066589355 -5.486151695251465 139 112 53 0 124 9 125 5
1708 -7.9744873046875 15.23130893707275 -3.486828565597534 151 110 36 0 125 6 143 8
1709 -8.248263359069824 16.88204193115234 -5.922698020935059 128 105 54 0 124 10 125 7
1710 -10.30880165100098 10.1820821762085 -2.984291791915894 158 120 38 0 96 0 97 1
1711 3.737831354141235 10.16425609588623 -5.993622303009033 172 149 52 0 148 39 149 34
1712 0.01469101198017597 17.22189903259277 -5.905513286590576 78 68 15 0 46 78 48 33
1713 1.563993573188782 16.22184371948242 -6.117912292480469 88 72 13 0 46 79 48 34
1714 -1.208349227905273 14.28312015533447 -4.429165840148926 169 125 20 0 46 80 48 35
1715 3.159167766571045 14.06320762634277 -2.001076221466064 53 50 15 0 46 81 48 36
1716 0.4505484104156494 8.843454360961914 -5.945438385009766 82 68 12 0 46 82 48 37
1717 -1.153089165687561 7.938795566558838 -4.736849308013916 89 63 9 0 46 83 48 38
1718 -0.2286189347505569 14.23768615722656 -5.127692699432373 71 57 16 0 46 84 48 39
1719 -1.806800723075867 7.770491600036621 -6.041335582733154 55 41 10 0 46 85 48 40 49 20
1720 -1.420567393302917 8.11220645904541 -5.469029903411865 69 55 13 0 46 86 48 41
1721 -1.732938528060913 8.634573936462402 -4.830383777618408 94 70 15 0 46 87 48 42
1722 -0.9218404293060303 7.692483425140381 -5.888891220092773 77 63 12 0 46 88 48 43
1723 -3.417166233062744 8.77205753326416 -5.980071067810059 98 74 14 0 46 89 48 44
1724 -0.5296590328216553 15.17057228088379 -4.385073661804199 171 126 23 0 46 90 48 45
1725 3.263301372528076 13.93411445617676 -1.97017240524292 151 152 43 0 46 91 48 46
1726 -0.5597462058067322 8.310559272766113 -5.925267219543457 126 106 32 0 46 92 48 47 49 21
1727 -1.180733203887939 6.847525596618652 -6.165380477905273 84 70 22 0 46 93 48 48
1728 -3.444309711456299 8.984677314758301 -6.127284526824951 122 100 31 0 46 94 48 49
1729 -1.775422096252441 15.30824565887451 -4.140132904052734 163 120 23 0 46 95 48 50
1730 -1.82733941078186 8.251643180847168 -4.833466529846191 166 141 39 0 46 96 48 51
1731 1.655719518661499 15.85072135925293 -5.883950233459473 96 82 22 0 46 97 48 52 49 22 56 6 57 8 58 5 59 5 60 7
1732 -2.092849969863892 10.90989589691162 -6.062028884887695 107 90 20 0 46 98 48 53 49 23
1733 -2.099334478378296 9.624588012695312 -5.989895820617676 125 107 30 0 46 99 48 54 49 24
1734 -2.092097759246826 12.5288257598877 -5.304015159606934 111 94 24 0 46 100 48 55 49 25
1735 3.150846242904663 14.00357341766357 -2.048656463623047 122 124 33 0 46 101 48 56
1736 -1.885868072509766 15.34863662719727 -4.694666385650635 129 114 70 0 46 102 48 57
1737 -0.4225838184356689 13.89205551147461 -4.168590545654297 166 124 20 0 46 103 48 58 49 26
1738 3.144088506698608 13.65044021606445 -1.857631206512451 129 131 30 0 46 104 48 59 49 27
1739 -1.166305422782898 11.86119651794434 -5.835289001464844 116 101 22 0 46 105 48 60 49 28 123 18
1740 -0.2132581025362015 11.08546924591064 -5.856675148010254 115 99 22 0 46 106 49 29 50 22 51 16 52 23 123 19 149 35 150 37 151 48
1741 -4.223878383636475 12.17173767089844 -5.983528614044189 68 55 11 0 46 107 153 63 155 94
1742 3.84832763671875 12.57264518737793 -4.751110553741455 120 103 43 0 46 108 153 64 155 95
1743 -0.7560538649559021 12.16268539428711 -5.694013118743896 114 111 80 0 49 30 50 23
1744 -7.825589656829834 4.944497585296631 -5.985771656036377 129 109 42 0 77 10 78 18
1745 -5.501436710357666 6.240888118743896 -5.891606330871582 135 120 30 0 72 6 73 4 74 3 75 7 78 19 79 14 98 2 101 1 115 4 117 9 119 6
1746 -5.735321998596191 5.570549964904785 -6.110801219940186 141 121 26 0 47 27 156 17
1747 -6.980480194091797 10.00788021087646 -3.91987943649292 103 69 14 0 47 28 152 25
1748 -8.140116691589355 12.77311515808105 -5.978047847747803 88 61 16 0 47 29 152 26
1749 -2.253440380096436 7.066285133361816 0.3726659119129181 166 146 85 0 47 30 156 18
1750 -3.269120454788208 5.73652458190918 0.2395772933959961 173 154 91 0 47 31 156 19
1751 -7.129811763763428 3.339400291442871 -6.025383949279785 107 91 33 0 91 1 104 1
1752 1.53508472442627 4.78248405456543 -5.999650478363037 147 129 35 0 155 96 158 112 161 110 164 122 167 97 170 97
1753 -8.395425796508789 6.35051441192627 -5.948262214660645 157 133 57 0 72 7 111 8 112 6
1754 1.771775126457214 7.170962810516357 -5.920284748077393 143 127 35 0 150 38 151 49 153 65 155 97
1755 -9.203351974487305 -1.885920643806458 -5.133439064025879 52 47 17 0 84 7 108 2
1756 -11.52805137634277 2.611791133880615 -4.363491535186768 153 118 38 0 83 6 84 8
1757 -7.411218166351318 13.13422203063965 -3.807108402252197 129 115 50 0 126 3 127 2
1758 -0.1249326840043068 18.57312202453613 -6.136236667633057 106 92 38 0 145 14 146 23 147 35 148 40
1759 -3.122294902801514 9.059185981750488 -5.528750419616699 85 62 11 0 48 61 49 31
1760 -2.565921783447266 11.42095851898193 -5.775156021118164 75 64 15 0 48 62 49 32 50 24
1761 3.138929843902588 13.59656143188477 -1.96831214427948 84 83 15 0 48 63 49 33
1762 -2.018262147903442 13.67574214935303 -4.115530967712402 77 62 14 0 48 64 49 34
1763 -1.223056793212891 15.80370712280273 -4.385069370269775 150 108 26 0 48 65 49 35
1764 2.982866048812866 13.77658557891846 -1.979649186134338 59 54 15 0 48 66 49 36
1765 -4.045871734619141 17.22826957702637 -6.325776100158691 69 58 15 0 48 67 49 37
1766 0.1986382007598877 17.54878425598145 -5.905126571655273 74 57 10 0 48 68 49 38 138 2
1767 2.224087476730347 15.54432964324951 -5.87848424911499 83 64 11 0 48 69 49 39 56 7 57 9 58 6 59 6 60 8 155 98 158 113 161 111
1768 2.99065899848938 14.9938440322876 -2.643708944320679 81 80 18 0 48 70 49 40
1769 -0.8664596080780029 13.43295001983643 -4.477547645568848 68 57 17 0 48 71 49 41
1770 -2.754884481430054 7.925261974334717 -5.966772079467773 85 64 11 0 48 72 49 42
1771 0.9848930835723877 18.14871215820312 -5.90132474899292 77 62 13 0 48 73 49 43
1772 3.02131724357605 13.91278457641602 -1.410240292549133 49 54 19 0 48 74 49 44
1773 3.034440279006958 13.66241073608398 -1.832353949546814 73 72 11 0 48 75 49 45
1774 0.1858251094818115 16.08134269714355 -4.404003620147705 66 50 11 0 48 76 49 46
1775 -2.559853553771973 9.13701057434082 -5.904407501220703 78 63 13 0 48 77 49 47
1776 1.610322594642639 17.11798477172852 -6.570650100708008 68 52 15 0 48 78 49 48
1777 -2.491259336471558 11.99421787261963 -5.442164421081543 57 51 12 0 48 79 49 49
1778 -0.8601347804069519 16.83057403564453 -4.936895370483398 72 55 14 0 48 80 49 50
1779 -0.4856682419776917 11.58059120178223 -5.892200946807861 111 95 20 0 48 81 49 51
1780 0.7108557224273682 8.54924201965332 -6.011263370513916 139 118 44 0 48 82 49 52
1781 -3.341969728469849 16.31217575073242 -5.261220455169678 98 75 17 0 48 83 49 53
1782 2.581622362136841 14.37051963806152 -2.309967994689941 112 110 31 0 48 84 49 54 50 25 51 17
1783 3.060164451599121 13.73837852478027 -1.860049724578857 120 111 34 0 48 85 49 55
1784 -1.088535070419312 16.85810661315918 -4.780360698699951 111 97 41 0 48 86 49 56
1785 0.3816508948802948 15.80434036254883 -5.776321887969971 114 96 35 0 48 87 49 57
1786 0.726601243019104 18.34814643859863 -5.925199508666992 91 71 20 0 48 88 49 58 50 26 51 18 52 24 53 28 62 6 63 8 64 5 65 10 137 3
1787 2.5280921459198 13.73633861541748 -2.116979122161865 100 104 27 0 48 89 49 59
1788 -3.544820547103882 16.27867126464844 -5.231294631958008 114 90 30 0 48 90 49 60
1789 2.825573921203613 13.76753520965576 -1.980520963668823 141 142 46 0 48 91 49 61
1790 -1.450503587722778 12.5536642074585 -5.584419727325439 117 100 37 0 48 92 49 62 50 27
1791 2.935130596160889 14.26637268066406 -1.900828719139099 60 60 19 0 48 93 49 63
1792 -1.964460253715515 8.256808280944824 -5.917524814605713 99 84 17 0 48 94 49 64
1793 -0.3288649618625641 13.78897476196289 -4.106692314147949 160 119 22 0 48 95 49 65
1794 -2.274632453918457 14.33524990081787 -4.171944141387939 150 108 18 0 48 96 49 66
1795 -1.647410869598389 8.264873504638672 -5.86437463760376 86 70 14 0 48 97 75 8
1796 -4.63284969329834 14.35567378997803 -5.95926570892334 77 69 29 0 48 98 123 20
1797 5.075624465942383 10.42254447937012 -5.915841579437256 107 97 37 0 48 99 149 36 150 39 151 50 153 66 155 99 158 114
1798 4.727795124053955 9.945876121520996 -5.843510627746582 71 60 11 0 48 100 155 100
1799 4.8642258644104 10.4889030456543 -5.956490039825439 77 70 20 0 48 101 49 67 155 101
1800 -1.711572170257568 11.29281234741211 -5.751213073730469 118 103 31 0 48 102 155 102
1801 4.091927528381348 12.05507564544678 -5.381214618682861 117 105 72 0 153 67 155 103
1802 -1.791404724121094 15.97793865203857 -5.835245132446289 84 65 19 0 67 19 68 29 69 32 70 18 71 7
1803 -8.170547485351562 13.17046737670898 -3.536086320877075 129 104 41 0 163 37 166 42 169 39
1804 -14.32287120819092 2.070878028869629 -4.599414825439453 142 130 90 0 109 7 110 8
1805 -5.753504753112793 0.9711912870407104 -6.202019214630127 105 94 32 0 83 7 84 9 85 15 109 8 110 9 111 9
1806 -2.889734268188477 16.38205337524414 -5.967187881469727 87 67 23 0 57 10 58 7 59 7 61 9 62 7 63 9 64 6 65 11 128 0 129 0 131 2 133 1 134 1 135 3 136 3 137 4 138 3 140 4
1807 2.504520654678345 6.9093337059021 -5.893942356109619 96 78 14 0 151 51 153 68 155 104 158 115 161 112 164 123
1808 5.824753761291504 6.803228855133057 -6.164647579193115 66 60 19 0 158 116 161 113
1809 0.3747011721134186 16.70184898376465 -5.869967937469482 55 47 12 0 49 68 50 28 53 29 54 14
1810 3.16589617729187 16.22981643676758 -3.120381832122803 86 64 29 0 49 69 50 29 51 19
1811 0.3031082153320312 16.62219619750977 -5.943900108337402 50 43 12 0 49 70 50 30
1812 2.799231767654419 13.93357467651367 -1.859437584877014 50 46 12 0 49 71 50 31
1813 3.136147975921631 16.48749923706055 -3.263674020767212 113 88 25 0 49 72 50 32 51 20
1814 2.476595163345337 14.3612232208252 -2.348529577255249 45 41 12 0 49 73 50 33 51 21
1815 -0.7932975888252258 16.31434440612793 -4.174407958984375 64 51 14 0 49 74 50 34
1816 0.07456673681735992 18.72665405273438 -6.033941745758057 53 47 11 0 49 75 50 35
1817 -0.6476471424102783 13.54499912261963 -4.05967378616333 62 53 13 0 49 76 50 36
1818 1.413141012191772 16.75018501281738 -5.483789920806885 59 49 15 0 49 77 50 37 51 22
1819 4.202455520629883 17.43791007995605 -4.401020050048828 131 107 40 0 49 78 50 38 51 23
1820 0.5223308205604553 16.7901554107666 -5.872631549835205 70 60 17 0 49 79 50 39
1821 0.6795393824577332 15.99077701568604 -5.936737060546875 81 70 22 0 49 80 50 40
1822 2.771353006362915 14.00724220275879 -1.835488677024841 142 143 45 0 49 81 50 41
1823 0.1525104939937592 19.03646659851074 -5.803564548492432 71 64 19 0 49 82 50 42
1824 2.827743530273438 13.86478042602539 -1.898100972175598 89 90 28 0 49 83 50 43
1825 2.971104860305786 13.74441719055176 -1.848500967025757 141 134 40 0 49 84 50 44
1826 2.858882904052734 18.71641540527344 -6.342536449432373 55 43 15 0 49 85 50 45
1827 -0.6090575456619263 10.78680324554443 -5.864993572235107 129 110 20 0 49 86 50 46 51 24 70 19 145 15 146 24 147 36 148 41
1828 0.6651275753974915 15.87854480743408 -5.857341289520264 79 67 20 0 49 87 50 47
1829 2.282432794570923 18.48137664794922 -6.368137359619141 63 50 18 0 49 88 50 48
1830 2.598582029342651 15.20577621459961 -5.871976375579834 121 98 24 0 49 89 58 8 59 8 60 9 155 105 158 117
1831 2.341281890869141 15.66040420532227 -5.856689929962158 97 83 21 0 49 90 58 9
1832 2.529770612716675 16.60034370422363 -5.809309959411621 65 48 13 0 49 91 59 9
1833 -1.993821740150452 14.66910552978516 -4.044830322265625 176 128 14 0 49 92 63 10
1834 -5.030944347381592 18.51201248168945 -6.062140464782715 113 79 28 0 49 93 62 8 63 11
1835 0.9050278067588806 19.18900108337402 -5.968690395355225 119 92 30 0 49 94 63 12 64 7 65 12
1836 -0.3913629651069641 14.70950126647949 -4.281953811645508 185 158 93 0 49 95 155 106
1837 2.168599128723145 9.201877593994141 -5.797299861907959 101 86 13 0 49 96 147 37
1838 2.558652877807617 9.479780197143555 -5.830722332000732 90 77 15 0 49 97 147 38
1839 1.276031732559204 8.68598747253418 -5.855974674224854 147 131 38 0 49 98 147 39
1840 0.2969324886798859 9.509152412414551 -5.851234912872314 134 115 19 0 49 99 69 33 70 20 145 16 146 25 147 40
1841 5.607459545135498 10.02041625976562 -5.967067718505859 70 61 11 0 49 100 151 52 153 69 155 107
1842 2.179442644119263 9.298016548156738 -5.912387847900391 112 103 29 0 49 101 155 108
1843 5.281386852264404 9.770057678222656 -5.935271739959717 99 89 30 0 49 102 155 109
1844 -10.13777828216553 3.487515687942505 -3.74035382270813 77 62 15 0 86 8 87 3
1845 -5.646207332611084 16.10042953491211 -4.740657329559326 105 81 33 0 147 41 148 42 152 27
1846 -9.842720985412598 27.50471878051758 -4.511509895324707 129 110 55 0 154 29 157 23 166 43
1847 -4.323951244354248 8.973274230957031 -5.859350204467773 103 91 29 0 75 9 76 7 77 11 78 20 79 15 80 5 81 3 82 7 99 1 114 4 115 5 116 8 117 10 118 7 161 114
1848 -8.427603721618652 7.09655237197876 -5.613653182983398 175 146 55 0 74 4 75 10
1849 -2.513595819473267 15.86738014221191 -4.918550491333008 117 94 32 0 147 42 148 43 149 37
1850 -0.6855603456497192 9.828527450561523 -4.55122184753418 148 133 59 0 148 44 149 38
1851 -8.162520408630371 21.68327140808105 -5.474226474761963 75 54 22 0 131 3 132 2 133 2 134 2
1852 -4.286116600036621 17.03608131408691 -3.883422374725342 113 85 27 0 134 3 135 4
1853 2.352909088134766 8.21748161315918 -5.994483947753906 110 96 15 0 150 40 151 53
1854 0.1140819266438484 11.60087966918945 -5.788153648376465 78 63 11 0 50 49 51 25 52 25
1855 -0.9913803339004517 10.86131572723389 -5.851516723632812 114 96 19 0 50 50 51 26 70 21 145 17 151 54
1856 -0.9535785317420959 11.06849575042725 -5.869098663330078 111 91 12 0 50 51 51 27 69 34 70 22 146 26
1857 0.1417493373155594 10.1883602142334 -6.062376976013184 96 80 16 0 50 52 51 28
1858 1.331504940986633 10.22618103027344 -5.77088737487793 78 63 10 0 50 53 51 29 52 26
1859 0.2264904677867889 17.55788993835449 -5.871817588806152 55 45 13 0 50 54 51 30 52 27 53 30 55 9
1860 -0.3718864023685455 13.52792072296143 -4.053516864776611 76 62 12 0 50 55 51 31
1861 3.021047115325928 16.09452438354492 -3.136305809020996 94 77 47 0 50 56 51 32
1862 -0.3696709275245667 13.50345611572266 -5.799490451812744 84 71 33 0 50 57 51 33
1863 -3.126567602157593 19.43858909606934 -5.869216442108154 55 53 21 0 50 58 51 34 52 28
1864 2.446222066879272 14.5255880355835 -2.291240692138672 47 45 12 0 50 59 51 35
1865 -0.5260565876960754 13.20883655548096 -5.374801635742188 63 51 12 0 50 60 51 36
1866 -0.04074697569012642 16.62358283996582 -4.71199893951416 45 38 12 0 50 61 51 37
1867 1.007855534553528 16.20702743530273 -5.846105098724365 47 39 12 0 50 62 51 38
1868 -2.485470056533813 18.41616249084473 -5.863720893859863 49 46 13 0 50 63 51 39 52 29 53 31 146 27
1869 4.074222087860107 18.73121070861816 -5.109251976013184 124 100 34 0 50 64 51 40
1870 2.506839752197266 14.56575584411621 -2.273540258407593 122 122 34 0 50 65 51 41
1871 -4.742278575897217 19.98503303527832 -6.522548675537109 78 68 42 0 50 66 51 42
1872 2.772395849227905 14.56320476531982 -1.967257499694824 86 87 22 0 50 67 51 43
1873 2.522465944290161 14.07026386260986 -2.22902512550354 128 127 33 0 50 68 51 44
1874 0.2026251256465912 11.28507995605469 -5.766271591186523 100 85 16 0 50 69 51 45 52 30
1875 3.203967571258545 16.38918304443359 -3.152874708175659 133 112 48 0 50 70 51 46
1876 2.687269687652588 14.7711181640625 -2.01367449760437 69 75 21 0 50 71 51 47
1877 0.5633055567741394 18.76579284667969 -5.93400764465332 101 78 21 0 50 72 51 48 52 31 53 32 54 15 61 10 62 9 63 13 64 8 65 13 66 12 67 20 136 4 137 5
1878 2.877788543701172 14.63906860351562 -1.958098411560059 113 115 39 0 50 73 51 49
1879 3.084297895431519 15.98851490020752 -3.232552766799927 131 110 51 0 50 74 51 50
1880 0.4789944887161255 16.9859733581543 -5.891434669494629 57 48 13 0 50 75 54 16
1881 3.172739744186401 18.05201530456543 -5.485236644744873 41 33 14 0 50 76 54 17
1882 -1.15808117389679 19.4714298248291 -5.831184864044189 45 44 13 0 50 77 55 10 56 8
1883 -3.326294422149658 18.44583511352539 -5.958284378051758 67 63 27 0 50 78 55 11 56 9
1884 -0.7287812232971191 9.788826942443848 -5.851759433746338 119 99 21 0 50 79 69 35
1885 -5.915857791900635 15.98527050018311 -4.138925552368164 78 55 20 0 60 10 61 11 62 10 63 14 64 9
1886 -8.46612548828125 16.29929161071777 -5.751296520233154 129 108 74 0 63 15 64 10
1887 -5.496212005615234 17.92353439331055 -4.891132831573486 42 39 13 0 59 10 60 11
1888 -7.135107040405273 22.0612850189209 -5.690884113311768 84 66 38 0 126 4 127 3
1889 -6.940390110015869 19.86151123046875 -5.776713371276855 53 46 27 0 125 8 143 9
1890 -9.318137168884277 7.316125869750977 -8.019782066345215 125 99 39 0 114 5 115 6
1891 -2.659213304519653 7.695625782012939 -5.933677673339844 119 103 26 0 72 8 73 5 74 5 75 11 76 8 77 12 118 8 119 7
1892 -3.204248428344727 18.20232582092285 -6.070862770080566 60 53 17 0 51 51 52 32
1893 3.130454540252686 16.16913604736328 -1.677989482879639 95 49 8 0 51 52 52 33
1894 3.093683481216431 16.29145622253418 -1.604120016098022 90 47 11 0 51 53 52 34
1895 1.599610328674316 18.88797378540039 -5.79758358001709 45 35 12 0 51 54 52 35 53 33
1896 -0.6258220076560974 17.77521133422852 -5.915363311767578 43 38 12 0 51 55 52 36
1897 0.1228737682104111 16.283935546875 -4.525516510009766 40 33 13 0 51 56 52 37
1898 -1.344627976417542 20.37785339355469 -5.908379077911377 81 73 50 0 51 57 52 38
1899 1.442012190818787 18.98321914672852 -5.627110481262207 46 33 12 0 51 58 52 39 53 34
1900 0.540080189704895 19.18404197692871 -5.815596580505371 50 44 14 0 51 59 52 40 53 35 54 18 55 12
1901 0.06984436511993408 19.58060455322266 -5.296548843383789 125 103 40 0 51 60 52 41
1902 0.09657905250787735 13.79296112060547 -4.769093990325928 90 81 38 0 51 61 52 42
1903 -0.004853762686252594 19.44198608398438 -5.96662425994873 45 36 12 0 51 62 52 43
1904 0.4141494333744049 10.57135391235352 -5.740981578826904 117 103 30 0 51 63 52 44
1905 -1.686317563056946 18.10958671569824 -5.902599811553955 56 53 21 0 51 64 52 45 53 36
1906 -2.196090698242188 19.82888793945312 -5.981796264648438 60 61 25 0 51 65 52 46 57 11
1907 1.726792216300964 10.87047100067139 -5.680563926696777 120 108 30 0 51 66 52 47
1908 -3.533727884292603 19.90986251831055 -6.140164852142334 68 69 33 0 51 67 56 10 57 12 70 23
1909 -3.153431415557861 19.68712615966797 -6.152762413024902 82 78 34 0 51 68 69 36 70 24
1910 -1.843783140182495 18.27208137512207 -5.855967998504639 63 59 16 0 51 69 146 28
1911 -1.270197033882141 11.15840244293213 -5.930179595947266 146 118 20 0 51 70 145 18 146 29 147 43
1912 -7.551995277404785 6.856139659881592 -5.827276706695557 175 144 35 0 72 9 73 6 74 6 75 12 121 6
1913 -10.76840019226074 2.844982862472534 -3.51137113571167 174 143 52 0 89 2 107 1 108 3 109 9
1914 -6.29945182800293 2.029303550720215 -4.219795703887939 166 137 46 0 80 6 83 8 111 10 115 7
1915 -11.20249938964844 2.491172313690186 -3.431625843048096 155 118 42 0 83 9 111 11
1916 0.6268877387046814 11.92658996582031 -5.926308631896973 99 83 14 0 52 48 53 37
1917 -2.210877656936646 16.43847846984863 -6.128032207489014 45 39 13 0 52 49 53 38
1918 0.154759094119072 13.17369747161865 -5.787507057189941 69 59 12 0 52 50 53 39
1919 -3.920674800872803 16.94277572631836 -5.987604141235352 64 54 15 0 52 51 53 40 56 11 57 13 58 10 59 11 60 12 62 11 63 16 64 11 72 10 121 7 122 4 123 21 136 5 143 10 145 19 146 30
1920 0.5330101847648621 15.36026191711426 -4.805997848510742 111 93 47 0 52 52 53 41 54 19
1921 -2.642954587936401 17.6324462890625 -5.961285591125488 82 73 39 0 52 53 53 42
1922 -1.090278387069702 16.60226440429688 -4.812782764434814 50 38 16 0 52 54 53 43
1923 -1.186960697174072 19.96494293212891 -5.756709575653076 58 55 16 0 52 55 53 44 54 20
1924 0.3093596994876862 17.35582160949707 -5.906948089599609 60 50 12 0 52 56 53 45 54 21 60 13 61 12
1925 -0.233007550239563 17.3090648651123 -5.686405181884766 42 40 14 0 52 57 53 46
1926 -1.472297310829163 18.59980773925781 -5.871240615844727 60 55 16 0 52 58 53 47 57 14
1927 1.370115756988525 19.09239768981934 -2.529143095016479 153 130 58 0 52 59 53 48
1928 0.03928624838590622 14.52483463287354 -5.292619705200195 63 49 12 0 52 60 53 49
1929 -0.009107762947678566 18.03204917907715 -5.823941230773926 46 41 12 0 52 61 53 50
1930 -3.892477750778198 16.58172798156738 -5.943582057952881 50 42 11 0 52 62 53 51
1931 -2.983232975006104 18.02181243896484 -5.866324424743652 71 66 26 0 52 63 53 52 57 15 58 11
1932 -2.639379739761353 17.07633590698242 -5.933255672454834 72 58 19 0 52 64 53 53 54 22 61 13 62 12 63 17 64 12
1933 1.635848641395569 19.04470825195312 -2.494816541671753 124 102 44 0 52 65 53 54 54 23
1934 0.4927304089069366 14.01035022735596 -4.957866191864014 124 99 17 0 52 66 53 55
1935 -2.426941871643066 17.21310615539551 -5.820120334625244 65 59 18 0 52 67 53 56 54 24
1936 -1.03402841091156 18.43276405334473 -4.46497917175293 60 57 16 0 52 68 53 57 57 16
1937 -3.414050579071045 17.24689102172852 -6.202388286590576 74 66 25 0 52 69 53 58
1938 -1.237883448600769 17.32340240478516 -5.990333080291748 53 49 19 0 52 70 53 59
1939 0.9818152785301208 14.05912971496582 -4.608697891235352 115 94 22 0 52 71 53 60
1940 1.034124970436096 12.08258819580078 -5.8612961769104 120 105 22 0 52 72 53 61 147 44 148 45 149 39 150 41
1941 -2.481197118759155 16.0782356262207 -4.644278049468994 100 86 46 0 52 73 53 62 54 25
1942 0.2471488565206528 15.51721096038818 -5.913600444793701 62 58 18 0 52 74 53 63
1943 -3.457064867019653 19.13199043273926 -6.150883674621582 54 47 15 0 52 75 56 12 57 17 58 12 135 5 136 6 137 6
1944 -1.557979226112366 18.87001037597656 -5.835318565368652 73 67 16 0 52 76 146 31 147 45
1945 -0.9100123643875122 11.80756092071533 -5.88718843460083 87 67 12 0 52 77 146 32
1946 -2.4107666015625 19.05856323242188 -5.841814041137695 57 52 14 0 52 78 147 46
1947 0.6712943315505981 10.42568588256836 -5.835714340209961 137 121 26 0 52 79 147 47
1948 1.202792286872864 10.77908802032471 -5.859598159790039 138 117 21 0 52 80 147 48 148 46 149 40 150 42 151 55
1949 -4.218813419342041 17.30971527099609 -6.097872257232666 75 69 25 0 52 81 147 49
1950 -4.910162925720215 14.01626968383789 -5.906253337860107 84 64 12 0 58 13 59 12 60 14 61 14 62 13 63 18 64 13 65 14 66 13 67 21 68 30 73 7 74 7 75 13 76 9 118 9 119 8 120 5 121 8 122 5 123 22 137 7 138 4 140 5 141 8 142 6 143 11 144 12 149 41 150 43 151 56
1951 -3.620819568634033 10.76592922210693 -4.684521675109863 82 60 22 0 172 35 175 38
1952 -7.109498023986816 7.149986267089844 -5.799618721008301 118 92 20 0 74 8 75 14
1953 -9.738384246826172 5.251840591430664 -6.468192100524902 143 110 30 0 74 9 75 15
1954 -9.284408569335938 8.931427955627441 -3.912738561630249 125 91 25 0 75 16 76 10 77 13 78 21
1955 -10.69488906860352 0.9347114562988281 -6.163102149963379 125 98 29 0 78 22 79 16
1956 -6.43873405456543 14.43649578094482 -6.660800933837891 157 121 37 0 138 5 139 5
1957 -10.08489418029785 16.12421798706055 -6.321108341217041 128 90 24 0 129 1 130 0 138 6
1958 -7.088363647460938 13.70476341247559 -4.333134174346924 118 96 29 0 142 7 143 12 144 13
1959 0.4432168900966644 0.4596600234508514 -6.179795742034912 94 80 13 0 178 61 181 59 184 75
1960 -0.8376500606536865 17.5008659362793 -5.853294372558594 39 34 11 0 53 64 54 26 55 13 56 13
1961 -3.144844532012939 18.15790367126465 -6.007358074188232 63 59 19 0 53 65 54 27 55 14
1962 -2.634712696075439 18.77727317810059 -5.872781753540039 57 55 15 0 53 66 54 28 55 15 147 50
1963 1.340467572212219 18.96701049804688 -2.204210042953491 155 133 72 0 53 67 54 29
1964 1.806805968284607 18.11050796508789 -3.974500417709351 39 32 13 0 53 68 54 30
1965 -1.208247780799866 17.5357551574707 -6.033121109008789 47 43 15 0 53 69 54 31
1966 0.2392178028821945 17.85309410095215 -5.940103054046631 58 47 12 0 53 70 54 32 62 14
1967 -0.9844900369644165 14.91833877563477 -4.626874923706055 155 119 33 0 53 71 54 33
1968 -1.902209401130676 14.5196647644043 -5.845138072967529 154 110 17 0 53 72 54 34
1969 -3.296441555023193 16.29555702209473 -4.999474048614502 66 50 12 0 53 73 54 35 55 16
1970 0.7518228888511658 15.58888149261475 -5.791600227355957 54 45 11 0 53 74 54 36 55 17 56 14 57 18
1971 -3.286930799484253 16.90950202941895 -5.950559616088867 82 73 25 0 53 75 54 37 55 18 60 15 61 15 122 6
1972 -2.330942153930664 19.43107032775879 -5.949552059173584 73 72 34 0 53 76 54 38 55 19 56 15
1973 0.2521185278892517 15.54588890075684 -6.234677791595459 150 137 66 0 53 77 54 39
1974 -2.798416137695312 15.87126064300537 -4.414657115936279 99 75 13 0 53 78 54 40
1975 -2.13778829574585 16.31783866882324 -5.783596992492676 61 54 22 0 53 79 54 41 55 20
1976 -2.680097341537476 19.3123950958252 -5.960811138153076 75 73 35 0 53 80 54 42 57 19
1977 2.284289121627808 12.63209819793701 -5.831791877746582 108 96 22 0 53 81 54 43 55 21
1978 1.885610818862915 11.38383865356445 -5.818300247192383 116 105 23 0 53 82 54 44
1979 1.238246560096741 19.08748245239258 -2.472173452377319 159 136 62 0 53 83 54 45
1980 -1.625990271568298 20.0567626953125 -5.917736053466797 71 68 32 0 53 84 54 46 55 22
1981 2.854537725448608 10.89827728271484 -5.519409656524658 118 104 29 0 53 85 54 47
1982 1.28212583065033 14.6806001663208 -5.109607696533203 113 89 19 0 53 86 54 48
1983 1.634567618370056 18.62898635864258 -3.685225009918213 131 111 45 0 53 87 54 49
1984 2.53230619430542 10.29411697387695 -5.84257984161377 104 90 11 0 53 88 147 51 151 57
1985 -5.113241672515869 19.59052467346191 -3.854931116104126 83 71 31 0 59 13 60 16
1986 -2.055327892303467 3.808500051498413 -6.062737941741943 156 131 48 0 78 23 79 17 80 7
1987 -9.365046501159668 18.16785430908203 -5.860466957092285 101 73 28 0 142 8 143 13
1988 -7.209847450256348 15.16104888916016 -5.452916145324707 147 116 32 0 140 6 141 9
1989 -4.842514038085938 11.64080333709717 -4.137828826904297 149 109 25 0 72 11 73 8
1990 3.680068016052246 7.234348297119141 -5.799763202667236 132 116 34 0 151 58 153 70 155 110 158 118
1991 -7.938971996307373 12.44322681427002 -3.730687618255615 119 94 56 0 70 25 71 8
1992 -12.13766860961914 1.778054475784302 -3.671862363815308 127 104 43 0 104 2 106 0
1993 -9.216048240661621 18.47563362121582 -5.246749877929688 80 59 23 0 141 10 142 9
1994 -2.024349927902222 18.66007232666016 -5.922668933868408 57 53 15 0 54 50 55 23
1995 -1.027183413505554 17.27165603637695 -5.770443916320801 47 43 14 0 54 51 55 24
1996 -2.476753234863281 19.12198448181152 -5.986411094665527 48 48 13 0 54 52 55 25
1997 -2.052679538726807 16.48065948486328 -5.7507643699646 46 41 13 0 54 53 55 26 56 16
1998 -4.142579078674316 14.35561847686768 -5.808535575866699 68 55 12 0 54 54 55 27
1999 -2.189410448074341 21.05362129211426 -6.203414440155029 44 49 19 0 54 55 55 28
2000 -2.705978870391846 18.60517311096191 -6.045712471008301 55 51 15 0 54 56 55 29 56 17
2001 -2.447728395462036 21.12026405334473 -6.109219074249268 45 51 22 0 54 57 55 30 56 18
2002 -1.667793393135071 16.15401077270508 -4.912600517272949 51 42 13 0 54 58 55 31
2003 4.027075290679932 14.17685127258301 -5.025586605072021 43 34 17 0 54 59 55 32 56 19
2004 -4.007590293884277 14.75334358215332 -5.63143253326416 74 57 12 0 54 60 55 33
2005 -0.9285848140716553 19.75824737548828 -5.756234169006348 78 69 23 0 54 61 55 34
2006 -2.952817440032959 15.61923694610596 -4.70006799697876 88 74 14 0 54 62 55 35 56 20 57 20 58 14
2007 0.2890485525131226 18.82600402832031 -5.032593727111816 75 71 42 0 54 63 55 36
2008 2.303244113922119 12.2796106338501 -5.846239566802979 95 78 10 0 54 64 55 37 147 52 148 47 149 42 150 44 170 98
2009 1.418552875518799 14.96565532684326 -4.802780151367188 72 51 12 0 54 65 55 38 56 21 57 21 58 15 59 14 60 17
2010 -3.557440280914307 18.08994102478027 -5.971628665924072 72 69 28 0 54 66 55 39
2011 -1.524810910224915 19.9903450012207 -5.964699268341064 69 67 29 0 54 67 55 40
2012 2.420321702957153 14.69563961029053 -5.720582485198975 92 82 29 0 54 68 55 41 56 22
2013 2.25675368309021 14.2877197265625 -5.501724243164062 95 82 22 0 54 69 55 42
2014 -3.62931489944458 17.22385597229004 -5.905113220214844 85 77 33 0 54 70 55 43
2015 -2.127299070358276 18.53143501281738 -5.921677112579346 69 67 27 0 54 71 55 44
2016 -3.129181861877441 16.32976722717285 -5.844507217407227 68 61 22 0 54 72 55 45 56 23 57 22 58 16 59 15
2017 2.013053178787231 14.4358434677124 -5.740437507629395 104 93 29 0 54 73 55 46 56 24
2018 1.77679717540741 15.42028617858887 -5.815361022949219 78 69 19 0 54 74 55 47
2019 -3.201362609863281 16.44292449951172 -5.93848991394043 77 64 23 0 54 75 55 48 56 25 57 23 58 17 59 16 134 4 135 6 136 7
2020 -0.3419031202793121 18.37781143188477 -5.657455444335938 65 60 19 0 54 76 55 49 56 26
2021 1.74151623249054 14.86772441864014 -5.682938575744629 89 79 26 0 54 77 55 50 56 27 57 24
2022 -2.358916521072388 17.02728843688965 -5.803491115570068 65 59 20 0 54 78 55 51
2023 2.997649669647217 13.51339054107666 -5.398905754089355 96 84 19 0 54 79 55 52 56 28 57 25 58 18
2024 0.8938644528388977 14.87408447265625 -5.820053577423096 59 51 18 0 54 80 55 53
2025 -2.298678874969482 19.80257415771484 -6.08607006072998 65 65 29 0 54 81 55 54
2026 -0.04133672639727592 11.8759651184082 -5.87218189239502 85 70 11 0 54 82 149 43 150 45
2027 -0.6583714485168457 14.59621143341064 -4.042202949523926 162 120 20 0 54 83 151 59
2028 0.04699080809950829 15.43618679046631 -4.296926498413086 160 119 22 0 54 84 151 60
2029 -0.4505605399608612 14.79793643951416 -4.05230712890625 167 125 25 0 54 85 151 61
2030 -5.947120666503906 15.91454029083252 -5.947615146636963 113 83 24 0 147 53 148 48 149 44
2031 -4.964105606079102 19.67032623291016 -4.115836143493652 37 40 12 0 59 17 60 18
2032 -3.885780096054077 19.48411750793457 -6.04262638092041 78 72 38 0 134 5 140 7 141 11
2033 -4.710639476776123 17.54500007629395 -6.517588138580322 36 34 16 0 148 49 149 45
2034 -8.522860527038574 17.81865692138672 -5.696917057037354 125 96 23 0 144 14 145 20
2035 2.106405019760132 6.215548515319824 -5.973268032073975 120 101 27 0 155 111 158 119 161 115 164 124 167 98
2036 -14.39232349395752 0.09473153203725815 -2.84130334854126 72 60 23 0 88 3 108 4
2037 -14.34676742553711 -0.2195605039596558 -2.932438850402832 121 103 47 0 88 4 89 3
2038 -5.421356201171875 8.14887523651123 -5.877011775970459 134 122 37 0 72 12 73 9 74 10 75 17 79 18 80 8 81 4 82 8 98 3 99 2 101 2 114 6 115 8 116 9 117 11 118 10 123 23 124 11
2039 -2.925695896148682 16.25795555114746 -5.602295875549316 53 45 15 0 55 55 56 29
2040 0.05447433143854141 15.61838054656982 -5.411770820617676 55 47 13 0 55 56 56 30
2041 -0.9948620200157166 16.97314643859863 -5.662047386169434 39 34 13 0 55 57 56 31
2042 -1.611175537109375 18.91756439208984 -5.87067985534668 61 57 18 0 55 58 56 32
2043 2.438628435134888 14.5643367767334 -2.905326366424561 40 37 10 0 55 59 56 33
2044 -2.529685020446777 18.43976402282715 -5.851019859313965 45 45 13 0 55 60 56 34 57 26 58 19
2045 3.161237001419067 12.86471939086914 -5.747235298156738 75 62 10 0 55 61 56 35 57 27
2046 -2.722392082214355 20.64487838745117 -6.265397071838379 72 74 42 0 55 62 56 36
2047 -1.347345590591431 20.40295600891113 -4.813345432281494 114 104 46 0 55 63 56 37
2048 3.115937471389771 13.41469860076904 -5.805445671081543 93 81 24 0 55 64 56 38
2049 3.054734706878662 13.00139808654785 -5.840407371520996 108 98 23 0 55 65 56 39
2050 -2.271546125411987 17.32376098632812 -5.602807521820068 68 64 22 0 55 66 56 40
2051 -2.966363668441772 17.26279067993164 -6.010573863983154 93 73 24 0 55 67 56 41 63 19 136 8 137 8 138 7
2052 -2.037080764770508 14.54561519622803 -5.010997295379639 161 118 22 0 55 68 56 42
2053 2.43462610244751 14.79886531829834 -2.934494733810425 90 91 33 0 55 69 56 43
2054 -0.05293198302388191 18.06308364868164 -5.906862735748291 69 50 11 0 55 70 61 16 62 15 63 20 65 15 66 14 67 22 132 3 133 3 137 9
2055 -0.9297571778297424 17.35349273681641 -5.942491054534912 68 54 19 0 55 71 61 17 65 16 137 10
2056 -5.092177391052246 19.45082664489746 -4.998820781707764 49 45 14 0 58 20 59 18
2057 -5.959903717041016 16.00440788269043 -3.069973945617676 51 45 20 0 146 33 147 54
2058 -1.546232581138611 16.74518775939941 -5.557591915130615 37 33 12 0 56 44 57 28
2059 1.278769850730896 15.96318912506104 -5.23291015625 61 52 11 0 56 45 57 29
2060 -2.371695756912231 16.05610847473145 -5.501480102539062 41 36 11 0 56 46 57 30
2061 0.583323061466217 16.21469306945801 -5.715731143951416 66 57 13 0 56 47 57 31 58 21
2062 -3.298625707626343 21.23793792724609 -6.046964168548584 51 55 35 0 56 48 57 32 58 22 59 19 60 19 61 18
2063 -3.131505250930786 20.93207740783691 -6.037899494171143 46 55 29 0 56 49 57 33 58 23 59 20
2064 -5.628279685974121 14.25474452972412 -5.933222770690918 96 70 14 0 56 50 57 34 58 24 67 23 68 31 120 6 143 14
2065 3.479957818984985 12.24695777893066 -5.668670654296875 79 65 12 0 56 51 57 35
2066 2.89560079574585 15.32685852050781 -5.77000904083252 97 69 16 0 56 52 57 36 58 25 59 21 60 20
2067 -2.344764471054077 14.60939407348633 -3.960147142410278 131 111 60 0 56 53 57 37
2068 0.9402219653129578 16.28508949279785 -5.694122791290283 60 51 13 0 56 54 57 38
2069 -3.590551376342773 16.39368438720703 -5.883955955505371 56 49 14 0 56 55 57 39
2070 3.318378448486328 14.74669170379639 -5.622312545776367 54 40 11 0 56 56 57 40 58 26
2071 -3.678441047668457 21.50755310058594 -6.034340381622314 56 58 36 0 56 57 57 41 58 27 59 22 60 21 61 19
2072 3.214375019073486 12.01615715026855 -5.633655548095703 112 99 23 0 56 58 57 42
2073 -2.554319381713867 15.96692848205566 -4.634232044219971 105 79 13 0 56 59 57 43
2074 2.498564004898071 15.2085485458374 -5.698873996734619 111 96 29 0 56 60 57 44 58 28 59 23
2075 -3.624706029891968 20.9221248626709 -6.090059757232666 66 71 45 0 56 61 57 45
2076 1.570507049560547 15.38364887237549 -5.803420066833496 102 88 22 0 56 62 57 46 58 29 59 24 60 22
2077 -3.933073759078979 16.20132446289062 -5.881464004516602 76 68 29 0 56 63 57 47
2078 -1.879662394523621 18.3148365020752 -5.954983234405518 57 55 17 0 56 64 57 48
2079 1.047377467155457 15.53303813934326 -5.732166767120361 110 95 25 0 56 65 57 49 58 30 59 25 60 23
2080 -2.683558464050293 18.03557014465332 -5.743875980377197 66 63 22 0 56 66 57 50
2081 -3.985186100006104 13.59811973571777 -5.866647243499756 110 88 25 0 56 67 57 51 58 31 62 16 68 32 143 15 144 15 145 21
2082 0.6037667989730835 15.98486804962158 -5.636596202850342 93 83 26 0 56 68 57 52
2083 -4.892837524414062 16.91463279724121 -5.75105094909668 100 83 46 0 56 69 57 53
2084 -3.128099918365479 13.97083187103271 -5.712051391601562 93 78 23 0 56 70 57 54 58 32
2085 -4.759644508361816 13.30113220214844 -5.867166519165039 102 80 20 0 56 71 58 33 61 20 63 21 64 14 65 17 66 15 67 24 68 33 69 37 119 9 120 7 121 9 122 7 123 24 128 1 137 11 138 8 139 6 141 12 142 10 143 16 144 16 145 22
2086 -4.021803855895996 19.69418525695801 -6.135293006896973 73 65 28 0 56 72 135 7 143 17
2087 3.400659561157227 11.06409931182861 -6.007460594177246 119 105 22 0 56 73 148 50
2088 -5.697379589080811 17.04512786865234 -4.999847412109375 86 73 27 0 58 34 59 26
2089 -2.872982501983643 14.60546684265137 -5.828504085540771 74 56 11 0 68 34 70 26 71 9 72 13 73 10 74 11 75 18 120 8 121 10 122 8 123 25 125 9 126 5 127 4 141 13 142 11 143 18 144 17
2090 -4.987734794616699 23.38047409057617 -6.101000308990479 188 180 138 0 129 2 139 7
2091 -9.809586524963379 3.762481689453125 -3.813275337219238 54 51 25 0 80 9 81 5
2092 -8.66437816619873 15.65124988555908 -4.282095432281494 151 114 36 0 123 26 124 12
2093 -3.371002197265625 14.01673412322998 -5.873307704925537 73 55 12 0 64 15 65 18 66 16 68 35 70 27 71 10 72 14 73 11 74 12 122 9 123 27 125 10 126 6 128 2 129 3 137 12 138 9 139 8 140 8 141 14 144 18 145 23
2094 -8.460404396057129 15.99556064605713 -3.238854169845581 128 83 36 0 139 9 140 9
2095 -8.296669006347656 0.3643606901168823 -5.266420364379883 135 112 49 0 179 10 182 15
2096 -13.05180358886719 6.009360790252686 -5.816285610198975 136 115 64 0 89 4 90 3 91 2
2097 -5.640954494476318 12.89831447601318 -5.954781532287598 83 62 21 0 65 19 66 17 67 25 141 15 142 12 143 19 144 19
2098 -2.746777772903442 21.20874786376953 -5.937529563903809 49 58 35 0 57 55 58 35
2099 -1.867093086242676 16.70453834533691 -6.035248279571533 48 43 14 0 57 56 58 36 59 27
2100 3.203366994857788 16.0041675567627 -6.042599201202393 68 47 12 0 57 57 58 37 59 28
2101 3.598888874053955 13.00723552703857 -5.476049900054932 79 61 13 0 57 58 58 38
2102 -1.098295927047729 16.44073295593262 -4.991403579711914 36 33 12 0 57 59 58 39
2103 -4.717646598815918 16.902099609375 -5.977225303649902 54 46 13 0 57 60 58 40 59 29 60 24 61 21 62 17 63 22 64 16 65 20
2104 -2.412078380584717 21.16825485229492 -6.294070243835449 42 45 20 0 57 61 58 41 60 25 61 22 133 4 135 8 136 9
2105 -4.206174850463867 22.59066963195801 -6.090115070343018 112 97 62 0 57 62 58 42 59 30 60 26
2106 -3.245006561279297 16.03809547424316 -5.430822372436523 46 37 13 0 57 63 58 43
2107 -4.063129425048828 19.87104415893555 -6.051974773406982 77 73 41 0 57 64 58 44
2108 0.6161265969276428 15.46640110015869 -5.875296592712402 84 74 20 0 57 65 58 45
2109 -3.93388032913208 17.83313369750977 -5.972655296325684 75 68 26 0 57 66 58 46 59 31 145 24
2110 -3.775946378707886 20.55798149108887 -6.348145961761475 57 61 34 0 57 67 58 47
2111 -2.215036153793335 21.21077537536621 -6.039237499237061 55 62 43 0 57 68 58 48 59 32
2112 -3.556325197219849 13.48501777648926 -5.8599853515625 97 80 19 0 57 69 58 49 70 28 123 28 142 13 144 20
2113 3.076459884643555 12.82446670532227 -5.506308078765869 117 102 29 0 57 70 58 50
2114 -3.532711505889893 15.97610569000244 -4.496010780334473 96 74 16 0 57 71 58 51
2115 -0.3551047742366791 16.6046199798584 -4.260634422302246 145 143 123 0 57 72 58 52
2116 -2.84222149848938 20.47634315490723 -5.936026573181152 60 63 33 0 57 73 58 53 59 33
2117 -4.178180694580078 20.33325386047363 -6.111077308654785 105 93 63 0 57 74 58 54 59 34
2118 -3.667487621307373 17.22111129760742 -5.838632106781006 86 77 31 0 57 75 58 55 59 35
2119 1.239882826805115 14.45658683776855 -4.750092029571533 141 125 64 0 57 76 58 56
2120 -3.013398885726929 16.20609092712402 -4.543921947479248 111 84 18 0 57 77 58 57
2121 -2.648126363754272 21.60315322875977 -6.168005466461182 62 71 50 0 57 78 58 58 59 36
2122 -3.601963758468628 14.1162052154541 -5.876241683959961 70 55 11 0 57 79 65 21 67 26 68 36 119 10 120 9 121 11 145 25
2123 -3.980220556259155 16.4866771697998 -6.068197727203369 54 42 12 0 57 80 136 10
2124 -3.211733818054199 20.56830024719238 -6.244493007659912 59 55 22 0 57 81 135 9 136 11
2125 -3.035166501998901 20.06833076477051 -6.180122375488281 77 71 31 0 57 82 142 14
2126 -4.929125785827637 15.38320541381836 -5.935818195343018 76 64 19 0 57 83 59 37 60 27 62 18 144 21 145 26
2127 -4.832951068878174 13.47101020812988 -5.912607192993164 90 75 19 0 57 84 144 22
2128 -4.225969791412354 19.29329490661621 -5.992142200469971 68 60 25 0 57 85 145 27
2129 -1.755200624465942 15.68833541870117 -5.904660224914551 71 54 25 0 60 28 61 23 62 19 63 23 64 17 135 10 136 12 137 13 138 10
2130 -2.819117069244385 0.8564248085021973 -5.001282215118408 136 122 52 0 156 20 159 16
2131 2.104204654693604 15.40651893615723 -5.948426246643066 97 90 61 0 149 46 150 46
2132 -3.514178991317749 11.19374561309814 -4.831490516662598 160 128 43 0 122 10 123 29
2133 -5.539897441864014 15.94116592407227 -5.756000995635986 125 99 49 0 145 28 146 34
2134 0.4775121510028839 12.98818874359131 -6.164849281311035 141 120 43 0 145 29 146 35
2135 -5.278242588043213 16.2270336151123 -5.93239164352417 114 96 53 0 146 36 147 55
2136 -3.570438623428345 17.90848731994629 -6.012621879577637 57 52 13 0 58 59 59 38
2137 1.60620379447937 16.12227249145508 -5.902184963226318 108 85 20 0 58 60 59 39 60 29 61 24
2138 -4.263680934906006 14.34125328063965 -5.494323253631592 85 62 13 0 58 61 59 40
2139 -5.807674884796143 16.8336181640625 -5.073073387145996 53 49 17 0 58 62 59 41
2140 -3.922116041183472 20.86798667907715 -6.282506465911865 70 65 39 0 58 63 59 42
2141 -3.603310585021973 14.15345573425293 -6.097785949707031 77 55 15 0 58 64 59 43
2142 1.009957075119019 16.24120903015137 -5.849405765533447 73 55 13 0 58 65 59 44 60 30
2143 -1.046401619911194 16.54854202270508 -5.853398323059082 66 50 13 0 58 66 59 45 60 31
2144 -4.481756687164307 21.09734344482422 -5.157464504241943 38 46 21 0 58 67 59 46 60 32 61 25
2145 -4.326006412506104 22.73734664916992 -5.146920204162598 80 115 127 0 58 68 59 47
2146 -3.621949195861816 22.9127082824707 -5.674247741699219 151 178 203 0 58 69 59 48
2147 -4.403779983520508 21.99224472045898 -5.373013019561768 39 55 40 0 58 70 59 49 60 33
2148 -3.157160520553589 13.71937942504883 -5.850864410400391 112 89 24 0 58 71 59 50 60 34 61 26 62 20 63 24 64 18 65 22 66 18 67 27 119 11 120 10 122 11 124 13 127 5 128 3 140 10
2149 -2.617635488510132 16.97138023376465 -6.203992366790771 68 61 20 0 58 72 59 51
2150 -2.037906408309937 16.62084579467773 -6.283181667327881 62 55 22 0 58 73 59 52
2151 -2.62770414352417 13.81762886047363 -5.871722221374512 102 79 16 0 58 74 59 53
2152 -4.727427005767822 20.85745429992676 -5.448202133178711 105 91 59 0 58 75 59 54
2153 -3.500349760055542 19.92682647705078 -6.321903228759766 62 59 26 0 58 76 59 55 136 13
2154 -5.358500003814697 17.88539695739746 -5.860898971557617 142 101 38 0 58 77 59 56 60 35 61 27 62 21 63 25 64 19
2155 -4.782898902893066 21.38332176208496 -5.243585109710693 48 62 42 0 58 78 59 57
2156 -4.642754554748535 21.78745651245117 -5.723841667175293 94 92 76 0 58 79 59 58
2157 -5.088271617889404 19.34659767150879 -5.308970928192139 126 100 49 0 58 80 59 59 60 36
2158 -5.799770355224609 16.25197410583496 -5.907159328460693 141 106 44 0 58 81 59 60 60 37
2159 2.164037466049194 14.71354866027832 -5.483927726745605 105 87 17 0 58 82 59 61
2160 2.483117580413818 15.91225433349609 -5.674899578094482 108 85 18 0 58 83 59 62
2161 -4.258614063262939 22.15973854064941 -5.948359489440918 108 101 91 0 58 84 59 63 60 38
2162 -4.712315082550049 21.09621620178223 -5.044299602508545 69 74 54 0 58 85 59 64
2163 -1.860768556594849 16.47689437866211 -5.956502914428711 79 63 30 0 58 86 59 65 60 39 61 28 62 22 63 26 64 20 65 23 130 1 131 4 134 6 135 11 137 14 138 11
2164 2.02668309211731 16.04573249816895 -5.968703269958496 110 90 26 0 58 87 59 66 60 40
2165 -5.156359672546387 16.82402610778809 -6.161908626556396 109 88 45 0 58 88 59 67
2166 -5.013896942138672 15.05288505554199 -5.942384243011475 75 65 13 0 58 89 74 13 75 19
2167 -1.066226124763489 11.87121772766113 -10.19146060943604 168 124 23 0 58 90 75 20
2168 -3.90218186378479 18.5683422088623 -6.250195980072021 79 72 41 0 58 91 136 14
2169 -4.4361252784729 14.65796375274658 -5.857146739959717 132 107 46 0 58 92 136 15
2170 -2.882769584655762 18.86768341064453 -5.890986442565918 61 57 15 0 58 93 146 37 147 56
2171 -6.24009895324707 17.51349067687988 -6.505728721618652 115 91 36 0 58 94 146 38
2172 -3.434467792510986 15.6946439743042 -5.711687088012695 100 79 16 0 58 95 146 39
2173 -6.793739318847656 12.4644832611084 -5.604700565338135 110 77 16 0 68 37 69 38
2174 -7.984508991241455 17.57704734802246 -4.685623645782471 99 63 15 0 68 38 69 39 145 30
2175 -14.62925624847412 2.861291170120239 -3.597580671310425 118 96 61 0 88 5 108 5
2176 -0.8106522560119629 14.87353229522705 -3.768165588378906 157 125 57 0 157 24 160 24
2177 -0.2347221970558167 0.08730130642652512 -6.329823017120361 157 158 123 0 184 76 187 53
2178 -11.16567802429199 17.73837089538574 -6.025891304016113 114 74 31 0 129 4 138 12 139 10 140 11 141 16
2179 -4.743143081665039 20.71351432800293 -2.975357055664062 45 44 20 0 59 68 60 41
2180 -2.294903755187988 21.14986038208008 -2.902308940887451 55 85 100 0 59 69 60 42
2181 -1.394000053405762 17.43083000183105 -5.95728063583374 50 41 11 0 59 70 60 43
2182 -5.066484928131104 19.34944915771484 -4.817490100860596 38 42 13 0 59 71 60 44
2183 -2.226617336273193 15.50238037109375 -4.840433120727539 63 47 12 0 59 72 60 45
2184 -1.079170703887939 21.38654136657715 -3.109138011932373 25 39 31 0 59 73 60 46
2185 -2.211010217666626 21.52524375915527 -2.887295961380005 71 106 117 0 59 74 60 47 61 29
2186 -1.228739500045776 16.19289016723633 -5.609511852264404 39 33 11 0 59 75 60 48
2187 -2.158168792724609 21.5886058807373 -3.225112199783325 54 81 105 0 59 76 60 49 61 30
2188 -5.178650379180908 18.47572135925293 -3.987453937530518 41 43 14 0 59 77 60 50
2189 -5.53920841217041 17.6915283203125 -5.796058177947998 125 89 27 0 59 78 60 51
2190 -4.806906700134277 20.73965644836426 -3.855385303497314 73 64 31 0 59 79 60 52
2191 -4.88385534286499 19.70626449584961 -5.106592655181885 63 64 27 0 59 80 60 53 61 31 62 23
2192 -0.5479163527488708 16.70114707946777 -6.181062698364258 46 35 13 0 59 81 60 54 61 32 62 24
2193 -4.31086540222168 19.33117866516113 -6.073257923126221 67 54 17 0 59 82 60 55 143 20 144 23
2194 -4.262300491333008 21.28232574462891 -5.89677906036377 97 86 67 0 59 83 60 56
2195 -5.609437942504883 17.33949279785156 -5.315333366394043 48 47 14 0 59 84 60 57 61 33
2196 -1.592103123664856 16.55023765563965 -6.016713619232178 56 41 11 0 59 85 60 58 61 34 62 25 63 27 64 21 65 24 126 7 127 6 128 4 129 5 132 4 134 7 135 12 136 16 137 15 138 13 139 11 140 12 141 17
2197 -4.806756496429443 20.87724304199219 -3.753550052642822 29 43 17 0 59 86 60 59
2198 -2.290120363235474 20.9840087890625 -3.490181446075439 68 75 55 0 59 87 60 60
2199 -4.550913333892822 20.8649730682373 -4.5667405128479 56 60 39 0 59 88 60 61 61 35 62 26
2200 -2.085885286331177 20.98815536499023 -3.300107002258301 27 48 47 0 59 89 60 62
2201 -4.878007888793945 20.01263046264648 -3.326858758926392 54 59 25 0 59 90 60 63
2202 1.581112861633301 15.35354614257812 -5.678638458251953 112 94 20 0 59 91 60 64
2203 -5.323005199432373 18.68038558959961 -4.103940010070801 112 86 36 0 59 92 60 65 61 36 62 27 63 28
2204 -0.1266027688980103 16.59616279602051 -4.705770015716553 132 107 45 0 59 93 60 66 61 37
2205 -5.086275100708008 19.37261199951172 -3.947024345397949 115 95 48 0 59 94 60 67
2206 -4.862727165222168 20.53670501708984 -4.763748168945312 105 81 43 0 59 95 60 68
2207 -4.130792617797852 22.5673770904541 -5.685498237609863 127 124 123 0 59 96 60 69
2208 -4.514728546142578 20.81154823303223 -3.670319557189941 63 62 38 0 59 97 60 70 61 38
2209 -2.178506851196289 21.34210395812988 -2.772079229354858 187 216 228 0 59 98 60 71
2210 -2.684478521347046 16.14866828918457 -5.938974857330322 64 51 18 0 59 99 60 72 61 39 136 17
2211 -5.043034076690674 17.35878562927246 -6.100665092468262 124 94 39 0 59 100 60 73 61 40
2212 2.325885772705078 16.57703399658203 -5.814038276672363 76 54 18 0 59 101 60 74 155 112
2213 -4.647181034088135 20.82257461547852 -3.092849731445312 42 57 29 0 59 102 60 75
2214 -5.692737579345703 16.31899642944336 -5.171776294708252 125 89 19 0 59 103 60 76
2215 2.279372692108154 14.47066783905029 -5.935801029205322 120 99 25 0 59 104 60 77
2216 -3.743269205093384 22.89149475097656 -5.280802726745605 194 213 224 0 59 105 60 78
2217 -4.29931640625 14.22835063934326 -5.898452281951904 80 59 12 0 59 106 60 79 62 28 63 29 65 25 66 19 67 28 68 39 72 15 73 12 74 14 76 11 119 12 120 11 121 12 122 12 136 18 137 16 138 14 140 13 141 18 143 21 144 24 145 31
2218 -4.670037746429443 19.78936004638672 -3.848230838775635 62 56 19 0 60 80 61 41 62 29
2219 -5.082436561584473 19.74848937988281 -3.305120706558228 64 62 21 0 60 81 61 42
2220 -6.087742328643799 5.00205659866333 -5.721792221069336 108 83 18 0 80 10 81 6
2221 -7.689445018768311 9.19404411315918 -11.55766105651855 49 39 16 0 81 7 122 13
2222 -7.192064762115479 2.911672115325928 -4.852497577667236 104 85 24 0 107 2 108 6
2223 -4.731763362884521 22.31308364868164 -6.248339653015137 126 125 121 0 129 6 130 2 131 5 132 5
2224 -1.544139742851257 18.04829788208008 -6.051862239837646 72 57 28 0 62 30 63 30 132 6 133 5 135 13 136 19 137 17 138 15
2225 -1.099673867225647 17.28125762939453 -5.776961326599121 57 47 13 0 60 82 61 43
2226 -5.771728038787842 16.89970397949219 -4.406898975372314 40 37 12 0 60 83 61 44 62 31
2227 -0.03969002142548561 16.37830924987793 -4.960702419281006 104 80 26 0 60 84 61 45
2228 -5.305393218994141 18.8638744354248 -4.047564506530762 36 35 14 0 60 85 61 46
2229 -5.183017730712891 19.91489601135254 -3.545053720474243 36 42 12 0 60 86 61 47
2230 -1.851534247398376 15.80101871490479 -7.185366630554199 54 43 13 0 60 87 61 48
2231 -3.288715124130249 20.35535621643066 -6.753561973571777 47 46 22 0 60 88 61 49
2232 -5.339550018310547 19.30900192260742 -3.323267698287964 45 43 12 0 60 89 61 50
2233 -2.115181684494019 21.73546981811523 -3.694384574890137 61 90 106 0 60 90 61 51
2234 -2.227026224136353 21.40476036071777 -3.870036363601685 49 80 96 0 60 91 61 52
2235 -3.803849697113037 15.24552822113037 -5.882676124572754 76 52 11 0 60 92 61 53 62 32
2236 -5.314137935638428 18.86638259887695 -3.564202308654785 47 48 14 0 60 93 61 54
2237 -1.266662120819092 16.88642501831055 -6.272909164428711 55 42 12 0 60 94 61 55 62 33 63 31
2238 -2.188459873199463 21.39871025085449 -3.672224521636963 59 91 102 0 60 95 61 56
2239 -5.797342777252197 16.48798751831055 -3.7908935546875 52 43 11 0 60 96 61 57 62 34 63 32
2240 -2.234799146652222 21.60745620727539 -3.674521923065186 100 118 104 0 60 97 61 58
2241 -5.737761974334717 16.69922256469727 -3.897398948669434 42 41 12 0 60 98 61 59 62 35
2242 -4.309887409210205 20.99349975585938 -2.788151502609253 29 51 30 0 60 99 61 60
2243 -5.530819416046143 17.96072578430176 -3.579903841018677 41 37 12 0 60 100 61 61 62 36
2244 -5.02538537979126 19.44325065612793 -3.642584323883057 44 41 14 0 60 101 61 62 62 37
2245 -5.240096092224121 17.8999080657959 -4.066822528839111 42 40 13 0 60 102 61 63 62 38 63 33
2246 -4.950160503387451 20.25081062316895 -3.432741403579712 37 45 14 0 60 103 61 64 62 39 63 34
2247 -5.441649436950684 18.67897415161133 -3.137429237365723 60 44 12 0 60 104 61 65
2248 -5.637201309204102 17.97228622436523 -3.152224540710449 55 40 11 0 60 105 61 66
2249 -5.596762180328369 17.55174827575684 -3.394924163818359 43 36 13 0 60 106 61 67 62 40
2250 -3.560051441192627 15.73356151580811 -4.894430637359619 80 56 13 0 60 107 61 68 62 41 63 35
2251 -3.486048460006714 15.07262897491455 -4.929355144500732 82 51 12 0 60 108 61 69
2252 -3.152329444885254 16.14211463928223 -5.802340030670166 58 42 11 0 60 109 61 70 62 42
2253 -3.504931926727295 20.62673568725586 -6.24928092956543 34 37 14 0 60 110 61 71
2254 -3.434953212738037 21.92084121704102 -4.142775535583496 160 177 194 0 60 111 61 72
2255 -4.88712215423584 20.19916915893555 -4.679736137390137 36 41 13 0 60 112 61 73
2256 -3.496554136276245 15.78678512573242 -5.908668994903564 77 62 28 0 60 113 61 74 62 43
2257 -4.961396217346191 20.44592094421387 -3.207076072692871 48 42 14 0 60 114 61 75
2258 -3.138202667236328 21.7776927947998 -5.187090873718262 48 52 37 0 60 115 61 76
2259 -4.868451118469238 18.92054176330566 -3.723490953445435 38 39 13 0 60 116 61 77 62 44 63 36
2260 -5.278814315795898 18.47940826416016 -4.464887619018555 39 40 13 0 60 117 61 78 62 45 63 37
2261 -5.233039379119873 19.00778770446777 -3.214153289794922 37 38 12 0 60 118 61 79 62 46
2262 -4.848562240600586 20.11094665527344 -2.900877475738525 44 39 12 0 60 119 61 80 62 47 63 38 64 22
2263 -4.89989185333252 19.1075267791748 -6.213653087615967 112 79 34 0 60 120 61 81 62 48
2264 -4.006489753723145 21.84801483154297 -3.493176460266113 59 85 97 0 60 121 61 82
2265 -2.264759063720703 21.2991886138916 -3.886064529418945 158 187 194 0 60 122 61 83
2266 -5.23667049407959 18.83568572998047 -3.626070261001587 102 85 34 0 60 123 61 84 62 49
2267 -5.019055366516113 20.28412055969238 -3.566541433334351 43 51 18 0 60 124 61 85
2268 -5.210104942321777 19.09457015991211 -3.674831390380859 85 76 34 0 60 125 61 86 62 50
2269 -3.579972743988037 22.02850532531738 -4.006824016571045 197 214 225 0 60 126 61 87
2270 -5.919031143188477 16.43149185180664 -3.807178258895874 97 80 30 0 60 127 61 88 62 51
2271 -5.079395771026611 20.10032272338867 -3.477575063705444 53 55 22 0 60 128 61 89
2272 -4.896751880645752 20.7447681427002 -3.243967056274414 91 71 33 0 60 129 61 90
2273 -5.390261173248291 17.36706733703613 -5.495383262634277 140 101 34 0 60 130 61 91 62 52
2274 -4.442244052886963 20.52750778198242 -4.552465915679932 98 80 47 0 60 131 61 92 62 53
2275 -4.217658996582031 21.18426132202148 -4.347737312316895 88 85 63 0 60 132 61 93
2276 -4.822319984436035 20.03384780883789 -3.719446420669556 96 81 41 0 60 133 61 94 62 54
2277 -3.256603717803955 16.11557388305664 -5.404806137084961 74 54 18 0 60 134 61 95
2278 -7.459299087524414 19.43234062194824 -5.566253662109375 122 81 25 0 60 135 61 96 62 55 63 39 64 23
2279 -4.083930015563965 15.25755310058594 -5.695205211639404 99 75 21 0 60 136 61 97 62 56
2280 -4.906490325927734 20.7655200958252 -3.115153551101685 114 93 52 0 60 137 61 98
2281 -3.661800384521484 21.86952209472656 -4.620530605316162 120 113 109 0 60 138 61 99
2282 -5.297807216644287 18.49460983276367 -3.799039840698242 113 86 29 0 60 139 61 100 62 57 63 40
2283 -5.684179306030273 16.95060157775879 -3.806366682052612 98 76 28 0 60 140 61 101 62 58 63 41 64 24
2284 -5.226129055023193 16.97728538513184 -5.022137641906738 135 93 25 0 60 141 61 102 62 59 63 42 64 25
2285 -3.992061376571655 19.65918922424316 -6.161085605621338 74 72 33 0 60 142 123 30
2286 -0.8252193331718445 17.43645095825195 -6.004529476165771 52 38 12 0 60 143 136 20
2287 -2.241978645324707 2.201830148696899 -6.228665828704834 129 118 73 0 181 60 184 77 187 54 190 51
2288 -4.108736515045166 -0.6904236078262329 -6.341683864593506 153 137 52 0 159 17 162 38 165 36 168 34
2289 -1.12731146812439 8.3856201171875 -6.007243633270264 100 72 11 0 149 47 150 47
2290 -10.85266590118408 6.917442321777344 -4.811768531799316 122 80 13 0 92 1 93 0
2291 4.640349864959717 6.739274978637695 -5.963385581970215 97 82 21 0 153 71 155 113 158 120 161 116
2292 -8.552984237670898 15.05241775512695 -3.360399723052979 153 111 46 0 122 14 140 14
2293 -8.154967308044434 8.407290458679199 -3.829290866851807 148 125 64 0 121 13 122 15
2294 -1.599263191223145 7.609553337097168 -5.88893461227417 111 97 52 0 73 13 119 13 120 12
2295 -8.555744171142578 4.31324291229248 -5.854483604431152 121 97 45 0 76 12 77 14 78 24 79 19
2296 0.9416213631629944 18.20326805114746 -5.86556339263916 80 56 10 0 61 103 62 60
2297 0.7534716129302979 18.57199668884277 -5.764218330383301 79 55 12 0 61 104 62 61
2298 -7.342602252960205 18.58383369445801 -5.137741088867188 92 54 11 0 61 105 62 62 63 43 64 26
2299 -5.239211082458496 18.52641296386719 -3.454138040542603 40 37 13 0 61 106 62 63
2300 -1.772562623023987 13.6218376159668 -6.326778888702393 102 79 32 0 61 107 62 64
2301 -4.402856826782227 21.15097236633301 -3.611428737640381 37 51 30 0 61 108 62 65
2302 -2.975321531295776 14.8673038482666 -4.84441089630127 91 61 12 0 61 109 62 66
2303 -5.253811836242676 18.55822944641113 -3.064116239547729 41 43 14 0 61 110 62 67 63 44
2304 -5.532543182373047 17.4228572845459 -3.655847787857056 47 42 12 0 61 111 62 68
2305 -9.351594924926758 18.16559600830078 -6.372806549072266 154 113 26 0 61 112 62 69
2306 -4.791427612304688 20.28299713134766 -4.140539646148682 52 44 14 0 61 113 62 70 63 45
2307 -5.027400493621826 19.32902526855469 -4.429866790771484 33 38 12 0 61 114 62 71
2308 -1.356444597244263 14.1583080291748 -6.459586143493652 61 38 13 0 61 115 62 72
2309 -2.179399728775024 14.65682888031006 -5.929788112640381 74 46 12 0 61 116 62 73 63 46 64 27
2310 -4.583792209625244 20.75503921508789 -2.823298215866089 43 49 31 0 61 117 62 74
2311 -5.582690715789795 17.91571807861328 -3.151075124740601 39 38 13 0 61 118 62 75
2312 -4.305313587188721 19.32929039001465 -6.435232639312744 57 43 13 0 61 119 62 76
2313 -2.594717025756836 16.10013008117676 -5.066892147064209 46 33 12 0 61 120 62 77 63 47
2314 -3.540828466415405 16.06705665588379 -6.249771118164062 70 52 15 0 61 121 62 78
2315 -4.839757442474365 13.7403450012207 -5.883952140808105 99 77 19 0 61 122 62 79 64 28 66 20 67 29 122 16 123 31
2316 -3.162588596343994 16.25030708312988 -5.979983329772949 78 60 21 0 61 123 62 80 63 48
2317 -3.622800588607788 15.34528827667236 -6.379703521728516 71 52 17 0 61 124 62 81
2318 -5.501869678497314 18.10463714599609 -3.024261713027954 112 76 19 0 61 125 62 82
2319 -4.890542984008789 19.32427787780762 -4.773504257202148 112 84 34 0 61 126 62 83 63 49
2320 -5.409231662750244 14.51125907897949 -5.950076103210449 116 89 24 0 61 127 62 84 63 50 64 29 66 21 67 30 68 40 75 21 76 13 122 17
2321 -4.044337272644043 19.48722839355469 -6.190924167633057 105 95 52 0 61 128 62 85
2322 -4.807394981384277 18.30172920227051 -6.080167293548584 133 102 46 0 61 129 62 86 63 51 144 25 145 32 146 40
2323 -5.389564514160156 15.6614408493042 -5.929575443267822 120 92 33 0 61 130 62 87 123 32 148 51 149 48
2324 1.077025532722473 18.8144702911377 -5.777915477752686 99 73 22 0 61 131 62 88 63 52 137 18
2325 -9.056496620178223 19.40546035766602 -5.344644546508789 62 39 16 0 61 132 62 89
2326 -0.4838669002056122 16.00086784362793 -5.812772750854492 142 114 48 0 61 133 62 90
2327 -6.562492370605469 19.08200263977051 -4.661476135253906 122 83 25 0 61 134 62 91 63 53
2328 -6.117205619812012 20.80611610412598 -4.36298942565918 90 61 24 0 61 135 62 92
2329 -4.296591758728027 20.9416675567627 -5.206390380859375 115 93 68 0 61 136 62 93
2330 0.5567606687545776 18.22222518920898 -5.896481037139893 101 76 14 0 61 137 62 94
2331 -3.714773893356323 14.36362743377686 -5.675961017608643 107 71 17 0 61 138 62 95 63 54
2332 -1.949226975440979 14.71291446685791 -5.939386367797852 72 53 17 0 61 139 62 96
2333 -2.277619123458862 21.58432579040527 -5.899285793304443 67 66 37 0 61 140 64 30 65 26
2334 -3.844030857086182 12.07819938659668 -5.828186988830566 79 57 12 0 61 141 65 27 66 22 67 31 68 41 69 40 147 57
2335 -0.9617152214050293 17.15070724487305 -4.624935150146484 68 50 12 0 61 142 65 28
2336 -4.484709739685059 12.00433540344238 -5.829273700714111 74 51 11 0 61 143 65 29 66 23 67 32 68 42 69 41 126 8 140 15 141 19 142 15 143 22 144 26 145 33 146 41
2337 -5.440985679626465 13.91395473480225 -5.912112236022949 90 61 11 0 61 144 63 55 64 31 65 30 66 24 67 33 68 43
2338 -5.268639087677002 11.80279350280762 -5.848045825958252 107 80 21 0 61 145 65 31 66 25 67 34 68 44 69 42 126 9 140 16 141 20 142 16 143 23 144 27
2339 -0.210003525018692 17.51714324951172 -5.926350593566895 82 64 19 0 61 146 65 32
2340 -4.494210720062256 12.20698547363281 -5.812133312225342 96 74 21 0 61 147 65 33 126 10 141 21 142 17
2341 -4.592031955718994 11.83406829833984 -5.849133014678955 96 69 18 0 61 148 65 34 66 26 68 45 69 43 140 17 141 22 143 24 144 28
2342 0.1524867415428162 18.24478340148926 -5.910459995269775 95 72 17 0 61 149 65 35 66 27
2343 -2.147064208984375 16.53295516967773 -5.945382595062256 72 53 17 0 61 150 65 36
2344 -3.170063018798828 16.5965747833252 -5.769888401031494 92 68 20 0 61 151 63 56 64 32 65 37
2345 -7.578076362609863 20.74459457397461 -4.471775054931641 131 97 47 0 61 152 65 38
2346 -7.649430751800537 19.85898971557617 -4.462027549743652 157 131 62 0 61 153 64 33 65 39
2347 -4.8179612159729 12.80420684814453 -5.806360244750977 81 53 12 0 61 154 64 34 137 19
2348 0.9123386740684509 17.94136047363281 -5.870751857757568 110 80 19 0 61 155 137 20
2349 -7.015917301177979 13.88517665863037 -4.51298999786377 100 66 13 0 64 35 65 40 66 28
2350 -7.162089347839355 13.91959667205811 -4.187157154083252 101 80 22 0 64 36 65 41 66 29 67 35
2351 -3.492229700088501 15.88875389099121 -5.974739551544189 116 89 23 0 66 30 67 36
2352 -14.47170162200928 0.2491527646780014 -5.285627365112305 53 30 12 0 93 1 94 0
2353 -3.192939519882202 11.4686918258667 0.6463419198989868 130 104 50 0 152 28 154 30
2354 -2.550251483917236 12.49032402038574 -5.743154048919678 130 111 58 0 70 29 71 11
2355 -12.38810348510742 -3.006678819656372 -5.747819900512695 79 73 44 0 188 8 191 5
2356 -7.720098495483398 15.01977062225342 -3.712697505950928 139 117 66 0 124 14 127 7
2357 -1.638043999671936 20.32415962219238 -3.85454273223877 35 34 14 0 62 97 63 57
2358 -7.768445014953613 21.22103691101074 -4.958784580230713 46 27 11 0 62 98 63 58
2359 -2.156883001327515 16.41012001037598 -5.769599437713623 57 39 12 0 62 99 63 59
2360 -10.14196968078613 16.21579360961914 -6.322629451751709 127 78 14 0 62 100 63 60
2361 -0.7436949610710144 18.72863578796387 -5.964406490325928 81 61 14 0 62 101 63 61
2362 -5.609734058380127 16.18090438842773 -5.90538501739502 122 83 22 0 62 102 63 62 64 37 65 42 148 52 149 49 150 48
2363 -3.39118766784668 14.72445297241211 -5.336248874664307 86 55 13 0 62 103 63 63 64 38
2364 -4.582401275634766 21.23070335388184 -4.083534717559814 37 47 23 0 62 104 63 64
2365 -4.65589714050293 20.68854713439941 -3.606166839599609 43 43 15 0 62 105 63 65 64 39
2366 0.2937755882740021 16.59441566467285 -5.91701078414917 81 52 11 0 62 106 63 66
2367 -5.609789848327637 17.19062614440918 -3.170724868774414 44 37 14 0 62 107 63 67
2368 -5.819796562194824 16.53271865844727 -3.365471363067627 43 39 11 0 62 108 63 68
2369 -0.8274111747741699 16.71460151672363 -4.801545143127441 75 47 10 0 62 109 63 69
2370 -4.991953372955322 13.5765438079834 -5.980415821075439 95 65 11 0 62 110 63 70 64 40 65 43
2371 -5.38503360748291 17.94517517089844 -2.944516897201538 43 41 12 0 62 111 63 71 64 41
2372 -5.393770217895508 13.99038410186768 -5.952976226806641 81 54 11 0 62 112 63 72
2373 -4.679969310760498 20.86841201782227 -3.538291454315186 33 45 20 0 62 113 63 73
2374 -5.789009571075439 16.68287658691406 -3.427399158477783 49 42 12 0 62 114 63 74
2375 -5.566198348999023 19.54644203186035 -4.056551456451416 41 43 16 0 62 115 63 75 64 42
2376 -4.783174991607666 20.36838150024414 -2.913698196411133 53 44 17 0 62 116 63 76
2377 -8.499630928039551 16.58831405639648 -5.90570068359375 122 76 13 0 62 117 63 77 64 43
2378 -0.8006134629249573 21.12919235229492 -6.097132205963135 31 29 13 0 62 118 63 78
2379 -5.609690189361572 17.13485145568848 -3.424822330474854 45 40 12 0 62 119 63 79
2380 -5.038435935974121 18.93441581726074 -3.780656337738037 35 38 14 0 62 120 63 80
2381 -8.16248893737793 17.39218330383301 -5.590792179107666 103 59 11 0 62 121 63 81
2382 -6.007444381713867 15.28555583953857 -5.186066627502441 150 105 21 0 62 122 63 82
2383 -7.527184963226318 21.2977237701416 -5.050300598144531 38 23 11 0 62 123 63 83
2384 -2.008744716644287 12.89615058898926 -5.720617294311523 114 79 11 0 62 124 63 84 64 44
2385 -1.569340944290161 19.52547454833984 -5.865064144134521 83 69 26 0 62 125 63 85 64 45 65 44
2386 -5.71583366394043 16.5167407989502 -2.981555223464966 55 50 18 0 62 126 63 86
2387 -4.843849182128906 19.99954032897949 -3.232877016067505 49 53 24 0 62 127 63 87
2388 -4.465514183044434 21.46567726135254 -4.148961067199707 43 59 38 0 62 128 63 88
2389 -5.654902458190918 16.2924976348877 -4.784950733184814 138 98 23 0 62 129 63 89
2390 -1.687233090400696 18.07878875732422 -6.085875034332275 68 55 19 0 62 130 63 90 136 21
2391 -5.818823337554932 16.30838012695312 -3.866071462631226 116 87 24 0 62 131 63 91 64 46
2392 -4.190165042877197 23.53143310546875 -6.59800386428833 205 213 222 0 62 132 63 92
2393 0.9164970517158508 18.07195472717285 -5.931298732757568 102 76 24 0 62 133 63 93
2394 -6.777133941650391 15.8845157623291 -5.118999004364014 96 75 25 0 62 134 63 94
2395 -1.021816849708557 20.719482421875 -6.064393997192383 44 41 21 0 62 135 63 95
2396 -10.84664440155029 15.67856884002686 -7.144943237304688 128 81 18 0 62 136 63 96
2397 -1.698983907699585 15.17120742797852 -5.605265617370605 61 45 16 0 62 137 63 97
2398 -2.155672073364258 16.77170944213867 -5.681041717529297 77 57 17 0 62 138 63 98
2399 -11.33945846557617 14.53941631317139 -7.854029655456543 111 64 15 0 62 139 63 99
2400 -0.9838713407516479 16.77904510498047 -5.80472993850708 64 47 17 0 62 140 63 100
2401 -4.771571159362793 20.7442512512207 -4.232071399688721 81 61 32 0 62 141 63 101
2402 -8.455258369445801 17.06377983093262 -5.482347011566162 131 83 19 0 62 142 63 102
2403 -4.840639591217041 20.73257637023926 -3.916750192642212 92 63 31 0 62 143 63 103
2404 -3.86060905456543 15.70561027526855 -6.000729084014893 84 59 16 0 62 144 63 104 136 22 137 21
2405 -4.796736717224121 20.51672554016113 -4.163602828979492 87 63 32 0 62 145 63 105
2406 -4.653026580810547 20.3732967376709 -4.248429298400879 95 72 42 0 62 146 63 106
2407 -5.556272029876709 17.21175575256348 -3.713247060775757 110 82 28 0 62 147 63 107
2408 -5.555483818054199 16.97746658325195 -4.938723564147949 115 80 23 0 62 148 63 108
2409 -5.086618900299072 18.52830123901367 -5.315017223358154 122 94 32 0 62 149 63 109
2410 -4.145512104034424 15.33897972106934 -6.019353866577148 68 49 11 0 62 150 136 23
2411 -4.998905658721924 15.08689212799072 -5.88559103012085 69 57 14 0 62 151 124 15
2412 -1.224790692329407 19.54081153869629 -6.040909290313721 57 49 13 0 62 152 67 37 131 6 132 7 135 14 136 24
2413 -3.426172256469727 23.22975540161133 -5.634967803955078 158 168 181 0 62 153 136 25
2414 -3.664058208465576 23.25558662414551 -4.918166160583496 197 206 217 0 62 154 136 26
2415 -6.485182285308838 12.31405067443848 -6.256230354309082 145 116 55 0 68 46 69 44
2416 -4.127847194671631 12.12443256378174 -5.548628330230713 72 52 13 0 68 47 69 45
2417 5.037714004516602 6.506526947021484 2.011501312255859 138 130 97 0 186 53 189 34
2418 -3.470453262329102 15.72590255737305 -6.014971733093262 93 71 15 0 63 110 64 47
2419 -1.579264163970947 19.72089767456055 -5.467757701873779 73 58 14 0 63 111 64 48 65 45
2420 -7.080583572387695 13.81114673614502 -5.881053447723389 131 90 20 0 63 112 64 49 65 46 66 31 67 38 68 48 149 50
2421 -9.134493827819824 15.8925838470459 -6.454332828521729 136 101 44 0 63 113 64 50
2422 -5.559914112091064 17.13765907287598 -4.697723865509033 57 45 14 0 63 114 64 51 65 47
2423 0.316162645816803 17.193603515625 -6.0106201171875 90 57 12 0 63 115 64 52 65 48
2424 -4.712073802947998 17.2393627166748 -5.659675598144531 59 42 12 0 63 116 64 53
2425 -5.700238704681396 20.14321708679199 -4.220924377441406 43 40 11 0 63 117 64 54
2426 -7.919424533843994 13.87115001678467 -5.779739856719971 110 61 11 0 63 118 64 55 65 49 66 32
2427 -5.610814571380615 16.71527099609375 -3.577933788299561 48 42 13 0 63 119 64 56
2428 -1.360156059265137 20.45443344116211 -3.593328714370728 67 51 12 0 63 120 64 57
2429 -5.85474967956543 16.08146286010742 -3.387988805770874 55 44 14 0 63 121 64 58
2430 -0.8698492050170898 20.3789176940918 -4.003087043762207 96 84 61 0 63 122 64 59
2431 -8.247538566589355 15.72384262084961 -5.64292049407959 108 59 13 0 63 123 64 60
2432 -5.598318099975586 16.74989700317383 -4.097209930419922 42 37 12 0 63 124 64 61 65 50
2433 -2.23599100112915 13.15826797485352 -5.846508979797363 104 71 10 0 63 125 64 62 65 51 66 33 67 39 126 11 139 12 140 18 141 23 142 18 143 25
2434 -1.716795086860657 20.85535621643066 -5.108033657073975 44 34 19 0 63 126 64 63
2435 -1.639258623123169 15.38540267944336 -4.092806816101074 185 126 10 0 63 127 64 64
2436 -6.778512477874756 14.92410087585449 -4.924153804779053 123 76 14 0 63 128 64 65
2437 -5.328677177429199 18.01089096069336 -3.316184997558594 49 38 11 0 63 129 64 66
2438 -0.6335431933403015 20.68398475646973 -6.008754253387451 38 33 12 0 63 130 64 67 65 52 66 34 67 40 137 22
2439 -7.934536457061768 19.39108085632324 -4.819201469421387 50 26 12 0 63 131 64 68 65 53
2440 -4.050106525421143 13.2109956741333 -5.981198310852051 108 80 17 0 63 132 64 69
2441 -4.312126636505127 15.1732120513916 -5.900867938995361 96 76 22 0 63 133 64 70 151 62
2442 -5.887436389923096 13.52260875701904 -5.583775043487549 151 106 20 0 63 134 64 71
2443 -5.231060028076172 19.17079162597656 -3.757739305496216 88 75 33 0 63 135 64 72
2444 -6.186726570129395 14.86668682098389 -8.86591625213623 137 92 17 0 63 136 64 73
2445 -8.525422096252441 16.96788597106934 -5.904405117034912 127 79 17 0 63 137 64 74
2446 -5.75294303894043 16.20470428466797 -3.618506193161011 114 86 26 0 63 138 64 75
2447 -7.134995460510254 21.50077056884766 -6.058150768280029 103 67 24 0 63 139 64 76 65 54
2448 -8.289551734924316 19.82553100585938 -6.040472984313965 120 74 23 0 63 140 64 77
2449 -8.171401977539062 19.77385139465332 -6.132461071014404 122 76 23 0 63 141 64 78
2450 -4.560091018676758 20.79810333251953 -3.698565006256104 69 68 36 0 63 142 64 79
2451 -6.974161624908447 12.92107963562012 -6.13139009475708 140 93 16 0 63 143 64 80
2452 -8.659078598022461 15.90138339996338 -5.728448390960693 127 79 17 0 63 144 64 81
2453 -2.822659015655518 13.5419979095459 -5.845527172088623 106 88 24 0 63 145 72 16 123 33 124 16
2454 -1.117798447608948 17.46336555480957 -5.977019309997559 67 50 12 0 63 146 132 8 133 6 137 23
2455 -0.9809688925743103 16.70178985595703 -5.227850914001465 83 53 21 0 63 147 137 24
2456 -7.556676387786865 4.297303676605225 -5.929377555847168 104 71 11 0 75 22 76 14 77 15
2457 -1.620323896408081 14.70815086364746 -5.742275238037109 111 74 20 0 138 16 139 13
2458 -1.093167543411255 16.80441284179688 -6.201762676239014 80 60 28 0 135 15 136 27
2459 -0.7454676032066345 17.46543121337891 -5.707779407501221 97 76 47 0 136 28 137 25
2460 -2.086260795593262 21.57494354248047 -5.719316005706787 52 54 30 0 64 82 65 55
2461 -3.894205808639526 12.83252716064453 -5.887483596801758 89 65 12 0 64 83 65 56 153 72
2462 0.01598435081541538 17.12919998168945 -5.955732822418213 84 55 11 0 64 84 65 57
2463 -2.661036968231201 20.61604309082031 -5.807315826416016 69 62 22 0 64 85 65 58
2464 -2.538613319396973 12.95728874206543 -5.824164390563965 115 80 13 0 64 86 65 59
2465 -6.061128616333008 16.23419761657715 -3.412057876586914 57 46 13 0 64 87 65 60
2466 -2.421584129333496 13.17304515838623 -5.885932922363281 99 74 13 0 64 88 65 61 146 42 147 58
2467 -1.41502857208252 16.76407432556152 -5.099087238311768 55 39 11 0 64 89 65 62 130 3 136 29 137 26
2468 -1.96763002872467 20.75572776794434 -5.55361795425415 69 61 23 0 64 90 65 63
2469 -3.701949596405029 15.34655666351318 -5.593899250030518 84 52 12 0 64 91 65 64
2470 -5.51757287979126 17.45769500732422 -5.118038177490234 43 41 12 0 64 92 65 65
2471 -2.159051418304443 14.00161838531494 -4.755136966705322 104 63 11 0 64 93 65 66
2472 -3.185285568237305 13.29249668121338 -5.788187503814697 107 76 15 0 64 94 65 67 66 35 141 24
2473 -4.29926872253418 12.58861351013184 -5.890079975128174 73 57 11 0 64 95 65 68 153 73 155 114 158 121
2474 -5.609000682830811 17.05045700073242 -4.351313591003418 44 41 12 0 64 96 65 69
2475 -6.814130306243896 13.89121627807617 -6.361211776733398 154 106 15 0 64 97 65 70
2476 -7.114143371582031 21.0118408203125 -5.773375988006592 88 54 20 0 64 98 65 71
2477 -5.945916652679443 16.10270309448242 -4.677306175231934 52 46 13 0 64 99 65 72
2478 -3.536526679992676 16.22482299804688 -5.799171924591064 83 58 17 0 64 100 65 73
2479 -0.9856312870979309 19.0332202911377 -5.892983436584473 80 63 18 0 64 101 65 74
2480 -2.079281091690063 14.0580530166626 -5.805930614471436 115 82 22 0 64 102 65 75
2481 -7.832577705383301 14.08201885223389 -5.389665126800537 129 73 15 0 64 103 65 76
2482 -5.965807914733887 15.69592380523682 -3.910071611404419 153 103 17 0 64 104 65 77
2483 -7.725975513458252 12.52318859100342 -6.173998355865479 135 87 15 0 64 105 65 78
2484 -2.609184980392456 13.82325077056885 -5.819698810577393 124 90 19 0 64 106 65 79
2485 -6.761326313018799 21.44086456298828 -5.564444541931152 88 59 24 0 64 107 65 80
2486 -5.613295555114746 16.90484809875488 -5.0096755027771 113 84 26 0 64 108 65 81
2487 -1.671252489089966 20.19667434692383 -6.059257030487061 89 76 29 0 64 109 65 82 66 36 67 41 68 49 131 7 132 9 133 7 135 16 136 30 137 27
2488 -1.55694043636322 22.0133056640625 -5.546428203582764 176 183 193 0 64 110 65 83
2489 -5.58063793182373 12.14960479736328 -5.914198875427246 82 62 12 0 64 111 122 18
2490 -4.23173189163208 13.533371925354 -5.894541263580322 107 85 21 0 64 112 122 19
2491 -3.634088277816772 16.32049942016602 -5.985203266143799 74 53 11 0 64 113 126 12 129 7 131 8 133 8 134 8 137 28 138 17 139 14 140 19
2492 0.458860456943512 17.60522651672363 -5.999471664428711 107 74 21 0 64 114 137 29
2493 -6.217992305755615 1.704346895217896 -5.631016731262207 93 67 19 0 86 9 87 4 88 6
2494 -14.41568183898926 2.230133771896362 -6.333366394042969 95 74 32 0 85 16 86 10 110 10 111 12
2495 -5.645456314086914 2.891948938369751 -5.285475254058838 151 122 45 0 83 10 111 13
2496 -14.17181587219238 1.748547673225403 -5.542553424835205 75 61 25 0 85 17 110 11 111 14 112 7 113 5
2497 -9.404467582702637 4.486995220184326 -3.828023672103882 150 123 46 0 110 12 111 15
2498 -2.36484694480896 13.93221950531006 -5.875635623931885 101 67 11 0 65 84 66 37
2499 -3.666008710861206 15.46983242034912 -4.463348388671875 87 54 11 0 65 85 66 38
2500 -1.1257483959198 17.50540542602539 -5.909431457519531 57 44 12 0 65 86 66 39
2501 -0.583794116973877 17.6391716003418 -5.977579593658447 62 44 11 0 65 87 66 40
2502 -1.441920280456543 20.97843933105469 -5.469455242156982 65 40 17 0 65 88 66 41
2503 -5.686941146850586 16.60563087463379 -5.095024585723877 52 45 12 0 65 89 66 42
2504 -3.531440019607544 14.33997821807861 -5.873122215270996 77 58 15 0 65 90 66 43 67 42 68 50 69 46 70 30 71 12 72 17 73 14 74 15 75 23 76 15 119 14 120 13 121 14 122 20 123 34 124 17 125 11 127 8 128 5 129 8 136 31 137 30 138 18 139 15 140 20 141 25 142 19 143 26 144 29 145 34 146 43
2505 -1.587309718132019 19.81243133544922 -6.338634490966797 74 56 12 0 65 91 66 44 141 26
2506 0.208733007311821 17.89295196533203 -5.920075416564941 88 63 10 0 65 92 66 45
2507 -7.706782341003418 19.90645790100098 -5.177540302276611 102 58 12 0 65 93 66 46
2508 -1.974162220954895 15.57428646087646 -5.747601509094238 70 43 13 0 65 94 66 47
2509 -5.463733196258545 17.73563575744629 -3.429550170898438 45 41 11 0 65 95 66 48
2510 -2.244508028030396 14.48922157287598 -5.719917774200439 74 48 12 0 65 96 66 49
2511 -0.9631070494651794 19.68059539794922 -4.78523588180542 118 92 52 0 65 97 66 50
2512 -5.697988510131836 16.76979827880859 -3.688072443008423 50 40 13 0 65 98 66 51
2513 -5.67100715637207 16.94985008239746 -3.393293857574463 41 37 11 0 65 99 66 52
2514 -2.059441566467285 15.07384395599365 -5.799235820770264 68 44 11 0 65 100 66 53
2515 -7.449403762817383 14.35860729217529 -5.951216220855713 133 90 21 0 65 101 66 54 67 43
2516 -4.878165721893311 12.89276695251465 -5.880267143249512 108 85 25 0 65 102 66 55 67 44 68 51 120 14
2517 -0.9793666005134583 20.85066604614258 -6.147993087768555 57 49 23 0 65 103 66 56
2518 0.8785872459411621 18.98617362976074 -6.009088039398193 121 91 21 0 65 104 66 57
2519 -5.532031536102295 11.70989894866943 -5.88812780380249 104 74 18 0 65 105 66 58 67 45 68 52 69 47
2520 -6.145595073699951 17.35305976867676 -5.035790920257568 125 97 37 0 65 106 66 59
2521 -7.72689962387085 14.84979724884033 -4.737208366394043 144 84 14 0 65 107 66 60
2522 -2.318842649459839 19.78341484069824 -5.99638843536377 91 76 25 0 65 108 66 61 67 46
2523 -1.802161693572998 15.66991806030273 -5.751237869262695 71 55 17 0 65 109 66 62 67 47 68 53 145 35
2524 -5.694479465484619 16.43004989624023 -4.500449657440186 86 64 23 0 65 110 66 63
2525 -2.216201543807983 15.22686862945557 -5.70717191696167 129 84 14 0 65 111 66 64
2526 -5.405664920806885 18.28073501586914 -4.557942867279053 139 99 39 0 65 112 66 65
2527 -5.541900157928467 16.51159858703613 -5.334578514099121 146 101 26 0 65 113 66 66
2528 -7.631615161895752 14.62471866607666 -4.816554546356201 135 78 13 0 65 114 66 67 67 48
2529 -1.689050078392029 13.69406509399414 -5.442450046539307 189 134 16 0 65 115 66 68
2530 -6.492287158966064 12.22454071044922 -5.976358890533447 136 99 25 0 65 116 121 15
2531 -5.514778614044189 12.87320232391357 -5.906092166900635 70 51 11 0 65 117 118 11 141 27 142 20 143 27 144 30
2532 -2.091461181640625 21.64207649230957 -6.529191017150879 90 85 44 0 65 118 141 28
2533 -2.063172340393066 20.2374324798584 -6.341182708740234 96 81 27 0 65 119 141 29
2534 -6.553573131561279 13.31936550140381 -5.886007308959961 139 101 31 0 65 120 152 29
2535 -6.617465019226074 12.45566082000732 -5.849958896636963 138 99 28 0 65 121 152 30
2536 -1.568544745445251 15.69430160522461 -4.050567626953125 177 127 24 0 65 122 153 74
2537 -3.796902418136597 9.249950408935547 -6.854331493377686 193 140 10 0 69 48 70 31
2538 4.342265129089355 8.863896369934082 -5.92385196685791 152 129 42 0 150 49 151 63
2539 2.029112100601196 15.93031215667725 -5.790290832519531 128 114 50 0 149 51 150 50 151 64
2540 -4.528478622436523 16.22176742553711 1.85232949256897 159 135 62 0 154 31 157 25
2541 2.314849376678467 12.30209159851074 -5.861154556274414 96 75 11 0 150 51 151 65 153 75
2542 -8.150956153869629 16.49596405029297 -2.811949729919434 140 101 37 0 157 26 160 25
2543 -3.547116041183472 11.97962474822998 -5.923932552337646 82 55 13 0 66 69 67 49
2544 -4.465977668762207 11.52294540405273 -5.746312618255615 83 54 11 0 66 70 67 50
2545 -2.445278644561768 12.18049716949463 -5.879651069641113 125 93 12 0 66 71 67 51 68 54
2546 -2.218987703323364 14.40111351013184 -4.384190559387207 87 55 11 0 66 72 67 52
2547 -5.058445930480957 11.6516752243042 -5.889778137207031 84 57 10 0 66 73 67 53 68 55 143 28 144 31
2548 -7.492412567138672 12.04760932922363 -4.870375156402588 138 93 12 0 66 74 67 54
2549 -7.834310054779053 11.38833618164062 -6.20693302154541 160 112 14 0 66 75 67 55
2550 -8.097454071044922 19.89901733398438 -5.101509094238281 55 25 12 0 66 76 67 56
2551 -2.001172304153442 20.84422492980957 -6.135173320770264 67 58 19 0 66 77 67 57
2552 -1.836469531059265 16.27756118774414 -4.216421604156494 66 45 12 0 66 78 67 58 144 32
2553 -2.845531940460205 11.96768188476562 -5.765301704406738 103 79 21 0 66 79 67 59 142 21 143 29 144 33
2554 -4.064754486083984 21.82759857177734 -5.862084865570068 124 106 79 0 66 80 67 60
2555 -4.136528015136719 12.0386905670166 -5.884997844696045 82 60 13 0 66 81 67 61 142 22 143 30 144 34
2556 -4.793875694274902 11.5408935546875 -5.886329650878906 71 47 12 0 66 82 67 62 68 56
2557 -5.140533924102783 11.43182754516602 -5.92518424987793 88 58 11 0 66 83 67 63 68 57
2558 -6.950108528137207 12.45036697387695 -5.125072956085205 162 114 19 0 66 84 67 64
2559 -5.933921813964844 11.76816558837891 -5.945131778717041 114 82 20 0 66 85 67 65 68 58
2560 -3.058580636978149 14.66945648193359 -5.850919723510742 95 75 22 0 66 86 67 66 68 59 69 49 70 32 72 18 73 15 75 24 119 15 121 16 122 21 123 35 124 18 140 21 141 30 142 23 144 35 145 36 163 38
2561 -7.760653018951416 14.50973033905029 -5.50588321685791 130 75 15 0 66 87 67 67
2562 -5.857146263122559 11.22451210021973 -5.972036361694336 108 73 19 0 66 88 67 68
2563 -3.924935102462769 21.18670654296875 -5.464376449584961 128 116 91 0 66 89 67 69
2564 -4.438917636871338 14.45154285430908 -5.91913890838623 100 80 21 0 66 90 67 70 68 60 73 16 74 16 75 25 76 16 119 16 120 15 141 31 143 31
2565 -8.679468154907227 19.74809646606445 -5.087857723236084 76 46 16 0 66 91 67 71
2566 -8.032949447631836 19.80790519714355 -5.233560562133789 103 71 30 0 66 92 67 72 68 61
2567 -1.742734313011169 16.36703300476074 -4.11536169052124 165 117 23 0 66 93 67 73
2568 -7.568813800811768 14.20254325866699 -5.782857894897461 125 80 19 0 66 94 67 74
2569 0.5721002221107483 18.85191917419434 -5.859389305114746 114 91 23 0 66 95 67 75
2570 -4.561686038970947 12.89967346191406 -5.878445625305176 85 61 11 0 66 96 68 62 141 32
2571 -4.137650012969971 12.17348480224609 -5.878880023956299 84 60 11 0 66 97 68 63 69 50 126 13 139 16 140 22 141 33
2572 -3.073039293289185 14.88363170623779 -4.611320495605469 78 51 10 0 66 98 141 34 142 24
2573 -3.91618800163269 15.68964195251465 -6.00911283493042 95 67 18 0 66 99 141 35 142 25
2574 -4.31244945526123 15.18810081481934 -5.998153209686279 108 78 20 0 66 100 141 36
2575 -4.932817935943604 15.16685104370117 -5.799441814422607 95 78 16 0 146 44 147 59
2576 -11.70128536224365 2.822158098220825 -3.538958549499512 156 115 21 0 83 11 109 10 110 13 111 16
2577 -4.533915042877197 17.28734970092773 -5.971331119537354 140 113 45 0 140 23 141 37
2578 -10.34862518310547 6.676109313964844 -3.605922937393188 152 108 26 0 117 12 118 12
2579 -3.425685167312622 5.854369640350342 -5.78886890411377 116 82 16 0 79 20 115 9
2580 -0.868080735206604 11.26875591278076 -5.836509704589844 116 82 8 0 67 76 68 64
2581 -5.219374656677246 12.4185209274292 -5.888082504272461 80 61 12 0 67 77 68 65 120 16
2582 -0.626832902431488 11.3942289352417 -5.872292518615723 114 81 8 0 67 78 68 66 69 51
2583 -7.146737098693848 13.21599197387695 -4.083866119384766 64 48 11 0 67 79 68 67 69 52
2584 -4.274703502655029 12.6894359588623 -5.94069242477417 73 53 11 0 67 80 68 68
2585 -4.636495113372803 11.94197940826416 -5.905108451843262 73 52 11 0 67 81 68 69 69 53
2586 -7.037856578826904 14.0551118850708 -6.325188159942627 146 103 20 0 67 82 68 70
2587 -6.945137977600098 12.6847448348999 -6.416072845458984 135 93 19 0 67 83 68 71 69 54 144 36
2588 -8.203529357910156 19.01094055175781 -6.351068496704102 104 62 14 0 67 84 68 72
2589 -1.963904500007629 16.34710693359375 -5.372275352478027 62 48 14 0 67 85 68 73 69 55 143 32 144 37 145 37
2590 -1.333205342292786 20.19175910949707 -6.218918323516846 80 67 18 0 67 86 68 74
2591 -0.2069591283798218 19.68294143676758 -5.181944847106934 157 125 33 0 67 87 68 75
2592 -8.281180381774902 19.67881774902344 -5.208542346954346 55 26 11 0 67 88 68 76
2593 -2.796717882156372 16.19853401184082 -4.79318380355835 63 46 11 0 67 89 68 77
2594 -4.050278186798096 13.93612003326416 -5.88566780090332 98 78 24 0 67 90 68 78 120 17 136 32 143 33 150 52
2595 -3.22728157043457 14.11947059631348 -5.786205291748047 98 72 19 0 67 91 68 79
2596 -3.461182832717896 11.93976402282715 -5.851325988769531 103 78 21 0 67 92 68 80
2597 -3.68581485748291 14.76670837402344 -5.940615653991699 105 76 16 0 67 93 68 81
2598 -0.9728547930717468 19.50366020202637 -5.535772323608398 119 102 48 0 67 94 68 82
2599 -5.750287532806396 13.14128398895264 -5.785901546478271 107 80 20 0 67 95 68 83 69 56
2600 -2.464171409606934 14.13980197906494 -5.820071697235107 101 81 22 0 67 96 68 84 69 57 70 33 71 13 72 19 73 17 74 17 122 22 123 36 124 19 125 12 126 14 140 24 141 38 142 26 145 38 146 45
2601 -4.473094940185547 12.13214111328125 -5.938076496124268 91 69 20 0 67 97 68 85 69 58 144 38
2602 -0.5095133781433105 12.01611232757568 -5.80800199508667 147 117 13 0 67 98 68 86 69 59
2603 -7.712319850921631 19.17789077758789 -5.241693019866943 169 132 41 0 67 99 68 87
2604 -0.398198664188385 12.7108907699585 -5.879494667053223 139 117 20 0 67 100 68 88 144 39 145 39 146 46 147 60 148 53 149 52
2605 -3.950529336929321 13.77292919158936 -5.895582675933838 75 60 12 0 67 101 71 14 72 20 121 17 122 23
2606 -14.06961345672607 4.808842658996582 -4.698986530303955 117 94 31 0 88 7 89 5 90 4 107 3 108 7
2607 -3.636102437973022 9.896413803100586 -6.663939952850342 185 132 10 0 69 60 70 34
2608 -9.692817687988281 17.44541931152344 -5.534777164459229 143 112 20 0 68 89 69 61
2609 -2.183044910430908 14.3767204284668 -4.286400318145752 184 154 74 0 69 62 70 35 71 15
2610 -0.886682391166687 10.00801563262939 -6.068541049957275 140 115 16 0 145 40 146 47
2611 -7.949214458465576 15.63150501251221 -6.135671138763428 130 95 25 0 146 48 147 61
2612 -1.639088988304138 4.267461776733398 2.083095788955688 179 154 69 0 159 18 162 39
2613 -8.771513938903809 8.858016014099121 -6.338669776916504 126 85 15 0 69 63 70 36
2614 -4.944621086120605 8.711894989013672 -5.852219104766846 125 111 33 0 73 18 74 18 75 26 76 17 77 16 78 25 79 21 80 11 81 8 82 9 98 4 99 3 114 7 115 10 116 10 117 13 118 13 119 17 120 18 170 99 173 134
2615 -7.210553646087646 2.877527713775635 -6.119110107421875 87 75 27 0 86 11 87 5 88 8 89 6 90 5 91 3 105 1 106 1 107 4 108 8 109 11 110 14 111 17
2616 -8.547881126403809 -1.204643249511719 -6.188240528106689 126 102 29 0 108 9 109 12 110 15
2617 -2.594801187515259 14.27033710479736 -5.816982269287109 72 55 11 0 68 90 69 64 122 24 145 41
2618 -1.246870756149292 10.61154747009277 -5.86411714553833 123 94 11 0 68 91 69 65
2619 -3.037855863571167 12.00345230102539 -5.688304901123047 83 61 12 0 68 92 69 66
2620 -6.495886325836182 10.4802885055542 -6.06480598449707 94 65 11 0 68 93 69 67
2621 -3.612575769424438 14.06114482879639 -5.810698986053467 69 53 12 0 68 94 69 68
2622 -7.2247633934021 13.07705211639404 -3.677718877792358 51 42 14 0 68 95 69 69 70 37
2623 -11.40915393829346 18.31722831726074 -7.189229011535645 113 71 15 0 68 96 69 70
2624 -5.624916553497314 12.93266296386719 -5.811887741088867 67 49 11 0 68 97 69 71
2625 -6.921390056610107 13.74451732635498 -3.614409208297729 50 37 13 0 68 98 69 72
2626 -7.139796257019043 10.6685619354248 -6.352499485015869 163 122 23 0 68 99 69 73
2627 -7.354328632354736 13.27223205566406 -3.97688102722168 45 35 13 0 68 100 69 74
2628 -9.482088088989258 18.13604927062988 -5.55956506729126 62 34 10 0 68 101 69 75
2629 -2.247944355010986 18.72042083740234 -6.319250583648682 70 58 12 0 68 102 69 76
2630 -8.528818130493164 17.38865661621094 -6.097753524780273 102 65 16 0 68 103 69 77
2631 -10.16443634033203 18.13910293579102 -6.072729110717773 86 49 11 0 68 104 69 78
2632 -2.54690408706665 14.97829532623291 -5.841148853302002 80 65 21 0 68 105 69 79 70 38 71 16 72 21 73 19 74 19 121 18 122 25
2633 -0.05420182645320892 12.51059818267822 -6.203722476959229 153 121 20 0 68 106 69 80 141 39 142 27
2634 -3.42157244682312 15.2218132019043 -4.794255256652832 106 75 18 0 68 107 69 81
2635 -5.563405513763428 11.36740112304688 -5.015088081359863 108 73 21 0 68 108 69 82
2636 0.1969728171825409 21.13198852539062 -7.06464672088623 138 112 33 0 68 109 69 83
2637 -7.558364868164062 12.95192718505859 -3.733242034912109 109 101 31 0 68 110 69 84
2638 -9.825063705444336 18.12686729431152 -5.570003032684326 125 72 21 0 68 111 69 85
2639 1.273371815681458 19.59210205078125 -6.804134845733643 118 95 24 0 68 112 69 86
2640 -7.767053604125977 17.89369010925293 -4.929920673370361 151 114 33 0 68 113 69 87
2641 -2.34349799156189 14.27697467803955 -3.948441982269287 186 140 17 0 68 114 69 88 145 42 146 49
2642 -4.350887775421143 11.79178905487061 -4.337921142578125 86 59 15 0 68 115 69 89 145 43
2643 -8.580484390258789 17.93892669677734 -5.849866390228271 105 68 22 0 68 116 69 90 145 44
2644 -4.155714511871338 12.02148532867432 -4.710848808288574 108 76 18 0 68 117 69 91 144 40 145 45
2645 -2.64384937286377 20.54177856445312 -6.158268928527832 97 84 35 0 68 118 141 40
2646 -3.337569952011108 14.69153690338135 -5.913795471191406 100 80 22 0 68 119 119 18 127 9 141 41
2647 -3.040682554244995 15.47644233703613 -4.740728378295898 120 84 12 0 68 120 145 46
2648 -0.5606858730316162 11.12888431549072 -6.135928153991699 122 93 13 0 68 121 145 47
2649 -7.81466007232666 16.59141731262207 -6.147406578063965 121 87 32 0 68 122 70 39 145 48
2650 -8.460769653320312 12.87501525878906 -4.837787628173828 49 39 12 0 68 123 145 49
2651 -0.8594009876251221 13.43259525299072 -5.800620555877686 95 63 11 0 68 124 143 34 144 41 145 50
2652 -8.786213874816895 11.54836940765381 -8.857192039489746 116 77 12 0 68 125 145 51
2653 -8.564764022827148 16.85879707336426 -4.665353298187256 106 68 16 0 68 126 145 52
2654 -2.334629058837891 14.49691963195801 -4.242674350738525 80 57 12 0 68 127 143 35 144 42 145 53
2655 -9.013039588928223 16.82999420166016 -4.818345546722412 110 71 15 0 68 128 145 54
2656 -2.466112613677979 14.94594287872314 -4.865411758422852 66 46 11 0 68 129 144 43 145 55
2657 -6.560024738311768 8.95001220703125 -8.608860969543457 72 47 10 0 68 130 145 56
2658 -6.939159870147705 10.46324348449707 -8.827468872070312 95 66 12 0 68 131 145 57
2659 -8.063883781433105 16.58566474914551 -5.037373065948486 121 83 25 0 68 132 145 58
2660 -5.659813404083252 10.33837890625 -7.578280925750732 81 59 16 0 68 133 145 59
2661 -4.425745010375977 11.42326164245605 -6.527667045593262 86 65 16 0 68 134 145 60
2662 -7.418615818023682 17.42704391479492 -5.417520999908447 113 79 30 0 68 135 145 61
2663 -7.801190853118896 17.35519027709961 -5.370949268341064 110 74 24 0 68 136 145 62
2664 -3.312918186187744 12.14016056060791 -4.017107009887695 114 86 15 0 68 137 145 63
2665 -2.289934396743774 10.74966049194336 -5.842735767364502 130 106 21 0 68 138 145 64 146 50
2666 -3.384923458099365 11.8005256652832 -4.983550548553467 117 84 17 0 68 139 143 36 144 44 145 65
2667 -3.153847932815552 7.901248931884766 -8.59184741973877 194 146 13 0 70 40 71 17
2668 -5.051703453063965 10.53893184661865 -3.379962921142578 168 122 14 0 71 18 72 22
2669 -7.131810665130615 15.62243366241455 -6.115994453430176 169 132 47 0 140 25 141 42
2670 -7.366181373596191 20.77383804321289 -5.153672218322754 167 141 63 0 125 13 128 6
2671 -3.463629007339478 9.622720718383789 -6.07695484161377 134 112 36 0 80 12 81 9
2672 -2.721211910247803 18.84199523925781 -6.243389129638672 77 66 16 0 69 92 70 41
2673 0.04505116492509842 13.41776657104492 -5.992302894592285 102 73 9 0 69 93 70 42
2674 -5.977420806884766 10.83497619628906 -4.607766151428223 96 69 10 0 69 94 70 43
2675 -2.033895492553711 15.12206172943115 -5.905604362487793 57 46 11 0 69 95 70 44 71 19 72 23 73 20
2676 0.07578634470701218 12.47741413116455 -5.885592937469482 129 108 16 0 69 96 70 45 167 99 170 100
2677 -1.752840757369995 13.60388278961182 -5.703514575958252 71 53 10 0 69 97 70 46 71 20 72 24 73 21 74 20
2678 -0.4594009518623352 17.73301315307617 -6.085649013519287 68 50 9 0 69 98 70 47
2679 -8.563886642456055 10.90995407104492 -6.515853404998779 145 105 16 0 69 99 70 48
2680 -8.501026153564453 11.37418174743652 -5.738690853118896 135 92 14 0 69 100 70 49
2681 0.4803673326969147 9.481965065002441 -5.835763454437256 146 123 25 0 69 101 70 50
2682 -8.067448616027832 8.412201881408691 -6.571092128753662 159 127 40 0 69 102 70 51
2683 -8.744790077209473 10.73023223876953 -6.410540103912354 147 105 20 0 69 103 70 52
2684 -2.116271257400513 20.47096633911133 -6.684547901153564 92 86 35 0 69 104 70 53
2685 -7.368971824645996 12.0983943939209 -4.89845609664917 144 106 20 0 69 105 70 54
2686 -5.179423809051514 12.0463695526123 -5.880667686462402 94 73 20 0 69 106 70 55
2687 -4.882046699523926 11.70787525177002 -4.018401145935059 170 119 12 0 69 107 70 56
2688 -8.101279258728027 18.65659332275391 -7.164015769958496 116 82 30 0 69 108 70 57
2689 -6.351048469543457 10.24529075622559 -5.990138530731201 116 92 16 0 69 109 70 58 71 21
2690 -0.3251632153987885 9.469686508178711 -6.000358581542969 141 115 20 0 69 110 70 59
2691 -31.41194915771484 5.657069206237793 -66.01144409179688 120 86 18 0 69 111 75 27
2692 -5.149552822113037 1.002728581428528 -6.047927856445312 137 122 28 0 89 7 90 6 106 2
2693 -10.55435657501221 4.072569847106934 -3.415395021438599 165 132 42 0 84 10 85 18
2694 -2.956851243972778 10.69960975646973 -3.825403451919556 137 109 43 0 70 60 71 22
2695 -5.971681594848633 8.535311698913574 -5.876881122589111 94 71 10 0 70 61 71 23
2696 -0.7554402947425842 11.75183010101318 -6.034809589385986 96 72 9 0 70 62 71 24
2697 -3.226157903671265 11.79722881317139 -4.773787498474121 88 62 13 0 70 63 71 25 123 37
2698 -1.127963066101074 13.40460872650146 -5.523581504821777 87 68 13 0 70 64 71 26 123 38
2699 -0.4774850606918335 6.378713130950928 -15.09532356262207 183 134 13 0 70 65 71 27
2700 -5.414206027984619 10.9181022644043 -4.243870735168457 96 70 15 0 70 66 71 28
2701 -1.616413354873657 15.69323921203613 -5.906208038330078 48 41 11 0 70 67 71 29 72 25
2702 -6.379089832305908 9.086178779602051 -5.887326717376709 86 72 13 0 70 68 71 30 72 26 73 22 114 8 115 11 117 14 118 14 119 19 124 20 125 14 126 15
2703 -1.79301118850708 14.15025901794434 -4.81908655166626 83 58 12 0 70 69 71 31
2704 -1.600866317749023 13.87022495269775 -5.051155567169189 89 63 10 0 70 70 71 32
2705 -8.051848411560059 13.01253032684326 -4.001558780670166 44 32 10 0 70 71 71 33 72 27 73 23
2706 -1.852758526802063 16.27675247192383 -5.597949981689453 72 53 13 0 70 72 71 34
2707 -4.655359745025635 10.75326251983643 -3.66675066947937 173 124 12 0 70 73 71 35 72 28
2708 -1.121571063995361 17.44689750671387 -6.483160018920898 69 56 13 0 70 74 71 36 146 51
2709 -2.664370059967041 15.16206836700439 -5.850813865661621 53 41 11 0 70 75 71 37 72 29 73 24 74 21 75 28 121 19
2710 -0.3711412250995636 9.808429718017578 -5.956062793731689 134 109 17 0 70 76 71 38
2711 -2.449250459671021 14.99625492095947 -5.672503471374512 82 67 21 0 70 77 71 39 72 30 73 25 74 22
2712 -1.293619155883789 10.78875637054443 -6.098829746246338 138 114 21 0 70 78 71 40
2713 -1.630129933357239 13.99966716766357 -4.900824069976807 139 113 40 0 70 79 71 41
2714 -3.877357244491577 15.88799858093262 -5.97925853729248 86 72 23 0 70 80 71 42
2715 -1.041757583618164 11.76140403747559 -6.087488174438477 137 114 20 0 70 81 71 43
2716 -8.089567184448242 12.9254903793335 -3.800524473190308 113 70 16 0 70 82 71 44 145 66
2717 -3.520759582519531 15.34442901611328 -5.359667778015137 96 68 22 0 70 83 71 45 72 31 73 26 120 19
2718 -5.815286159515381 8.699687004089355 -5.934743881225586 137 113 20 0 70 84 71 46
2719 -7.781672954559326 10.15966796875 -6.150821685791016 155 118 28 0 70 85 71 47
2720 -0.9712232947349548 18.33310890197754 -6.149676322937012 99 85 26 0 70 86 71 48
2721 -5.826501846313477 8.868298530578613 -5.945569515228271 138 114 23 0 70 87 71 49
2722 -8.37568187713623 9.249707221984863 -4.430447578430176 136 106 36 0 70 88 71 50 72 32
2723 -9.913413047790527 12.9596996307373 -5.920297622680664 134 84 13 0 70 89 74 23
2724 -3.338868141174316 14.68909358978271 -5.870624542236328 92 76 21 0 70 90 72 33 73 27 74 24 123 39 144 45 145 67 146 52
2725 -7.636287212371826 8.832322120666504 -5.476078987121582 155 120 31 0 70 91 74 25
2726 -1.128912925720215 2.643443584442139 -18.54216194152832 183 138 19 0 70 92 81 10
2727 -2.984750747680664 13.73809337615967 -5.890571594238281 85 70 14 0 70 93 122 26
2728 -8.267757415771484 14.46848297119141 -3.349181890487671 155 106 14 0 70 94 122 27
2729 -2.674537897109985 13.82831954956055 -5.704550266265869 103 86 23 0 70 95 71 51 123 40
2730 -5.01616907119751 12.23495864868164 -5.847763538360596 68 54 10 0 70 96 145 68 146 53
2731 -2.718291759490967 12.51229476928711 -5.841531753540039 118 99 16 0 70 97 145 69 146 54
2732 -10.8008508682251 2.593117475509644 -3.532598972320557 179 145 28 0 105 2 106 3
2733 -6.857782363891602 6.612648487091064 -5.935321807861328 127 110 24 0 72 34 73 28 74 26 76 18 95 0 99 4 100 1 101 3 112 8 114 9 115 12 121 20 122 28
2734 -5.480590343475342 5.260307312011719 -6.05703592300415 132 115 24 0 76 19 115 13 116 11 117 15 118 15 119 20
2735 -11.45751857757568 7.006600856781006 -3.902757167816162 87 60 14 0 93 2 94 1
2736 -1.512240052223206 14.54828548431396 -5.930314064025879 101 63 12 0 143 37 144 46
2737 -5.874128341674805 20.44394493103027 -6.24495792388916 120 97 49 0 128 7 129 9 130 4
2738 -10.24825382232666 3.690031290054321 -3.714262962341309 56 46 20 0 79 22 80 13 81 11 82 10
2739 -7.127645015716553 -0.8163279891014099 -6.262462615966797 75 64 12 0 81 12 105 3 113 6 114 10
2740 -1.968642592430115 13.69273090362549 -5.430329322814941 114 74 12 0 139 17 140 26
2741 -0.006675867829471827 8.857494354248047 -6.133326053619385 95 71 11 0 71 52 72 35
2742 -8.9686279296875 12.25678157806396 -5.102845668792725 124 77 11 0 71 53 72 36
2743 -4.498886108398438 9.935897827148438 -5.225310325622559 172 134 33 0 71 54 72 37
2744 -3.319550752639771 15.30225086212158 -5.851183891296387 70 55 14 0 71 55 72 38
2745 -3.66076135635376 16.32735443115234 -5.913603782653809 93 79 24 0 71 56 72 39 121 21
2746 -3.477303266525269 10.53449821472168 -6.404525756835938 168 119 10 0 71 57 72 40
2747 -6.22950553894043 9.582553863525391 -5.895301818847656 82 67 11 0 71 58 72 41 73 29 81 13 82 11 114 11 115 14 116 12 117 16 118 16 124 21 125 15 126 16 142 28 143 38 144 47
2748 -6.227532386779785 7.420358180999756 -5.896946430206299 93 78 11 0 71 59 72 42 73 30 74 27 75 29 76 20 80 14 81 14 82 12 83 12 96 1 97 2 98 5 99 5 100 2 101 4 113 7 114 12 115 15 116 13 117 17 118 17 122 29 123 41 124 22
2749 -6.106855392456055 9.25096607208252 -5.87732458114624 80 67 12 0 71 60 72 43 80 15 82 13 101 5 114 13 115 16 116 14 117 18 118 18 124 23 125 16 142 29
2750 -1.345029354095459 8.366418838500977 -5.067295551300049 119 87 11 0 71 61 72 44
2751 -8.703939437866211 7.771743774414062 -5.687044620513916 126 93 17 0 71 62 72 45 73 31
2752 -1.627155184745789 7.866772651672363 -5.995827674865723 78 61 11 0 71 63 72 46 73 32 74 28 75 30 119 21
2753 -8.516332626342773 9.155047416687012 -4.212416172027588 68 55 18 0 71 64 72 47
2754 -4.143599510192871 8.976786613464355 -4.393069267272949 102 76 12 0 71 65 72 48
2755 -6.760344982147217 9.323587417602539 -5.97544002532959 94 74 12 0 71 66 72 49 123 42
2756 -7.937490463256836 13.41453266143799 -4.03278636932373 66 63 24 0 71 67 72 50
2757 -5.844131946563721 8.443449020385742 -5.898828983306885 117 102 22 0 71 68 72 51 81 15 123 43
2758 -6.139541149139404 9.429389953613281 -5.89192533493042 94 83 21 0 71 69 72 52 73 33 114 14 115 17 116 15 117 19 118 19 125 17
2759 -3.283550977706909 16.34249114990234 -5.724902629852295 94 76 23 0 71 70 72 53
2760 -6.10765266418457 9.704130172729492 -5.867868423461914 110 92 23 0 71 71 72 54 73 34
2761 -5.939444541931152 7.069912433624268 -5.906298637390137 129 115 25 0 71 72 72 55 76 21 81 16 113 8 122 30
2762 -5.058724403381348 10.7169713973999 -3.490848541259766 167 121 13 0 71 73 72 56
2763 -4.913959503173828 9.938051223754883 -4.160351276397705 178 131 13 0 71 74 72 57
2764 -4.970497608184814 7.474683284759521 -5.832861423492432 128 110 20 0 71 75 72 58 121 22
2765 -6.037796497344971 7.575777530670166 -5.88823127746582 124 112 26 0 71 76 72 59 73 35 74 29 75 31 80 16 81 17 82 14 83 13 98 6 99 6 100 3 101 6 113 9 114 15 115 18 116 16 117 20 124 24
2766 -8.498000144958496 8.79744815826416 -3.90238881111145 101 98 31 0 71 77 72 60 122 31 123 44
2767 -8.549178123474121 5.713523864746094 -7.107535362243652 176 147 62 0 71 78 72 61
2768 -9.062920570373535 9.761483192443848 -5.385652542114258 144 96 14 0 71 79 72 62
2769 -4.615439414978027 7.360897541046143 -5.843788146972656 142 128 33 0 71 80 72 63 73 36 74 30 75 32 76 22 77 17 78 26 79 23 80 17 81 18 82 15 83 14 99 7 101 7 114 16 115 19 116 17 117 21 118 20 119 22 120 20 121 23 122 32
2770 -7.186338424682617 11.81307697296143 -6.196111679077148 138 107 38 0 71 81 116 18
2771 -7.754307270050049 8.007201194763184 -6.09288215637207 160 129 42 0 71 82 123 45
2772 -3.436289072036743 14.37864971160889 -5.8299560546875 69 58 12 0 71 83 122 33 123 46
2773 -8.255859375 10.11580467224121 -5.639145851135254 136 104 27 0 71 84 123 47
2774 -8.271787643432617 9.28395938873291 -5.873593807220459 145 113 39 0 71 85 123 48 124 25
2775 -6.583693027496338 9.447575569152832 -5.92041015625 105 89 23 0 71 86 125 18
2776 -5.258580684661865 5.391978740692139 -5.818292140960693 127 102 16 0 74 31 75 33 118 21
2777 -6.639017581939697 5.100354194641113 -5.94852352142334 85 71 12 0 73 37 74 32 75 34 76 23 77 18 79 24 96 2 97 3 101 8 102 0 112 9 115 20 116 19
2778 -5.875420570373535 4.885221004486084 -5.941824913024902 89 73 11 0 74 33 75 35 96 3 97 4 101 9 102 1 119 23 120 21
2779 -11.74474620819092 -0.4278410673141479 -2.536734580993652 68 64 36 0 179 11 182 16
2780 -6.61320686340332 2.447540283203125 -6.184964656829834 85 70 19 0 91 4 93 3 104 3 105 4 106 4
2781 -4.248697757720947 5.29870080947876 2.609872817993164 160 136 64 0 159 19 162 40
2782 -3.343368768692017 7.320033073425293 -5.822984218597412 100 82 11 0 72 64 73 38 115 21
2783 -8.81466007232666 8.076430320739746 -3.824560165405273 50 41 13 0 72 65 73 39
2784 -5.630568981170654 9.376924514770508 -5.796116828918457 76 60 12 0 72 66 73 40
2785 -2.313461780548096 7.85183048248291 -5.936371803283691 88 72 10 0 72 67 73 41 74 34 75 36 76 24 77 19 118 22 119 24 120 22
2786 -6.07271671295166 6.740072250366211 -5.900561332702637 106 92 13 0 72 68 73 42 74 35 76 25 77 20 112 10 113 10 114 17 116 20 118 23
2787 -9.320437431335449 10.04006004333496 -4.041714668273926 144 95 12 0 72 69 73 43
2788 -8.477197647094727 8.912603378295898 -4.362792015075684 61 52 17 0 72 70 73 44
2789 -1.99239706993103 15.61603450775146 -5.872402191162109 59 45 9 0 72 71 73 45
2790 -2.51797890663147 7.344108581542969 -5.90887975692749 63 47 11 0 72 72 73 46 74 36 75 37 118 24 119 25 120 23
2791 -2.817724227905273 9.457988739013672 -4.449470520019531 83 55 10 0 72 73 73 47
2792 -1.93227219581604 13.96224594116211 -5.723043441772461 75 59 11 0 72 74 73 48 74 37
2793 -9.286163330078125 10.51192760467529 -4.136431694030762 141 90 12 0 72 75 73 49
2794 -9.384424209594727 5.299721240997314 -6.854398727416992 153 120 28 0 72 76 73 50
2795 -5.44666051864624 8.465468406677246 -5.844547748565674 77 64 11 0 72 77 73 51 74 38 75 38 76 26 77 21 78 27 79 25 117 22 118 25 119 26 173 135
2796 -3.424362897872925 6.88473653793335 -5.721722602844238 86 68 13 0 72 78 73 52 120 24 121 24
2797 -8.739233016967773 8.640810966491699 -3.709366321563721 35 25 12 0 72 79 73 53
2798 -3.958209276199341 16.46172332763672 -5.928743362426758 65 57 12 0 72 80 73 54 121 25
2799 -4.783893585205078 7.542262077331543 -5.841854095458984 111 98 16 0 72 81 73 55 74 39 75 39 76 27 77 22 78 28 79 26 81 19 82 16 83 15 99 8 101 10 114 18 115 22 116 21 118 26 119 27
2800 -8.777878761291504 9.678075790405273 -6.919276714324951 128 93 19 0 72 82 73 56
2801 -4.920884132385254 11.86523056030273 -4.342719554901123 133 100 18 0 72 83 73 57
2802 -8.540855407714844 8.094029426574707 -3.766472339630127 101 96 27 0 72 84 73 58 74 40
2803 -7.314728736877441 6.013854503631592 -5.948500156402588 129 113 27 0 72 85 76 28 102 2 110 16 112 11 113 11 114 19
2804 -6.286454200744629 6.140042304992676 -5.852314472198486 135 115 20 0 72 86 73 59
2805 -1.997894287109375 7.904083728790283 -5.917967796325684 117 100 19 0 72 87 73 60 74 41 75 40 76 29 77 23
2806 -2.392944812774658 14.65988349914551 -5.819524765014648 81 69 20 0 72 88 73 61 74 42 75 41 121 26
2807 -5.798804759979248 8.846189498901367 -5.831084728240967 122 104 19 0 72 89 73 62
2808 -3.137920379638672 6.970155715942383 -5.83259391784668 120 102 22 0 72 90 73 63 74 43 120 25 121 27
2809 -2.189017772674561 7.501644134521484 -5.879225730895996 93 77 18 0 72 91 73 64 74 44 75 42 118 27 120 26
2810 -8.20128345489502 11.71004867553711 -8.42543888092041 133 99 28 0 72 92 73 65
2811 -8.250635147094727 10.14922618865967 -4.206933975219727 136 90 15 0 72 93 73 66
2812 -3.879570245742798 17.13770866394043 -5.91405725479126 103 94 37 0 72 94 73 67
2813 -9.721670150756836 10.18988704681396 -4.887341976165771 140 93 11 0 72 95 73 68
2814 -8.244882583618164 9.997336387634277 -6.231021404266357 137 104 31 0 72 96 73 69 123 49
2815 -3.210901498794556 15.30667495727539 -4.942903995513916 121 91 13 0 72 97 73 70
2816 -9.170666694641113 10.64407825469971 -3.879071235656738 158 117 37 0 72 98 73 71
2817 -8.084434509277344 8.116597175598145 -5.877191066741943 158 123 34 0 72 99 73 72
2818 -3.151704549789429 17.1674919128418 -6.156250953674316 101 88 32 0 72 100 73 73
2819 -8.121513366699219 8.585078239440918 -6.105899810791016 152 118 31 0 72 101 73 74
2820 -8.222599029541016 9.317572593688965 -5.701529979705811 142 111 37 0 72 102 73 75
2821 -5.281758308410645 6.437026023864746 -5.885237693786621 115 101 11 0 72 103 112 12
2822 -6.244185447692871 6.73371696472168 -5.91157865524292 139 122 30 0 72 104 112 13
2823 -6.602570056915283 6.54470682144165 -5.899574756622314 128 113 28 0 72 105 76 30 77 24 81 20 82 17 100 4 101 11 102 3 108 10 112 14 113 12 114 20
2824 -6.353442668914795 5.826931476593018 -5.916810989379883 123 108 22 0 72 106 112 15 113 13
2825 -2.186869621276855 7.361884593963623 -5.584745407104492 68 50 10 0 72 107 121 28
2826 -8.282907485961914 6.655003070831299 -5.997524261474609 160 131 44 0 72 108 121 29
2827 -2.564390659332275 14.50374603271484 -5.911311626434326 79 66 18 0 72 109 121 30
2828 -4.143459320068359 11.19422435760498 -3.967652082443237 170 126 18 0 72 110 121 31
2829 -4.145216464996338 11.35302925109863 -3.900538444519043 170 126 18 0 72 111 121 32
2830 -4.21987771987915 11.0002384185791 -3.938964605331421 172 129 19 0 72 112 120 27 121 33
2831 -4.330770969390869 8.768424987792969 -4.526354312896729 120 100 39 0 72 113 121 34
2832 -4.140722274780273 15.38820362091064 -5.937437057495117 70 52 12 0 72 114 122 34 140 27
2833 -5.423101425170898 7.582176208496094 -5.916662216186523 94 78 11 0 72 115 122 35 123 50
2834 -8.948325157165527 8.660115242004395 -3.759487628936768 66 65 22 0 72 116 122 36
2835 -6.66322135925293 8.019534111022949 -5.88289737701416 89 71 13 0 72 117 123 51
2836 -7.489936828613281 9.917712211608887 -5.886477947235107 145 114 36 0 72 118 123 52
2837 -11.76608180999756 5.065150737762451 -6.827776432037354 114 90 26 0 94 2 95 1
2838 -4.638340473175049 5.565586090087891 -4.421467304229736 163 141 65 0 156 21 159 20 162 41
2839 -6.576493263244629 5.52623462677002 -5.932023525238037 107 91 14 0 73 76 74 45 75 43 76 31 77 25 102 4 111 18 113 14 114 21
2840 -6.909412860870361 7.261227130889893 -5.911440372467041 89 70 11 0 73 77 74 46 75 44 76 32 113 15
2841 -5.011559009552002 6.421245574951172 -5.87894868850708 103 89 13 0 73 78 74 47 80 18 112 16 113 16 114 22
2842 -5.049304485321045 8.316994667053223 -5.849684715270996 87 75 12 0 73 79 74 48 75 45 76 33 78 29 114 23 116 22 117 23 119 28
2843 -5.706621170043945 9.042598724365234 -5.881800174713135 82 69 11 0 73 80 74 49 78 30 81 21 100 5 101 12 114 24 115 23 116 23 117 24 118 28 119 29 120 28 124 26 125 19 142 30
2844 -4.440135955810547 6.419451713562012 -5.869391441345215 128 112 16 0 73 81 74 50 113 17
2845 -4.236101150512695 16.0548267364502 -5.97161865234375 63 56 9 0 73 82 74 51 75 46
2846 -8.551337242126465 8.298226356506348 -3.740262746810913 49 41 14 0 73 83 74 52
2847 -8.450848579406738 8.691082954406738 -3.999266862869263 47 39 12 0 73 84 74 53
2848 -4.805046081542969 8.346062660217285 -5.833093166351318 93 78 11 0 73 85 74 54 75 47 76 34 77 26 78 31 79 27 80 19 81 22 82 18 83 16 98 7 99 9 101 13 114 25 115 24 116 24 117 25 118 29 119 30 120 29
2849 -5.595044612884521 7.160382747650146 -5.893667697906494 88 75 13 0 73 86 74 55 75 48 76 35 77 27 78 32 80 20 81 23 100 6 101 14 113 18 114 26 115 25 116 25
2850 -3.362629652023315 15.20461177825928 -5.787967205047607 74 61 15 0 73 87 74 56
2851 -2.697548389434814 6.646426200866699 -5.970932006835938 67 51 11 0 73 88 74 57
2852 -8.154645919799805 9.065740585327148 -3.723602294921875 50 40 12 0 73 89 74 58
2853 -3.16262412071228 6.650934219360352 -5.747189521789551 69 52 11 0 73 90 74 59 120 30
2854 -3.593897581100464 5.872734069824219 -5.917712211608887 109 89 24 0 73 91 74 60
2855 -5.737205028533936 7.022825241088867 -5.87799596786499 132 118 31 0 73 92 74 61 113 19
2856 -4.728536128997803 6.450846672058105 -5.874650478363037 138 122 26 0 73 93 74 62 75 49 76 36 77 28 78 33 112 17 114 27
2857 -4.747890949249268 5.512781620025635 -5.908073902130127 150 132 25 0 73 94 74 63 75 50 76 37
2858 -5.764891147613525 5.635733127593994 -5.892266750335693 142 124 24 0 73 95 74 64 75 51 113 20
2859 -4.65162181854248 6.736423492431641 -5.904762268066406 137 119 20 0 73 96 74 65 75 52
2860 -2.221489667892456 7.223188877105713 -6.000171184539795 80 65 16 0 73 97 74 66
2861 -5.057041645050049 5.452797889709473 -5.903862476348877 145 125 21 0 73 98 74 67 75 53 76 38
2862 -6.722419261932373 5.325879573822021 -5.958044052124023 118 101 18 0 73 99 74 68 75 54 76 39 77 29
2863 -4.088537693023682 15.00002288818359 -5.765487670898438 98 86 28 0 73 100 74 69 75 55
2864 -4.294198513031006 7.259289264678955 -5.910034656524658 131 113 21 0 73 101 74 70 119 31
2865 -2.819332361221313 6.87986946105957 -4.940947532653809 69 54 14 0 73 102 74 71
2866 -3.294631242752075 16.30160522460938 -5.742155075073242 99 80 28 0 73 103 74 72
2867 -3.880576133728027 15.75174617767334 -5.94192361831665 88 78 28 0 73 104 74 73 120 31
2868 -8.290829658508301 7.661638259887695 -3.108498811721802 146 103 17 0 73 105 74 74
2869 -3.901843547821045 14.57281017303467 -5.89736270904541 91 79 24 0 73 106 74 75 75 56 121 35 150 53 151 66
2870 -2.0746910572052 7.573007106781006 -5.903682708740234 98 82 22 0 73 107 74 76 119 32 120 32
2871 -1.926231980323792 15.58163452148438 -5.716827869415283 70 61 21 0 73 108 74 77
2872 -3.654956817626953 15.34368705749512 -5.716488838195801 84 66 21 0 73 109 74 78 75 57
2873 -4.487756252288818 7.767244338989258 -5.815847873687744 139 125 32 0 73 110 74 79 75 58 76 40 77 30 78 34 79 28 81 24 82 19 83 17 99 10 101 15 114 28 115 26 116 26 118 30 119 33 120 33
2874 -8.394718170166016 7.787197113037109 -4.068534851074219 155 133 42 0 73 111 74 80 75 59
2875 -9.499691009521484 5.695620059967041 -5.675041675567627 140 105 25 0 73 112 74 81 75 60 76 41
2876 -9.71405029296875 5.279901504516602 -5.8530592918396 140 104 23 0 73 113 74 82
2877 -3.737232685089111 7.696391582489014 -5.853184700012207 126 111 18 0 73 114 114 29
2878 -9.015405654907227 5.59041166305542 -6.001757621765137 150 120 38 0 73 115 114 30
2879 -8.07414722442627 5.788851261138916 -5.824322700500488 161 136 60 0 73 116 114 31
2880 -6.043058395385742 7.649696350097656 -5.891753196716309 137 124 42 0 73 117 114 32 115 27
2881 -5.693047046661377 5.887675762176514 -5.898685455322266 143 126 26 0 73 118 114 33
2882 -5.817309379577637 8.707844734191895 -5.891384601593018 117 103 27 0 73 119 114 34
2883 -6.595690250396729 5.924354553222656 -5.927077293395996 122 108 24 0 73 120 75 61 76 42 95 2 96 4 97 5 99 11 101 16 112 18 113 21 114 35 116 27
2884 -4.254519462585449 7.695226192474365 -5.831955432891846 132 117 24 0 73 121 115 28 120 34
2885 -9.12047290802002 11.67729568481445 -3.34345817565918 144 94 12 0 73 122 120 35
2886 -3.61084771156311 6.69867992401123 -5.635339260101318 98 78 31 0 73 123 120 36
2887 -4.652968406677246 9.84959888458252 -3.937590599060059 171 128 18 0 73 124 119 34 120 37
2888 -3.511497259140015 13.82585620880127 -5.906641006469727 73 64 12 0 73 125 119 35 120 38 121 36 122 37
2889 -4.140172958374023 12.03651142120361 -4.630805492401123 71 51 12 0 73 126 120 39
2890 -8.654471397399902 12.62941837310791 -3.412086009979248 161 116 16 0 73 127 120 40
2891 -8.902440071105957 11.44166564941406 -3.485892772674561 146 97 14 0 73 128 120 41
2892 -4.127235889434814 9.171321868896484 -4.629080295562744 173 138 27 0 73 129 120 42
2893 -9.316231727600098 11.93093776702881 -3.317158937454224 147 99 11 0 73 130 121 37
2894 -3.201758861541748 15.46405506134033 -5.984126091003418 70 57 11 0 73 131 121 38
2895 2.818575859069824 8.059441566467285 -5.722393035888672 103 92 24 0 186 54 189 35
2896 -10.8919849395752 5.582419395446777 -18.7359504699707 114 90 25 0 118 31 119 36
2897 -8.98822021484375 8.28034496307373 -3.961346387863159 90 79 28 0 118 32 119 37
2898 -3.754270315170288 6.026990413665771 -5.973021984100342 81 65 12 0 74 83 75 62
2899 -4.317145824432373 4.894449234008789 -5.970265865325928 116 97 11 0 74 84 75 63 76 43 77 31 78 35
2900 -3.648830413818359 7.651016712188721 -5.98925256729126 116 98 12 0 74 85 75 64 76 44 77 32
2901 -4.305566787719727 7.897128105163574 -5.865316867828369 99 76 12 0 74 86 75 65
2902 -4.963903903961182 5.534739971160889 -5.95578670501709 124 104 10 0 74 87 75 66 76 45
2903 -8.586262702941895 4.283658504486084 -6.001217842102051 124 95 24 0 74 88 75 67 119 38
2904 -1.172290205955505 8.784918785095215 -5.849976062774658 90 71 11 0 74 89 75 68
2905 -8.263019561767578 8.484186172485352 -3.553654670715332 43 38 14 0 74 90 75 69
2906 -6.265100955963135 4.995628833770752 -5.983916759490967 72 56 12 0 74 91 75 70
2907 -3.487788200378418 6.352540969848633 -5.507936954498291 57 47 11 0 74 92 75 71 76 46 77 33 78 36
2908 -9.280837059020996 8.855630874633789 -3.552049875259399 138 90 13 0 74 93 75 72
2909 -5.276319026947021 4.752792358398438 -5.949893951416016 106 87 13 0 74 94 75 73 119 39
2910 -9.01030445098877 7.727718353271484 -3.799677610397339 53 42 12 0 74 95 75 74
2911 -9.132064819335938 9.092142105102539 -3.916090250015259 100 73 21 0 74 96 75 75
2912 -8.570927619934082 8.836352348327637 -3.782584428787231 40 34 12 0 74 97 75 76 76 47
2913 -7.668488502502441 7.208563327789307 -5.586151123046875 155 125 36 0 74 98 75 77
2914 -9.729028701782227 6.032495975494385 -5.626565933227539 124 86 14 0 74 99 75 78 76 48
2915 -7.286779880523682 4.332393169403076 -5.928442478179932 91 76 21 0 74 100 75 79 76 49 77 34 78 37 119 40
2916 -6.453206539154053 4.783985137939453 -5.971213340759277 98 82 21 0 74 101 75 80
2917 -3.101866006851196 6.941877365112305 -5.89136791229248 116 97 24 0 74 102 75 81 76 50 118 33 119 41
2918 -7.669491767883301 4.512258529663086 -5.989573955535889 111 92 23 0 74 103 75 82
2919 -1.849501848220825 6.785733699798584 -4.45529842376709 209 167 15 0 74 104 75 83
2920 -6.020961284637451 5.022759914398193 -6.016518115997314 114 93 21 0 74 105 75 84
2921 -4.98949146270752 7.329029560089111 -5.829330921173096 115 104 24 0 74 106 75 85 76 51 78 38 79 29 99 12 101 17 115 29 117 26 118 34 119 42
2922 -8.333126068115234 8.807638168334961 -3.580546617507935 83 82 25 0 74 107 75 86
2923 -2.698521614074707 8.167880058288574 -6.069703102111816 125 107 23 0 74 108 75 87 118 35
2924 -6.968830108642578 4.48226261138916 -5.99282169342041 95 78 17 0 74 109 75 88
2925 -5.856275081634521 5.491538524627686 -5.938248157501221 121 106 21 0 74 110 75 89 76 52 77 35 78 39 99 13 100 7 101 18 114 36 115 30 116 28
2926 -4.645893573760986 8.476015090942383 -5.816136837005615 122 111 26 0 74 111 75 90 77 36 78 40 80 21 81 25 99 14 114 37 115 31 116 29 117 27 118 36 119 43 120 43
2927 -3.474309206008911 6.548354148864746 -4.735004901885986 186 166 88 0 74 112 75 91 76 53 77 37 118 37 119 44
2928 -3.251819372177124 8.487349510192871 -5.365456581115723 128 107 21 0 74 113 75 92 76 54
2929 -9.868494987487793 4.736958980560303 -6.052532196044922 131 97 22 0 74 114 75 93
2930 -6.705199718475342 6.2359619140625 -5.916550159454346 96 81 10 0 74 115 101 19 102 5 113 22
2931 -7.302189350128174 5.293368339538574 -5.969138622283936 90 76 12 0 74 116 76 55 111 19 112 19
2932 -8.79747486114502 4.974693298339844 -5.936749458312988 143 115 41 0 74 117 113 23
2933 -3.727554798126221 5.480691432952881 -5.915787696838379 106 85 13 0 74 118 75 94 76 56 78 41 79 30 116 30 117 28 118 38 119 45
2934 -5.338366031646729 9.334440231323242 -5.856367588043213 65 54 10 0 74 119 76 57 77 38 78 42 79 31 80 22 81 26 82 20 99 15 100 8 114 38 115 32 116 31 117 29 118 39 119 46 120 44
2935 -5.039329528808594 4.956283092498779 -5.86090087890625 118 99 14 0 74 120 119 47
2936 -3.408928871154785 13.47403621673584 -5.78117561340332 101 90 24 0 74 121 119 48
2937 -3.291587114334106 7.973596096038818 -5.8249831199646 128 111 31 0 74 122 119 49
2938 -3.907105445861816 13.69102001190186 -5.997884750366211 108 96 30 0 74 123 118 40 119 50
2939 -6.339060306549072 4.038383483886719 -4.895360946655273 105 84 18 0 76 58 77 39
2940 -11.44389533996582 5.502951622009277 -2.973078012466431 162 128 31 0 93 4 94 3 95 3
2941 -15.08018589019775 1.940431833267212 -3.795889616012573 113 94 31 0 93 5 94 4
2942 -5.490272521972656 17.15264129638672 -5.94245719909668 103 81 20 0 141 43 152 31
2943 -6.983849048614502 4.344372272491455 -5.939922332763672 71 58 11 0 75 95 76 59 77 40 119 51
2944 -7.763055324554443 5.368344783782959 -5.990030288696289 99 79 23 0 75 96 76 60 77 41 85 19 110 17 111 20
2945 -3.452929258346558 4.445950984954834 -6.031021595001221 126 109 12 0 75 97 76 61
2946 -4.482677936553955 8.85183048248291 -5.418605804443359 85 74 19 0 75 98 76 62 117 30
2947 -7.230693817138672 4.123801708221436 -4.923728942871094 69 48 11 0 75 99 76 63
2948 -4.601694107055664 4.601941585540771 -5.915423393249512 117 102 11 0 75 100 76 64 77 42 117 31 118 41 119 52
2949 -5.498705387115479 11.29272747039795 -3.888005256652832 82 70 14 0 75 101 76 65
2950 -6.688736915588379 4.509452342987061 -6.112228870391846 69 56 12 0 75 102 76 66
2951 -9.114211082458496 8.897568702697754 -3.894618511199951 59 42 11 0 75 103 76 67 77 43
2952 -8.744045257568359 3.673029899597168 -6.111289024353027 108 81 20 0 75 104 76 68 77 44 119 53
2953 -10.72694778442383 10.44099044799805 -4.792229652404785 145 96 11 0 75 105 76 69
2954 -10.12343883514404 9.494681358337402 -3.983116388320923 149 101 13 0 75 106 76 70
2955 -8.97214412689209 6.043671131134033 -5.087044715881348 136 103 23 0 75 107 76 71
2956 -5.183048725128174 11.55566024780273 -4.320315837860107 75 61 12 0 75 108 76 72
2957 -2.026637077331543 8.857102394104004 -6.063358783721924 123 106 26 0 75 109 76 73
2958 -8.863162994384766 7.640609741210938 -3.714670658111572 86 71 19 0 75 110 76 74
2959 -7.555330276489258 3.72707462310791 -5.966709613800049 87 73 21 0 75 111 76 75
2960 -8.843216896057129 4.188976287841797 -6.176652431488037 129 98 27 0 75 112 76 76
2961 -6.581177234649658 4.168680191040039 -5.915677070617676 66 54 17 0 75 113 76 77 77 45
2962 -3.730370283126831 5.883927345275879 -4.778987884521484 188 168 95 0 75 114 76 78 77 46 78 43 118 42 119 54
2963 -8.35615348815918 3.588222742080688 -6.090066432952881 117 90 26 0 75 115 76 79 77 47
2964 -9.380185127258301 6.452019691467285 -5.654478549957275 136 103 25 0 75 116 76 80
2965 -3.912126064300537 5.385039329528809 -6.02350902557373 135 115 23 0 75 117 76 81 118 43
2966 -7.954751968383789 3.837598562240601 -6.393688201904297 99 74 13 0 75 118 76 82
2967 -9.433392524719238 4.425076961517334 -5.883985996246338 134 105 38 0 75 119 76 83 77 48 118 44
2968 -4.994783878326416 9.188629150390625 -4.714386940002441 150 133 63 0 75 120 76 84 77 49 78 44 79 32 80 23 115 33 116 32 117 32
2969 -6.27893590927124 6.082614898681641 -5.931228160858154 120 105 24 0 75 121 76 85 77 50 78 45 112 20 113 24 117 33
2970 -8.561270713806152 5.113297939300537 -5.982471942901611 152 125 46 0 75 122 112 21
2971 -4.377528190612793 9.132394790649414 -4.583747386932373 111 91 24 0 75 123 117 34
2972 -4.504149436950684 8.514593124389648 -5.870763301849365 130 116 34 0 75 124 77 51 78 46 79 33 80 24 114 39 115 34 116 33 117 35 164 125 167 100
2973 -4.894943237304688 9.660519599914551 -3.920536518096924 171 131 22 0 75 125 117 36
2974 -4.589064121246338 10.50224494934082 -4.132169723510742 172 132 24 0 75 126 117 37
2975 -3.698976993560791 6.439352512359619 -5.979594230651855 95 81 16 0 75 127 117 38
2976 -4.209819793701172 10.80874443054199 -4.066733837127686 179 139 29 0 75 128 117 39
2977 -4.766201972961426 11.19692802429199 -3.959185361862183 164 125 20 0 75 129 118 45
2978 -9.612977981567383 5.136923789978027 -6.131072044372559 129 99 31 0 75 130 118 46 119 55
2979 -5.88140344619751 7.451137542724609 -5.956552505493164 112 100 22 0 75 131 118 47
2980 -9.396767616271973 4.754491806030273 -5.954894065856934 130 99 31 0 75 132 118 48
2981 -4.537105083465576 5.854224681854248 -5.753969669342041 119 101 14 0 75 133 119 56
2982 -8.90223503112793 3.865542411804199 -5.93834114074707 117 91 30 0 75 134 119 57
2983 -9.437697410583496 3.375590324401855 -6.167592525482178 117 89 28 0 75 135 119 58
2984 -1.271138429641724 21.17698097229004 -6.049265384674072 59 51 27 0 132 10 134 9 135 17 136 33
2985 -2.755208730697632 10.84543895721436 -5.064458847045898 100 86 28 0 149 53 150 54
2986 2.903091192245483 10.01809501647949 -5.928832530975342 131 114 22 0 148 54 149 54
2987 -9.413080215454102 4.195888996124268 -4.106678485870361 50 39 11 0 76 86 77 52 78 47 79 34
2988 -8.880167961120605 8.562657356262207 -3.850868701934814 32 27 10 0 76 87 77 53
2989 -8.386434555053711 8.25727653503418 -3.957837581634521 50 48 12 0 76 88 77 54
2990 -6.253551483154297 5.041759967803955 -5.867163181304932 63 52 11 0 76 89 77 55
2991 -6.379601955413818 4.499510288238525 -5.884239196777344 64 51 11 0 76 90 77 56
2992 -9.100255966186523 8.13546085357666 -3.93557596206665 33 32 12 0 76 91 77 57
2993 -4.981786727905273 6.389629364013672 -5.989798545837402 94 78 12 0 76 92 77 58 78 48
2994 -3.338890075683594 4.909689426422119 -6.052424430847168 98 81 12 0 76 93 77 59 78 49 116 34
2995 -6.192801952362061 5.641379356384277 -5.84381628036499 74 60 12 0 76 94 77 60
2996 -6.072102546691895 4.060949802398682 -5.079258918762207 112 84 12 0 76 95 77 61 116 35
2997 -5.03004264831543 4.913777351379395 -5.895325183868408 109 91 13 0 76 96 77 62
2998 -9.786787986755371 2.99539041519165 -5.335244655609131 125 101 31 0 76 97 77 63
2999 -2.933853626251221 5.694503784179688 -4.21563720703125 210 171 21 0 76 98 77 64
3000 -4.635462760925293 10.04184722900391 -3.894736051559448 166 127 23 0 76 99 77 65
3001 -9.380043983459473 2.829537630081177 -6.220328807830811 111 85 23 0 76 100 77 66
3002 -10.18981647491455 4.665923595428467 -5.958661556243896 96 66 12 0 76 101 77 67 78 50
3003 -9.445285797119141 2.607280254364014 -6.180678844451904 112 83 20 0 76 102 77 68
3004 -9.626718521118164 4.585514068603516 -5.969981670379639 117 87 20 0 76 103 77 69
3005 -7.594050884246826 4.122759342193604 -5.107762813568115 71 51 11 0 76 104 77 70
3006 -3.088211536407471 6.907850742340088 -5.08230447769165 65 51 12 0 76 105 77 71
3007 -9.202171325683594 4.174825191497803 -4.517902851104736 104 77 16 0 76 106 77 72 78 51
3008 -3.662994623184204 11.22726345062256 -4.902768135070801 172 133 26 0 76 107 77 73
3009 -9.474625587463379 2.297536373138428 -6.024876594543457 113 85 22 0 76 108 77 74 78 52 79 35
3010 -2.992610454559326 7.231937408447266 -5.985950946807861 110 93 20 0 76 109 77 75 117 40
3011 -3.627177715301514 5.188545227050781 -5.965962409973145 138 122 26 0 76 110 77 76 78 53 79 36
3012 -5.18951940536499 9.397300720214844 -5.763537406921387 88 74 22 0 76 111 77 77
3013 -3.180363893508911 6.908704280853271 -5.764754772186279 112 93 21 0 76 112 77 78 117 41
3014 -4.359749794006348 3.707630634307861 -5.880460739135742 133 119 25 0 76 113 77 79
3015 -4.071625232696533 7.728794574737549 -6.28091287612915 122 106 22 0 76 114 77 80
3016 -9.766618728637695 7.429155349731445 -3.800078630447388 141 94 13 0 76 115 77 81
3017 -4.097052097320557 4.071855068206787 -5.885039806365967 130 114 28 0 76 116 77 82
3018 -4.506083011627197 8.168421745300293 -5.583332061767578 117 100 23 0 76 117 77 83
3019 -9.872118949890137 4.810797214508057 -6.08623743057251 124 93 25 0 76 118 77 84
3020 -9.382622718811035 3.169703006744385 -6.04482364654541 116 90 28 0 76 119 77 85 78 54 79 37 80 25
3021 -3.523909091949463 5.202866077423096 -5.97876501083374 134 118 26 0 76 120 77 86 78 55 79 38 80 26 116 36 117 42
3022 -3.675719738006592 4.583207130432129 -5.96959400177002 140 123 28 0 76 121 77 87 78 56 116 37 117 43 118 49 119 59
3023 -8.545768737792969 8.431927680969238 -3.852658271789551 78 77 28 0 76 122 77 88
3024 -3.621054172515869 7.086193084716797 -5.801534652709961 114 101 21 0 76 123 77 89 78 57 79 39 80 27 115 35 116 38 117 44 118 50 119 60 120 45
3025 -9.075685501098633 4.265566825866699 -6.192181587219238 121 92 23 0 76 124 77 90
3026 -3.03717303276062 4.621045589447021 -5.415166854858398 114 98 20 0 76 125 77 91 78 58
3027 -7.682607173919678 3.931567192077637 -5.09367561340332 122 102 33 0 76 126 77 92
3028 -4.564749240875244 10.8312873840332 -4.020629405975342 163 123 24 0 76 127 77 93
3029 -9.551465034484863 8.328676223754883 -3.992026567459106 126 90 21 0 76 128 77 94
3030 -9.259289741516113 4.100433826446533 -4.253488540649414 145 125 50 0 76 129 77 95
3031 -2.291240453720093 8.374120712280273 -5.875032901763916 120 103 21 0 76 130 77 96
3032 -7.654816627502441 4.641067028045654 -5.981487274169922 103 86 20 0 76 131 77 97 112 22
3033 -5.926187515258789 5.104548454284668 -5.905698776245117 107 89 15 0 76 132 77 98 78 59
3034 -4.821282386779785 6.64225435256958 -5.847246646881104 110 95 12 0 76 133 117 45
3035 -4.307870388031006 9.191879272460938 -6.024384498596191 70 57 10 0 76 134 117 46
3036 -5.223445415496826 4.88619327545166 -5.530067443847656 93 73 12 0 76 135 117 47
3037 -6.694159507751465 7.323777675628662 -5.903347015380859 126 111 25 0 76 136 81 27 113 25 122 38
3038 -9.746307373046875 3.980216503143311 -3.701387166976929 73 76 23 0 112 23 113 26
3039 -7.330560684204102 3.442674398422241 -4.855126857757568 69 57 20 0 112 24 113 27 114 40
3040 -19.28573417663574 0.02559112198650837 2.006510257720947 145 121 57 0 171 19 174 9
3041 -2.891679048538208 19.18823623657227 -6.06769847869873 111 89 39 0 135 18 136 34 137 31
3042 2.421709775924683 10.40454196929932 -5.801872730255127 131 117 39 0 161 117 164 126 167 101
3043 -14.02661800384521 4.142132759094238 -5.379923820495605 97 75 23 0 90 7 91 5
3044 -3.597683668136597 7.765980243682861 -5.129587650299072 93 75 13 0 77 99 78 60
3045 -2.696640729904175 3.409568071365356 -6.005979537963867 106 90 11 0 77 100 78 61
3046 -10.04323196411133 2.409280300140381 -5.523410797119141 99 89 62 0 77 101 78 62
3047 -3.544235467910767 3.052255868911743 -5.993332862854004 111 96 12 0 77 102 78 63 79 40
3048 -2.663814067840576 9.529336929321289 -5.817403316497803 79 65 10 0 77 103 78 64
3049 -9.733005523681641 4.528209209442139 -4.680074691772461 86 65 16 0 77 104 78 65
3050 -9.340158462524414 1.980447888374329 -5.245067596435547 125 97 28 0 77 105 78 66
3051 -5.49993896484375 4.461270332336426 -4.932287216186523 132 105 11 0 77 106 78 67
3052 -6.923955917358398 4.321207046508789 -4.405077934265137 56 42 11 0 77 107 78 68
3053 -4.032215595245361 3.582532405853271 -5.965023517608643 99 84 11 0 77 108 78 69
3054 -4.16242790222168 9.099855422973633 -5.874580383300781 68 58 14 0 77 109 78 70 79 41 80 28 81 28 114 41 115 36 116 39
3055 -5.217643737792969 3.933582782745361 -4.103295803070068 105 87 11 0 77 110 78 71
3056 -7.396692276000977 4.674448013305664 -5.939530372619629 76 63 11 0 77 111 78 72 79 42
3057 -6.676726818084717 4.442652702331543 -4.370866775512695 57 47 12 0 77 112 78 73 79 43
3058 -3.770935773849487 3.271055698394775 -6.055888652801514 101 87 11 0 77 113 116 40
3059 -3.070985317230225 5.339423656463623 -4.49506664276123 85 57 14 0 77 114 78 74
3060 -4.207946300506592 3.843486547470093 -5.963284015655518 107 92 12 0 77 115 78 75
3061 -4.881228923797607 9.08364200592041 -5.02894401550293 93 83 54 0 77 116 78 76 79 44 80 29
3062 -7.134640216827393 3.835171699523926 -4.026058197021484 161 118 11 0 77 117 78 77
3063 -5.424751758575439 5.993680000305176 -5.785299301147461 128 114 24 0 77 118 78 78 79 45 116 41
3064 -4.423752307891846 5.048668384552002 -5.923247337341309 127 111 20 0 77 119 78 79
3065 -8.910003662109375 3.769488096237183 -5.970081329345703 113 86 24 0 77 120 78 80
3066 -9.520415306091309 3.130576133728027 -4.368916034698486 127 108 41 0 77 121 78 81
3067 -3.679060459136963 4.362887382507324 -5.883708953857422 130 115 20 0 77 122 78 82 79 46
3068 -6.969882011413574 4.516018390655518 -5.89958381652832 83 69 17 0 77 123 78 83
3069 -4.88755464553833 5.682133674621582 -5.911298274993896 137 121 25 0 77 124 78 84 116 42
3070 -10.06535911560059 4.567937850952148 -4.665707588195801 108 85 25 0 77 125 78 85
3071 -7.747969627380371 3.139110326766968 -4.882954597473145 107 92 52 0 77 126 78 86 79 47
3072 -9.37610912322998 4.35654878616333 -4.497123241424561 149 127 51 0 77 127 78 87
3073 -7.063726902008057 4.174527645111084 -4.069277286529541 163 121 14 0 77 128 78 88 79 48
3074 -3.707046508789062 4.214558601379395 -5.921123027801514 135 120 25 0 77 129 78 89 117 48
3075 -2.207646608352661 4.500002384185791 -5.982114315032959 105 87 20 0 77 130 78 90
3076 -8.928812026977539 3.739470720291138 -6.045157909393311 113 86 25 0 77 131 78 91
3077 -4.646472930908203 9.110013008117676 -4.637794017791748 118 101 37 0 77 132 116 43
3078 -5.176678657531738 9.002839088439941 -5.814291000366211 78 66 12 0 77 133 116 44
3079 -3.621791362762451 9.440964698791504 -6.070507049560547 100 79 13 0 77 134 116 45
3080 -9.26918888092041 2.621949434280396 -6.450380325317383 123 100 37 0 79 49 80 30 81 29
3081 -9.721477508544922 1.448516845703125 -6.096085548400879 135 112 44 0 79 50 80 31 81 30 82 21 83 18
3082 -9.894754409790039 3.681885004043579 -3.969619512557983 35 31 12 0 78 92 79 51
3083 -4.381181240081787 9.135354042053223 -5.842395782470703 65 64 31 0 78 93 79 52
3084 -2.428182363510132 4.675506114959717 -6.002942562103271 74 59 11 0 78 94 79 53
3085 -5.555961132049561 12.17152976989746 -6.283581256866455 73 60 11 0 78 95 79 54
3086 -8.626220703125 1.556524038314819 -6.08046817779541 76 59 12 0 78 96 79 55
3087 -6.248954772949219 5.032816410064697 -5.90217113494873 61 49 10 0 78 97 79 56
3088 -6.578207969665527 10.26781368255615 -5.93395471572876 95 76 19 0 78 98 79 57
3089 -8.352993965148926 6.923427104949951 -17.08428001403809 89 70 19 0 78 99 79 58
3090 -7.569624423980713 3.561352014541626 -4.679952621459961 84 68 19 0 78 100 79 59 80 32 81 31
3091 -5.063790798187256 9.886379241943359 -4.620378494262695 61 40 12 0 78 101 79 60
3092 -7.717982292175293 2.951919555664062 -4.850954055786133 54 43 12 0 78 102 79 61 80 33
3093 -5.601761817932129 10.27340984344482 -5.918502807617188 117 105 27 0 78 103 79 62
3094 -4.126070022583008 8.61398983001709 -5.793287754058838 104 94 24 0 78 104 79 63
3095 -3.555043935775757 4.927559852600098 -5.952996730804443 130 115 25 0 78 105 79 64 117 49
3096 -5.886999130249023 8.347048759460449 -5.727874755859375 101 91 24 0 78 106 79 65
3097 -9.475729942321777 3.621131420135498 -4.446223258972168 143 126 49 0 78 107 79 66 80 34
3098 -7.673223495483398 4.050809383392334 -4.833963394165039 122 105 41 0 78 108 79 67
3099 -6.103081703186035 2.975912809371948 -4.013340950012207 184 146 22 0 78 109 79 68
3100 -9.706912040710449 4.946731567382812 -4.356889247894287 122 82 15 0 78 110 79 69
3101 -6.25860071182251 9.889881134033203 -5.797830581665039 98 86 20 0 78 111 79 70
3102 -9.041373252868652 0.6980536580085754 -6.250818729400635 123 101 31 0 78 112 79 71
3103 -6.775895595550537 12.79899215698242 -6.11156702041626 138 118 59 0 78 113 117 50
3104 -9.282498359680176 7.865614414215088 -3.686250686645508 62 45 11 0 78 114 79 72 115 37 116 46
3105 -5.299421787261963 5.328717231750488 -5.757564067840576 104 86 13 0 78 115 116 47
3106 -5.15700101852417 4.712748050689697 -4.402323722839355 95 73 11 0 78 116 79 73 115 38 116 48
3107 -2.71248722076416 7.143590450286865 -6.453431606292725 111 95 24 0 78 117 116 49
3108 -6.149919986724854 4.470255851745605 -4.691740036010742 148 124 17 0 78 118 79 74 114 42 115 39 116 50
3109 -4.31359338760376 3.634158611297607 -6.022780418395996 130 118 30 0 78 119 116 51
3110 -2.325240612030029 8.064525604248047 -5.927543640136719 88 76 12 0 78 120 117 51
3111 -3.94008731842041 8.162514686584473 -5.685765743255615 102 89 18 0 78 121 117 52 118 51
3112 -2.403855085372925 7.78270149230957 -5.847105503082275 85 72 10 0 78 122 117 53
3113 -2.716120958328247 7.625651836395264 -5.836286544799805 108 93 19 0 78 123 117 54
3114 -7.671202182769775 6.534278869628906 -1.590108275413513 21 23 14 0 78 124 117 55
3115 -5.926392078399658 13.06753444671631 -5.877593040466309 91 67 20 0 78 125 142 31
3116 -10.96175765991211 5.89582347869873 -2.704365491867065 159 135 55 0 93 6 94 5
3117 3.389202833175659 14.22969627380371 -3.150540590286255 37 40 17 0 163 39 166 44
3118 -2.302788734436035 21.05322265625 -6.223341941833496 99 88 41 0 131 9 134 10 137 32 138 19 139 18 140 28
3119 -9.113176345825195 16.76739883422852 -6.478964805603027 131 102 36 0 146 55 147 62
3120 2.877138137817383 8.60960578918457 -5.894241809844971 83 66 17 0 150 55 151 67 153 76
3121 -5.483808040618896 11.16168689727783 -5.722723484039307 76 59 13 0 79 75 80 35
3122 -8.36475658416748 3.911173820495605 -5.642575740814209 107 82 23 0 79 76 80 36
3123 -8.270617485046387 0.1555365025997162 -6.167155742645264 77 66 11 0 79 77 80 37 81 32 82 22
3124 -8.685833930969238 4.039963722229004 -5.89658260345459 109 83 25 0 79 78 80 38
3125 -9.561036109924316 3.310405492782593 -7.159275054931641 103 78 23 0 79 79 80 39
3126 -9.426468849182129 3.997606515884399 -3.719547510147095 46 44 13 0 79 80 80 40
3127 -8.578422546386719 1.9233478307724 -6.061365127563477 84 66 15 0 79 81 80 41 81 33
3128 -12.78018283843994 7.694538116455078 -4.675451755523682 57 38 10 0 79 82 80 42
3129 -8.989189147949219 2.371114253997803 -5.811624526977539 97 72 18 0 79 83 80 43 81 34
3130 -7.041171073913574 3.292795658111572 -4.168006420135498 162 123 13 0 79 84 80 44
3131 -10.08844566345215 4.846639156341553 -4.09841775894165 66 42 10 0 79 85 80 45 81 35
3132 -2.805789709091187 4.503010272979736 -6.042072296142578 100 84 24 0 79 86 80 46 81 36
3133 -5.844613552093506 10.42050838470459 -5.074310302734375 91 71 21 0 79 87 80 47
3134 -8.389392852783203 0.8557664155960083 -6.112624645233154 95 82 22 0 79 88 80 48
3135 -7.160800457000732 4.323309421539307 -4.233836650848389 150 116 24 0 79 89 80 49
3136 -8.974793434143066 1.427340388298035 -5.269411563873291 129 104 35 0 79 90 80 50
3137 -6.903652667999268 3.499844312667847 -4.048898696899414 168 129 21 0 79 91 80 51 115 40
3138 -9.218256950378418 2.907161235809326 -4.963900566101074 113 88 26 0 79 92 80 52
3139 -10.23683834075928 3.900591850280762 -3.574785947799683 104 83 34 0 79 93 80 53 81 37
3140 -8.101662635803223 0.1049340143799782 -6.253376483917236 107 96 29 0 79 94 80 54 81 38 82 23 83 19 84 11 89 8 90 8 91 6 92 2 93 7 94 6 103 0 104 4 105 5 106 5 107 5 108 11 109 13 110 18 111 21 112 25 115 41
3141 -3.920906066894531 9.214601516723633 -5.8992018699646 109 95 21 0 79 95 80 55 115 42 116 52
3142 -9.456875801086426 3.288044214248657 -4.312883853912354 133 118 48 0 79 96 80 56 81 39
3143 -9.840714454650879 0.3777795433998108 -6.394907474517822 156 135 68 0 79 97 80 57
3144 -8.970383644104004 7.970250606536865 -3.697322130203247 35 33 11 0 79 98 115 43 116 53
3145 -5.515792369842529 4.121235370635986 -3.629621267318726 121 103 15 0 79 99 115 44
3146 -5.583963871002197 4.453695297241211 -4.656257629394531 131 105 10 0 79 100 115 45
3147 -5.074788570404053 8.968233108520508 -4.195168018341064 102 89 27 0 79 101 115 46
3148 -7.463655948638916 2.368994474411011 -3.439269542694092 94 77 13 0 79 102 115 47
3149 -4.15234375 8.281767845153809 -5.872199535369873 137 125 35 0 79 103 113 28 114 43 115 48
3150 -5.939671039581299 7.061655044555664 -5.886611461639404 125 114 27 0 79 104 97 6 101 20 115 49 116 54 118 52 124 27
3151 -9.070785522460938 1.866772770881653 -5.589309215545654 127 101 37 0 79 105 116 55
3152 -6.704137325286865 3.233239889144897 -4.06641960144043 170 131 19 0 79 106 116 56
3153 -2.840880155563354 2.728250980377197 -6.014322280883789 145 133 34 0 79 107 116 57 117 56
3154 -4.3455810546875 2.622854471206665 -4.960315704345703 167 151 82 0 79 108 114 44 115 50 116 58
3155 -10.2880277633667 1.106003880500793 -5.663486480712891 123 96 34 0 79 109 116 59
3156 -2.579590797424316 4.539867401123047 -5.96230936050415 112 96 27 0 79 110 116 60
3157 -2.124162435531616 1.822177052497864 -6.02170991897583 123 107 14 0 79 111 170 101
3158 -1.861193299293518 3.035375833511353 -5.987775802612305 147 132 33 0 79 112 170 102
3159 -7.24150562286377 -1.027886748313904 -6.307590961456299 92 85 24 0 83 20 84 12 86 12 109 14 110 19
3160 -2.868040084838867 20.0662956237793 -6.322044372558594 60 56 24 0 131 10 132 11
3161 -4.309467315673828 18.18049621582031 -4.814935207366943 103 80 26 0 134 11 135 19
3162 -8.102075576782227 2.390512943267822 -6.015162944793701 54 47 13 0 80 58 81 40
3163 -3.829997062683105 8.967084884643555 -5.883842945098877 89 72 13 0 80 59 81 41
3164 -8.049709320068359 0.9828786253929138 -6.183826446533203 82 71 14 0 80 60 81 42 82 24
3165 -9.795893669128418 3.984349489212036 -3.707571268081665 35 35 11 0 80 61 81 43 82 25
3166 -7.296925067901611 0.1385015249252319 -6.263885021209717 90 77 11 0 80 62 81 44
3167 -7.930596351623535 -0.0727895200252533 -6.330853462219238 84 72 13 0 80 63 81 45
3168 -7.903141975402832 0.5841289758682251 -6.225042343139648 72 61 12 0 80 64 81 46 82 26 83 21 84 13 110 20 112 26
3169 -9.888672828674316 3.437473773956299 -3.622718334197998 36 36 11 0 80 65 81 47
3170 -4.550076007843018 2.386198282241821 -4.904526233673096 50 38 12 0 80 66 81 48 82 27
3171 -10.03865528106689 3.804050207138062 -3.861116647720337 33 35 12 0 80 67 81 49 82 28
3172 -9.422314643859863 3.154880046844482 -4.53314208984375 99 77 19 0 80 68 81 50
3173 -5.766710758209229 6.411946296691895 -5.804128170013428 88 75 13 0 80 69 81 51
3174 -9.490736961364746 3.700503587722778 -3.926676750183105 38 40 12 0 80 70 81 52
3175 -9.043857574462891 -0.2234724313020706 -6.316196918487549 91 80 15 0 80 71 81 53 83 22 91 7 92 3 93 8 104 5 111 22
3176 -5.878372669219971 3.296495199203491 -4.420582294464111 183 144 26 0 80 72 81 54
3177 -7.442980289459229 1.840049624443054 -4.201224803924561 71 59 12 0 80 73 81 55
3178 -5.281803131103516 4.00995922088623 -4.400933742523193 119 100 12 0 80 74 81 56 113 29
3179 -7.347399711608887 0.03414515405893326 -6.221785545349121 104 92 22 0 80 75 81 57 83 23 110 21
3180 -8.21483325958252 1.115065693855286 -6.190277099609375 90 78 19 0 80 76 81 58
3181 -4.551454067230225 2.702968597412109 -4.707839012145996 182 163 90 0 80 77 81 59 82 29 83 24 84 14
3182 -7.496448040008545 4.08222770690918 -5.116934776306152 114 101 43 0 80 78 81 60
3183 -2.691928148269653 3.938923358917236 -6.224450588226318 136 121 28 0 80 79 81 61 82 30
3184 -7.759921073913574 0.3838067650794983 -6.303316116333008 94 82 21 0 80 80 81 62
3185 -6.492829322814941 6.891984462738037 -5.866130352020264 121 108 24 0 80 81 81 63
3186 -7.596512794494629 2.088162183761597 -4.487703323364258 154 115 15 0 80 82 81 64
3187 -7.690840244293213 2.102850437164307 -4.245693683624268 150 117 18 0 80 83 81 65
3188 -8.310110092163086 1.943065762519836 -6.170535564422607 67 57 18 0 80 84 81 66
3189 -5.724404335021973 5.954919815063477 -5.769463539123535 136 124 31 0 80 85 81 67 82 31
3190 -9.685566902160645 2.579476833343506 -4.409092426300049 107 81 25 0 80 86 81 68
3191 -8.213048934936523 1.143054008483887 -6.037530899047852 93 81 21 0 80 87 81 69
3192 -10.07586860656738 5.225457668304443 -3.280606508255005 182 143 47 0 80 88 81 70
3193 -10.23311996459961 4.438850879669189 -2.58127760887146 163 120 17 0 80 89 81 71
3194 -9.788586616516113 -0.35816890001297 -6.263715267181396 129 103 35 0 80 90 83 25 84 15
3195 -8.561985015869141 -0.4900282323360443 -6.278117179870605 103 93 26 0 80 91 81 72 82 32 83 26 92 4 93 9 109 15 110 22
3196 -7.819487571716309 -0.267403781414032 -6.274365901947021 103 93 26 0 80 92 84 16 85 20 89 9 91 8 92 5 93 10 104 6 105 6 106 6 107 6 108 12 109 16 110 23 111 23 112 27 115 51
3197 -3.367438077926636 7.951107978820801 -5.847982883453369 141 127 39 0 80 93 83 27
3198 -10.75109958648682 2.128528833389282 -5.35407829284668 114 78 17 0 80 94 83 28
3199 -4.51713752746582 6.308280467987061 -6.094199180603027 137 123 31 0 80 95 113 30 114 45
3200 -6.218811511993408 2.627309560775757 -4.081656932830811 181 146 30 0 80 96 115 52
3201 -5.599133968353271 2.10009503364563 -4.14161491394043 186 149 31 0 80 97 115 53
3202 -4.797497272491455 9.314004898071289 -5.841100692749023 112 100 30 0 80 98 82 33 114 46 115 54
3203 -10.35223484039307 2.606641054153442 -4.270899772644043 113 78 17 0 80 99 115 55
3204 -9.936977386474609 -0.4016971588134766 -6.636884212493896 127 105 38 0 80 100 115 56
3205 -10.52637577056885 7.050149440765381 -3.610685110092163 154 114 22 0 80 101 115 57
3206 -6.276695251464844 9.840065956115723 -5.741119384765625 104 94 25 0 80 102 115 58
3207 -10.41544723510742 3.181482315063477 -3.672910928726196 105 72 15 0 80 103 115 59
3208 -2.606176137924194 3.59601092338562 -0.6122918725013733 76 77 35 0 159 21 162 42
3209 -10.14553260803223 2.879676818847656 -4.242155075073242 81 65 15 0 89 10 90 9
3210 -9.924431800842285 3.278230667114258 -3.890718221664429 36 34 12 0 81 73 82 34
3211 -6.353396415710449 8.06082820892334 -5.843729496002197 96 85 13 0 81 74 82 35
3212 -6.112051486968994 5.011592388153076 -4.883875846862793 92 66 15 0 81 75 82 36
3213 -10.02815246582031 3.958131074905396 -3.793814897537231 39 38 12 0 81 76 82 37 83 29
3214 -7.377977848052979 -0.3161636292934418 -6.246994018554688 75 65 11 0 81 77 82 38 83 30 84 17 85 21 92 6 109 17 110 24
3215 -4.095497131347656 0.5617766976356506 -6.467301368713379 98 84 10 0 81 78 82 39
3216 -6.823952198028564 4.252646446228027 -3.755646467208862 91 77 20 0 81 79 82 40
3217 -7.945469856262207 -1.012446045875549 -6.281650066375732 77 67 12 0 81 80 82 41 83 31 86 13 109 18 110 25
3218 -2.533199071884155 0.4281091690063477 -6.441929817199707 130 114 15 0 81 81 82 42
3219 -10.26039695739746 2.959851980209351 -4.306285858154297 51 38 11 0 81 82 82 43
3220 -6.81684684753418 8.799070358276367 -5.902328014373779 91 76 13 0 81 83 82 44
3221 -4.026631832122803 3.629632234573364 -5.214102268218994 122 104 17 0 81 84 82 45 83 32
3222 -10.90244579315186 0.121368981897831 -6.127516269683838 118 92 28 0 81 85 82 46
3223 -6.868894577026367 5.707632064819336 -5.761453628540039 85 72 12 0 81 86 82 47
3224 -4.687369823455811 1.856468200683594 -4.916492938995361 70 53 19 0 81 87 82 48 83 33 84 18
3225 -11.26449966430664 0.04038096591830254 -6.639275074005127 127 101 40 0 81 88 82 49 83 34
3226 -6.8312087059021 6.603099346160889 -5.930068492889404 125 111 28 0 81 89 82 50
3227 -3.418300628662109 0.04981030896306038 -6.544271469116211 131 118 28 0 81 90 82 51
3228 -4.351015567779541 1.883099317550659 -4.536049365997314 119 100 43 0 81 91 82 52
3229 -6.608017921447754 -0.5603548288345337 -6.271335601806641 110 99 24 0 81 92 82 53 83 35 84 19 109 19
3230 -11.04484558105469 0.4311646223068237 -5.579666614532471 119 92 30 0 81 93 82 54
3231 -4.558733940124512 4.300323963165283 -4.750527858734131 139 123 26 0 81 94 82 55
3232 -10.91155338287354 1.946582555770874 -3.570404529571533 138 95 15 0 81 95 82 56
3233 -7.047540664672852 2.597541570663452 -5.797864437103271 161 121 18 0 81 96 82 57
3234 -5.747512340545654 -0.01726971752941608 -6.154477596282959 123 109 29 0 81 97 82 58 114 47
3235 -9.004325866699219 0.6410436630249023 -5.950119495391846 126 104 36 0 81 98 82 59
3236 -7.583590984344482 1.090313911437988 -6.069316387176514 91 79 22 0 81 99 82 60 83 36
3237 -3.594488620758057 7.107825756072998 -5.760607242584229 132 118 32 0 81 100 82 61 83 37
3238 -8.164588928222656 -0.5895972847938538 -6.290975570678711 107 97 29 0 81 101 82 62 83 38 84 20 85 22 89 11 91 9 93 11 104 7 105 7 107 7 108 13 109 20 110 26 111 24 112 28
3239 -4.851925373077393 4.555615425109863 -4.72687816619873 149 131 34 0 81 102 82 63
3240 -10.06151008605957 0.8273751139640808 -4.90160608291626 127 100 33 0 81 103 82 64
3241 -7.056773662567139 0.6158269643783569 -6.199197292327881 116 106 28 0 81 104 82 65 83 39 84 21 89 12 90 10 91 10 92 7 93 12 104 8 105 8 106 7 107 8 108 14 109 21 110 27 111 25 112 29 113 31
3242 -10.87884140014648 3.045478582382202 -3.658120393753052 184 144 54 0 81 105 82 66
3243 -3.516021251678467 0.4525562226772308 -6.357585906982422 132 119 27 0 81 106 82 67
3244 -4.097876071929932 9.670036315917969 -5.738223552703857 103 89 24 0 81 107 82 68
3245 -8.431438446044922 1.74936842918396 -6.037986278533936 71 63 15 0 81 108 82 69
3246 -11.75229549407959 0.6831058263778687 -7.224345684051514 115 89 27 0 81 109 82 70
3247 -4.971909046173096 7.332288265228271 -5.851997375488281 126 114 28 0 81 110 82 71 83 40
3248 -9.176772117614746 0.4287573397159576 -6.10391902923584 130 104 37 0 81 111 82 72
3249 -10.66948890686035 3.021347761154175 -4.083698272705078 119 83 14 0 81 112 82 73
3250 -10.71953678131104 3.487506866455078 -4.140628814697266 112 74 16 0 81 113 82 74
3251 -8.083133697509766 -0.3768584132194519 -6.289072513580322 108 97 27 0 81 114 93 13 104 9
3252 -5.89696741104126 7.457281589508057 -5.887537956237793 124 116 30 0 81 115 122 39
3253 -3.749723196029663 0.1054590195417404 -6.0948805809021 138 125 35 0 81 116 190 52
3254 -5.792294025421143 2.885657787322998 -3.994233369827271 191 151 33 0 81 117 191 6
3255 -7.886504650115967 4.034096240997314 -6.06479024887085 154 137 71 0 85 23 86 14
3256 -5.796977519989014 16.76401710510254 -4.874895095825195 79 91 80 0 146 56 147 63 148 55
3257 -11.41218376159668 2.810399770736694 -3.261220932006836 157 118 20 0 94 7 105 9
3258 -4.911837577819824 21.66225814819336 -6.204646110534668 130 114 68 0 129 10 130 5 131 11
3259 -7.015698909759521 -1.261237621307373 -6.254557132720947 80 70 11 0 82 75 83 41 84 22 109 22 110 28
3260 -7.477563381195068 0.7009208798408508 -6.195483207702637 77 68 12 0 82 76 83 42 84 23 110 29
3261 -5.929356098175049 -0.9004266858100891 -6.336003303527832 101 89 13 0 82 77 83 43 112 30
3262 -8.77045726776123 0.4023256897926331 -6.232361793518066 60 53 12 0 82 78 83 44 84 24 110 30 111 26
3263 -9.784960746765137 1.125541687011719 -5.876587390899658 123 98 32 0 82 79 83 45
3264 -10.09578514099121 4.854210376739502 -4.116735458374023 85 51 9 0 82 80 83 46
3265 -12.29592895507812 -0.4199817776679993 -7.198062896728516 113 84 26 0 82 81 83 47
3266 -3.708899021148682 -0.8586803674697876 -6.36839771270752 122 109 28 0 82 82 83 48
3267 -4.175247669219971 -1.535023927688599 -6.263618946075439 131 118 33 0 82 83 83 49 181 61 184 78
3268 -3.768877029418945 -0.2210900336503983 -6.129848003387451 125 111 28 0 82 84 83 50 84 25
3269 -3.370318174362183 7.612247943878174 -5.977490425109863 135 122 30 0 82 85 83 51
3270 -5.918337821960449 0.02847175672650337 -6.17753267288208 108 95 18 0 82 86 83 52 84 26
3271 -7.539639472961426 2.164672613143921 -4.297072410583496 152 113 19 0 82 87 83 53
3272 -12.8456449508667 -0.0956570953130722 -13.2593412399292 119 92 29 0 82 88 83 54
3273 -7.734463691711426 -0.4384174346923828 -6.276766777038574 74 66 12 0 82 89 84 27 85 24 108 15 110 31
3274 -6.328529834747314 -1.444924235343933 -6.338473796844482 121 110 30 0 82 90 85 25
3275 -6.517253398895264 0.5733879208564758 -6.247879505157471 97 87 18 0 82 91 85 26
3276 -4.335867881774902 -1.431763172149658 -6.259057521820068 127 115 32 0 82 92 85 27 86 15 184 79
3277 -10.70513248443604 1.609450817108154 -4.381976127624512 99 73 19 0 82 93 114 48
3278 -5.612635612487793 -1.283628344535828 -6.339163303375244 125 113 34 0 82 94 114 49
3279 -6.809220790863037 -0.4787173867225647 -6.274441242218018 100 90 27 0 82 95 114 50
3280 -2.947391986846924 0.4525710046291351 -6.101325988769531 151 134 33 0 82 96 178 62
3281 -3.98497200012207 0.6874785423278809 -6.104600429534912 113 100 13 0 82 97 181 62
3282 -14.34238147735596 -0.1228904202580452 -4.519600391387939 99 82 28 0 85 28 86 16
3283 -7.793632030487061 0.1213392689824104 -6.242312908172607 103 90 20 0 91 11 93 14 104 10 105 10 106 8
3284 -11.06666374206543 2.133258581161499 -3.539153337478638 143 99 15 0 83 55 84 28
3285 -5.664474010467529 2.826529979705811 -3.930177688598633 195 158 43 0 83 56 84 29
3286 -10.61317539215088 3.53018045425415 -4.394201755523682 55 45 11 0 83 57 84 30
3287 -3.685389518737793 -0.3237579762935638 -6.089549541473389 119 106 20 0 83 58 84 31
3288 -8.892819404602051 -1.299039840698242 -4.259181976318359 82 68 21 0 83 59 84 32
3289 -3.28992223739624 3.691584348678589 -5.614713191986084 149 136 40 0 83 60 84 33
3290 -4.408604621887207 -0.9708948135375977 -6.366925239562988 118 108 29 0 83 61 84 34
3291 -3.279631853103638 -1.082772016525269 -6.310828685760498 130 115 27 0 83 62 84 35
3292 -3.114545583724976 -2.071831941604614 -6.735077857971191 124 111 27 0 83 63 84 36
3293 -4.352376937866211 0.9600088000297546 -5.147956848144531 142 129 35 0 83 64 84 37
3294 -10.37009334564209 2.74448823928833 -3.360438585281372 116 79 17 0 83 65 84 38
3295 -10.54006767272949 -0.2306226044893265 -6.062384128570557 126 100 35 0 83 66 84 39
3296 -9.664206504821777 -1.243099451065063 -4.201170444488525 108 98 45 0 83 67 84 40
3297 -3.455096006393433 -2.416944742202759 -6.468970775604248 118 102 29 0 83 68 84 41
3298 -11.51831722259521 3.909065246582031 -3.515061616897583 162 121 21 0 83 69 104 11
3299 -6.611740112304688 1.345899820327759 -6.208673477172852 84 73 13 0 83 70 84 42 85 29 87 6 88 9 89 13 106 9 107 9 108 16 109 23 110 32 111 27
3300 -11.87291145324707 2.519037961959839 -3.629053831100464 143 99 15 0 83 71 109 24
3301 -6.686171054840088 -0.3309879899024963 -6.279464244842529 110 99 23 0 83 72 109 25
3302 -5.591516017913818 0.2768341898918152 -6.260579586029053 118 108 24 0 83 73 85 30 86 17 109 26 111 28
3303 -8.847168922424316 1.346585631370544 -6.352764129638672 127 106 41 0 83 74 109 27
3304 -7.587724685668945 -1.17099404335022 -6.366016864776611 99 91 28 0 83 75 85 31 86 18 110 33
3305 -4.40162181854248 0.6928121447563171 -7.335041999816895 92 79 11 0 83 76 111 29
3306 -4.12277364730835 2.764371395111084 -8.188108444213867 183 150 42 0 83 77 111 30
3307 -2.545630931854248 14.61817359924316 -4.768552780151367 111 96 40 0 147 64 148 56
3308 -14.09548473358154 -0.09246182441711426 -4.580569744110107 92 76 26 0 85 32 86 19
3309 -12.81141090393066 -0.08910894393920898 -3.335078477859497 109 97 44 0 111 31 112 31
3310 -12.46668815612793 9.181946754455566 -5.952832698822021 110 88 36 0 91 12 92 8 93 15 94 8
3311 0.2121684402227402 12.75375270843506 -5.954188823699951 95 79 20 0 148 57 149 55 150 56
3312 0.7540704011917114 0.553541898727417 -6.212308406829834 140 121 43 0 173 136 176 92 178 63 181 63 184 80
3313 -5.57935905456543 17.32463455200195 -4.973328113555908 70 64 20 0 146 57 147 65
3314 -10.0903902053833 4.540106296539307 -3.885642290115356 93 57 10 0 84 43 85 33
3315 -5.35496711730957 -1.878361701965332 -6.143035888671875 78 67 10 0 84 44 85 34 86 20
3316 -9.905146598815918 3.797525644302368 -3.667935132980347 108 109 43 0 84 45 85 35 110 34 111 32
3317 -10.19122695922852 4.418900966644287 -3.784905195236206 141 103 20 0 84 46 85 36
3318 -6.189228534698486 1.272846579551697 -6.127257823944092 109 96 27 0 84 47 85 37 88 10 89 14 90 11 91 13 104 12 105 11 106 10 107 10 108 17 109 28 110 35
3319 -6.732081413269043 -1.186633110046387 -6.307403087615967 93 81 11 0 84 48 107 11 108 18
3320 -7.883044242858887 -1.467118382453918 -6.271860599517822 81 67 16 0 84 49 108 19
3321 -9.221649169921875 0.348836362361908 -6.231859683990479 130 109 40 0 84 50 108 20 109 29
3322 -6.266116619110107 0.5763030648231506 -6.322555065155029 124 106 18 0 84 51 87 7 109 30 110 36
3323 -4.815980434417725 1.212620496749878 -5.949039936065674 133 121 35 0 84 52 110 37
3324 -6.774181365966797 1.048500657081604 -6.303762435913086 105 95 25 0 84 53 109 31 110 38 111 33
3325 0.4842336177825928 16.70621490478516 -5.122627735137939 160 142 74 0 147 66 148 58
3326 -10.27837562561035 2.665482997894287 -4.516749382019043 71 60 20 0 85 38 110 39
3327 -7.953440189361572 14.06235790252686 -2.566499710083008 170 129 29 0 122 40 123 53
3328 -8.056041717529297 13.54350090026855 -3.533724308013916 129 105 40 0 154 32 157 27 163 40 166 45
3329 -10.0404224395752 3.685230255126953 -3.656928539276123 58 58 12 0 85 39 86 21 109 32
3330 -5.354265689849854 1.445132493972778 -6.37509298324585 97 83 20 0 85 40 86 22 87 8
3331 -14.03755950927734 1.080982685089111 -5.821942806243896 38 25 13 0 85 41 86 23 87 9
3332 -13.99710941314697 0.4826354384422302 -4.192553520202637 29 26 9 0 85 42 86 24
3333 -14.18592071533203 0.204677015542984 -4.259827136993408 40 35 12 0 85 43 86 25
3334 -12.87247943878174 -0.3874482214450836 -3.863885641098022 38 40 20 0 85 44 86 26
3335 -13.09679794311523 1.694859147071838 -5.715120792388916 81 59 16 0 85 45 86 27
3336 -12.76609134674072 -0.2314249277114868 -3.890802383422852 50 48 26 0 85 46 86 28 87 10
3337 -13.94956302642822 0.7164317965507507 -6.200736999511719 67 48 12 0 85 47 86 29
3338 -9.57399845123291 -1.218227386474609 -3.57267951965332 44 44 15 0 85 48 86 30
3339 -9.61037540435791 3.606545448303223 -3.676957130432129 110 102 34 0 85 49 86 31
3340 -14.54743957519531 0.165726974606514 -4.492854118347168 66 60 27 0 85 50 86 32
3341 -13.38279056549072 1.120616555213928 -5.381725311279297 102 79 27 0 85 51 86 33
3342 -14.26377105712891 0.1362429708242416 -6.400652885437012 67 53 19 0 85 52 86 34
3343 -13.65349960327148 0.05512597039341927 -3.359903573989868 79 66 27 0 85 53 86 35
3344 -13.85037136077881 0.400901585817337 -6.401697635650635 86 65 20 0 85 54 86 36
3345 -9.501623153686523 -1.088002681732178 -3.782355785369873 125 82 20 0 85 55 86 37 109 33 110 40
3346 -8.60639762878418 -1.24811327457428 -6.230277061462402 69 59 13 0 85 56 90 12
3347 -7.746830463409424 4.011239528656006 -5.593424797058105 80 65 13 0 85 57 110 41
3348 -10.11425399780273 4.614354133605957 -4.057056903839111 86 62 20 0 85 58 110 42 111 34
3349 -9.948637962341309 3.02595329284668 -4.084290504455566 50 46 14 0 85 59 86 38 109 34 110 43
3350 -9.30118465423584 -1.24632203578949 -3.76917839050293 90 69 24 0 85 60 110 44
3351 -9.61271858215332 -0.9558875560760498 -3.781991720199585 65 46 14 0 85 61 110 45
3352 -7.816411972045898 3.509044885635376 -4.953284740447998 136 117 52 0 85 62 110 46
3353 -6.417313098907471 2.058180570602417 -6.933590888977051 70 58 17 0 85 63 110 47
3354 -4.314346313476562 11.31309223175049 -4.171618938446045 161 124 31 0 148 59 149 56 150 57
3355 -4.507487297058105 12.29427528381348 -4.17192554473877 131 103 33 0 166 46 169 40
3356 -7.47426176071167 14.5788049697876 -5.677259922027588 136 92 24 0 139 19 140 29
3357 -10.01210975646973 3.35791015625 -3.87380838394165 42 41 13 0 86 39 87 11 109 35 110 48 111 35 112 32
3358 -14.33486270904541 1.795284509658813 -4.612456798553467 52 47 12 0 86 40 87 12
3359 -13.1540699005127 1.814347982406616 -5.819323539733887 86 65 14 0 86 41 87 13 88 11 89 15
3360 -13.90174961090088 3.420887470245361 -6.273748397827148 99 73 21 0 86 42 87 14
3361 -14.13546752929688 3.180580615997314 -6.373836040496826 97 69 20 0 86 43 87 15
3362 -12.92801570892334 -0.3721444606781006 -3.593245506286621 29 29 12 0 86 44 87 16 88 12
3363 -14.52157592773438 4.019477367401123 -6.143113613128662 63 44 12 0 86 45 87 17 108 21 109 36 110 49
3364 -7.254471778869629 2.545733690261841 -5.849662780761719 59 53 12 0 86 46 88 13 89 16 90 13 106 11 107 12 108 22
3365 -5.38623046875 -1.281029224395752 -6.555550575256348 134 123 37 0 86 47 87 18
3366 -9.725063323974609 2.669325113296509 -4.585701465606689 120 100 41 0 86 48 87 19 109 37 110 50
3367 -7.483108997344971 3.697669506072998 -6.124730587005615 99 86 25 0 86 49 87 20 88 14 89 17 105 12 106 12 107 13 108 23 109 38
3368 -12.05016136169434 3.648546695709229 -4.140289783477783 165 125 28 0 86 50 87 21
3369 -13.00779628753662 -0.1516130417585373 -3.69704794883728 104 86 36 0 86 51 87 22
3370 -10.21784496307373 2.617432355880737 -4.557616233825684 102 81 26 0 86 52 87 23 109 39
3371 -5.340327262878418 1.332449078559875 -6.175444602966309 88 84 24 0 86 53 88 15
3372 -7.818982124328613 3.223451137542725 -4.652506828308105 104 87 31 0 86 54 88 16
3373 -11.25963878631592 2.086085796356201 -3.561788558959961 162 122 27 0 86 55 88 17
3374 -14.40061569213867 1.484220147132874 -3.336581468582153 44 42 13 0 86 56 109 40
3375 -9.959854125976562 4.040668487548828 -3.857640266418457 62 59 11 0 86 57 109 41
3376 -7.720035076141357 3.337820291519165 -4.824252605438232 103 86 28 0 86 58 108 24 109 42
3377 -6.711122512817383 -0.792386531829834 -6.26857328414917 107 98 23 0 86 59 108 25 109 43 110 51
3378 -14.41309833526611 2.287704944610596 -3.717718601226807 133 113 55 0 86 60 109 44 110 52
3379 -14.82785415649414 3.572258472442627 -5.975096225738525 76 57 17 0 86 61 109 45
3380 -14.27947044372559 2.161815643310547 -4.040268421173096 116 101 49 0 86 62 109 46 110 53
3381 -6.295856952667236 -0.8085663318634033 -6.473562240600586 120 110 25 0 86 63 109 47
3382 -8.293094635009766 3.647292852401733 -6.12382984161377 126 109 48 0 86 64 87 24 88 18 108 26 109 48 110 54 111 36 112 33 113 32
3383 -10.59262943267822 4.380688667297363 -4.01121997833252 165 127 25 0 96 5 101 21
3384 -10.17592334747314 3.206369876861572 -3.980499744415283 47 43 12 0 87 25 88 19
3385 -13.76920890808105 0.821236252784729 -2.459714651107788 30 33 12 0 87 26 88 20
3386 -13.19305515289307 5.758979797363281 -6.364522457122803 92 68 15 0 87 27 88 21
3387 -6.956326961517334 2.81527853012085 -6.091540813446045 58 49 10 0 87 28 88 22 89 18 90 14 106 13 107 14 108 27 109 49
3388 -14.66635990142822 3.88984227180481 -4.530289173126221 47 39 11 0 87 29 88 23 108 28
3389 -6.536036491394043 1.542435646057129 -6.012637615203857 78 65 13 0 87 30 88 24 89 19 107 15 108 29 109 50
3390 -14.47175788879395 3.971766471862793 -4.131640434265137 39 34 12 0 87 31 88 25
3391 -7.79465913772583 3.689533710479736 -6.127732276916504 98 85 24 0 87 32 88 26
3392 -14.56203174591064 2.324536085128784 -3.69701075553894 134 114 45 0 87 33 88 27 89 20 108 30
3393 -14.98843860626221 3.596555948257446 -6.126030445098877 86 65 19 0 87 34 88 28 89 21
3394 -12.6652364730835 2.092256546020508 -6.378029346466064 78 57 16 0 87 35 88 29
3395 -5.730314254760742 -1.553838849067688 -6.195234298706055 124 112 22 0 87 36 109 51
3396 -10.83179759979248 1.833859205245972 -3.495272397994995 108 82 22 0 87 37 109 52
3397 -11.05023574829102 1.4994056224823 -3.489972352981567 82 57 12 0 87 38 109 53
3398 -12.36081409454346 3.311888217926025 -4.336879730224609 138 94 11 0 87 39 109 54
3399 -7.147619247436523 3.297882556915283 -4.677639007568359 116 93 29 0 87 40 109 55
3400 -10.5906982421875 2.681154012680054 -3.738398551940918 50 40 11 0 87 41 109 56
3401 -15.39835453033447 4.341517925262451 -6.619065761566162 44 26 13 0 87 42 109 57
3402 -11.4386625289917 2.327571868896484 -3.996214389801025 148 109 20 0 87 43 109 58
3403 -15.36781406402588 3.910537958145142 -5.235903263092041 75 48 13 0 87 44 109 59
3404 -8.847482681274414 2.950677871704102 -6.311149120330811 101 79 23 0 87 45 109 60 110 55 111 37
3405 -6.5749831199646 1.653205990791321 -5.567634105682373 95 82 24 0 87 46 109 61
3406 -14.5377368927002 4.833056449890137 -6.31168270111084 68 53 19 0 87 47 108 31 109 62
3407 -7.773603439331055 3.861679077148438 -4.761574268341064 141 125 56 0 87 48 107 16 108 32 109 63 110 56 111 38
3408 -9.575392723083496 2.509768486022949 -5.512129306793213 120 97 36 0 87 49 110 57
3409 -8.179089546203613 3.353778839111328 -6.150666236877441 60 51 11 0 87 50 110 58 111 39 112 34
3410 -7.717081546783447 3.246438026428223 -6.155975341796875 70 54 18 0 87 51 110 59 111 40
3411 -14.218918800354 4.570405960083008 -6.08787727355957 66 50 11 0 100 9 101 22
3412 -3.605594635009766 -0.1497874855995178 -6.550951957702637 132 112 41 0 113 33 114 51
3413 1.447942852973938 13.45348167419434 -5.848554134368896 135 116 30 0 147 67 148 60
3414 -14.80543422698975 2.273278713226318 -3.6046302318573 64 45 15 0 88 30 89 22 90 15 91 14 92 9 93 16 102 6 103 1 104 13 106 14
3415 -6.794660091400146 1.558240532875061 -5.848955631256104 100 79 12 0 88 31 89 23
3416 -14.55868911743164 4.015088558197021 -6.075603485107422 67 48 11 0 88 32 89 24 90 16
3417 -14.25587177276611 -0.2688412666320801 -2.77156925201416 68 51 17 0 88 33 89 25 90 17 105 13 106 15 107 17 108 33
3418 -7.323901176452637 2.037128925323486 -5.52741003036499 70 57 12 0 88 34 89 26
3419 -13.03760814666748 3.284861087799072 -5.979223251342773 94 69 15 0 88 35 89 27
3420 -13.2497615814209 3.309945344924927 -6.192803859710693 88 64 15 0 88 36 89 28
3421 -14.17414379119873 4.243645668029785 -4.912070274353027 60 45 12 0 88 37 89 29
3422 -14.38415145874023 0.0005453170160762966 -2.946274995803833 57 44 12 0 88 38 89 30 106 16 107 18 108 34
3423 -8.287834167480469 1.892847299575806 -6.23536491394043 75 66 18 0 88 39 89 31 91 15 92 10 104 14 106 17 107 19 108 35 109 64 110 60 111 41 112 35
3424 -14.39600276947021 3.832759857177734 -4.70526647567749 84 65 21 0 88 40 89 32
3425 -14.2186107635498 4.64193058013916 -4.477487564086914 131 106 32 0 88 41 89 33
3426 -14.37971210479736 0.3001019656658173 -2.949357271194458 45 44 22 0 88 42 89 34 108 36
3427 -14.61043643951416 3.141845226287842 -3.637214660644531 92 67 23 0 88 43 89 35
3428 -12.85188388824463 2.973087787628174 -3.925698041915894 152 113 21 0 88 44 89 36
3429 -14.64461135864258 2.320281267166138 -3.7119460105896 130 112 43 0 88 45 89 37 90 18
3430 -14.03115844726562 4.238010406494141 -6.135709762573242 103 80 29 0 88 46 89 38
3431 -14.05838203430176 4.928119659423828 -4.317136287689209 82 70 22 0 88 47 89 39 90 19
3432 -9.724382400512695 2.998278379440308 -4.10206127166748 121 111 41 0 88 48 89 40 106 18 107 20
3433 -7.404222965240479 1.499758124351501 -6.152271270751953 90 80 25 0 88 49 89 41 90 20 91 16 92 11 94 9 95 4 104 15 105 14 106 19 107 21 108 37 109 65 110 61
3434 -6.899219036102295 1.495870351791382 -6.066654682159424 106 93 28 0 88 50 89 42 107 22
3435 -14.87970447540283 4.266621112823486 -6.009350776672363 74 56 17 0 88 51 89 43 90 21
3436 -14.04208850860596 3.40904688835144 -5.94453239440918 121 94 36 0 88 52 89 44
3437 -7.448148727416992 3.066278457641602 -5.442718029022217 67 55 11 0 88 53 108 38 109 66
3438 -14.2156867980957 0.1513420045375824 -3.498631477355957 33 35 14 0 88 54 108 39
3439 -6.831729888916016 1.689166307449341 -6.08152961730957 80 66 14 0 88 55 108 40
3440 -13.35804653167725 4.341872215270996 -6.233927249908447 52 28 13 0 88 56 108 41
3441 -14.49428081512451 2.424095392227173 -3.764670133590698 80 54 12 0 88 57 108 42
3442 -11.06253528594971 1.967350363731384 -3.642626762390137 150 111 19 0 88 58 108 43
3443 -13.775803565979 -0.2912412881851196 -2.924360990524292 62 47 17 0 88 59 108 44
3444 -14.04079151153564 0.1429008394479752 -3.633871078491211 40 34 11 0 88 60 108 45
3445 -7.795875072479248 4.016785621643066 -5.009363651275635 105 86 18 0 88 61 108 46
3446 -8.61393928527832 1.846731305122375 -6.13352108001709 84 70 15 0 88 62 108 47 109 67 110 62 111 42
3447 -7.549139022827148 4.24668550491333 -6.01368236541748 83 68 11 0 88 63 108 48
3448 -14.20408058166504 0.2580135464668274 -2.874114036560059 29 30 11 0 88 64 108 49
3449 -6.780130386352539 2.696660280227661 -5.69576358795166 95 83 29 0 88 65 108 50
3450 -14.28315925598145 0.1940355151891708 -2.805253028869629 61 59 26 0 88 66 108 51
3451 -13.22202014923096 6.043750286102295 -7.070066928863525 102 79 27 0 88 67 108 52
3452 -10.52928256988525 3.295485496520996 -3.690768003463745 170 136 34 0 88 68 108 53
3453 -13.98833751678467 0.7364630699157715 -2.449419736862183 64 68 36 0 88 69 108 54
3454 -6.657596588134766 1.639924645423889 -5.592938899993896 93 78 22 0 88 70 107 23 108 55
3455 -12.295578956604 3.217336893081665 -4.403400421142578 124 85 14 0 92 12 104 16
3456 -11.21653366088867 11.03988742828369 -3.416635751724243 139 110 37 0 98 8 99 16
3457 -8.583677291870117 4.283360958099365 -6.080010414123535 142 121 43 0 111 43 112 36 113 34
3458 -14.92031478881836 4.186070442199707 -4.04051399230957 33 30 11 0 89 45 90 22 91 17 92 13 106 20 107 24 108 56
3459 -14.15624523162842 -0.3059266209602356 -2.782663345336914 58 42 11 0 89 46 90 23 105 15 106 21 107 25
3460 -13.57529735565186 5.098847389221191 -5.931868076324463 103 80 25 0 89 47 90 24 91 18
3461 -13.32527732849121 4.238861560821533 -5.983794212341309 56 34 14 0 89 48 90 25 91 19
3462 -14.70285224914551 2.099573612213135 -3.679027795791626 79 63 28 0 89 49 90 26
3463 -13.53648948669434 6.612760543823242 -4.552789211273193 80 63 17 0 89 50 90 27
3464 -12.77215385437012 6.277404308319092 -6.055397987365723 54 31 13 0 89 51 90 28 91 20 92 14 93 17 94 10 105 16 106 22 107 26 108 57
3465 -14.0506649017334 4.824643611907959 -3.940584659576416 68 57 11 0 89 52 90 29
3466 -14.26040744781494 1.403352499008179 -3.077646493911743 29 28 12 0 89 53 90 30
3467 -13.89435005187988 -0.3646424412727356 -2.83410382270813 69 56 16 0 89 54 90 31 105 17 106 23
3468 -14.82197189331055 4.148289680480957 -6.819366455078125 80 60 17 0 89 55 90 32
3469 -14.20347309112549 1.208377718925476 -3.453770875930786 41 46 21 0 89 56 90 33
3470 -8.283428192138672 2.131795406341553 -6.367069721221924 86 77 22 0 89 57 90 34
3471 -15.5052604675293 2.830832004547119 -4.095119953155518 125 92 15 0 89 58 90 35 91 21
3472 -14.83019256591797 2.122845411300659 -3.635135889053345 83 66 23 0 89 59 90 36 91 22 92 15 93 18 104 17 105 18 106 24
3473 -14.55498123168945 2.122615098953247 -3.745262622833252 112 97 44 0 89 60 90 37 91 23 94 11 103 2 104 18 105 19 106 25
3474 -14.73282623291016 2.904950618743896 -3.638935089111328 136 110 37 0 89 61 90 38
3475 -14.55715751647949 1.825038552284241 -3.512017011642456 103 90 39 0 89 62 90 39 91 24
3476 -6.948230266571045 3.037880420684814 -6.273391246795654 70 59 12 0 89 63 106 26
3477 -14.53994941711426 4.098883628845215 -4.139786243438721 36 32 12 0 89 64 107 27
3478 -14.00689888000488 5.895202159881592 -5.987357139587402 91 71 22 0 89 65 107 28
3479 -13.82633876800537 6.142931938171387 -5.708179950714111 85 67 19 0 89 66 106 27 107 29
3480 -6.851395606994629 2.033978462219238 -5.600618362426758 68 55 12 0 89 67 107 30
3481 -8.187542915344238 2.943952322006226 -6.281955242156982 57 47 11 0 89 68 107 31
3482 -7.098274230957031 1.857622623443604 -5.196478843688965 93 78 25 0 89 69 105 20 106 28 107 32
3483 -12.76653099060059 5.297136783599854 -5.115018367767334 110 87 34 0 89 70 107 33
3484 -7.868381500244141 1.910779476165771 -6.146415710449219 75 66 17 0 89 71 107 34
3485 -14.0040979385376 5.462824821472168 -4.102294445037842 108 91 37 0 89 72 107 35
3486 -10.65288925170898 2.25966215133667 -3.900847673416138 150 117 27 0 89 73 107 36
3487 -12.71514892578125 5.883926391601562 -6.175114154815674 106 84 31 0 89 74 107 37 108 58
3488 -12.84829330444336 4.706327438354492 -6.05241060256958 116 92 33 0 89 75 107 38
3489 -8.294560432434082 -11.94571590423584 -22.09603500366211 96 81 17 0 108 59 109 68
3490 -12.80836296081543 3.042370557785034 -4.314692497253418 145 108 34 0 109 69 110 63 111 44
3491 -3.08760142326355 -2.847811937332153 -3.093979120254517 83 67 24 0 179 12 182 17 185 10
3492 -10.09845161437988 3.921248912811279 -3.909710884094238 75 71 29 0 110 64 111 45 112 37
3493 -15.10813522338867 4.60404634475708 -4.015581607818604 43 37 13 0 90 40 91 25 92 16
3494 -14.07667446136475 4.09864616394043 -4.823446273803711 72 60 19 0 90 41 91 26
3495 -12.42991828918457 5.21810245513916 -6.593501091003418 99 73 19 0 90 42 91 27
3496 -14.00443840026855 5.887846946716309 -5.727066993713379 75 61 16 0 90 43 91 28
3497 -14.99271392822266 4.969411849975586 -4.185943603515625 42 39 13 0 90 44 91 29
3498 -13.5562047958374 6.25644063949585 -5.169341087341309 99 80 30 0 90 45 91 30 105 21 106 29 107 39
3499 -13.41861629486084 5.642106056213379 -6.001914024353027 100 78 26 0 90 46 91 31 92 17
3500 -14.38900661468506 4.514359474182129 -3.983146905899048 43 40 12 0 90 47 91 32
3501 -13.19717407226562 3.647557258605957 -7.126570224761963 83 61 14 0 90 48 91 33
3502 -14.18836879730225 3.932964086532593 -4.75425386428833 64 50 13 0 90 49 91 34
3503 -14.7009105682373 3.974934101104736 -4.217945575714111 43 39 12 0 90 50 91 35 92 18
3504 -14.81463241577148 4.430002212524414 -4.260133266448975 33 32 14 0 90 51 91 36
3505 -14.00723648071289 6.799434661865234 -5.842086791992188 85 70 19 0 90 52 91 37
3506 -15.06030941009521 4.964399814605713 -4.041674137115479 49 40 12 0 90 53 91 38
3507 -12.33348560333252 6.078037261962891 -6.184491157531738 97 74 20 0 90 54 91 39 92 19 93 19 94 12
3508 -13.37998104095459 4.758535385131836 -5.88911247253418 113 92 36 0 90 55 91 40
3509 -13.79402446746826 6.112077236175537 -4.837179660797119 119 101 50 0 90 56 91 41
3510 -14.28130435943604 4.315400123596191 -4.371184825897217 104 99 45 0 90 57 91 42
3511 -15.16570281982422 4.62591028213501 -3.914100646972656 106 83 17 0 90 58 91 43 92 20
3512 -13.6544132232666 3.165110111236572 -5.458054065704346 99 77 28 0 90 59 91 44
3513 -12.77873802185059 5.666610240936279 -5.797009468078613 109 87 31 0 90 60 91 45
3514 -15.17947292327881 4.908957958221436 -3.984276056289673 116 89 18 0 90 61 91 46
3515 -13.83422565460205 6.431481838226318 -4.992055892944336 113 94 44 0 90 62 91 47
3516 -13.79219341278076 4.422373294830322 -5.811352252960205 101 80 31 0 90 63 91 48
3517 -9.978172302246094 2.892473697662354 -3.877686500549316 103 98 39 0 90 64 91 49
3518 -10.81019306182861 2.895684003829956 -3.52655291557312 175 141 44 0 90 65 91 50 92 21 93 20 104 19 105 22
3519 -14.01688289642334 4.39719295501709 -4.602035522460938 122 107 62 0 90 66 91 51
3520 -12.97658157348633 4.285967350006104 -5.34735631942749 118 93 36 0 90 67 91 52
3521 -15.57755374908447 2.967196941375732 -3.743473529815674 137 104 19 0 90 68 91 53
3522 -14.08181667327881 3.055832862854004 -4.937614440917969 95 74 24 0 90 69 91 54
3523 -8.688410758972168 -1.165495872497559 -6.105484008789062 77 64 13 0 90 70 105 23
3524 -8.946603775024414 0.2104968279600143 -6.167700290679932 82 70 11 0 90 71 105 24
3525 -11.8567361831665 6.007474422454834 -4.083858013153076 74 46 11 0 90 72 105 25
3526 -7.556912422180176 1.731402993202209 -6.202343940734863 70 62 13 0 90 73 92 22 106 30 107 40 110 65
3527 -5.825687885284424 0.7271581888198853 -5.985474109649658 105 94 14 0 90 74 106 31
3528 -6.702081680297852 1.725645303726196 -5.87441349029541 80 66 13 0 90 75 106 32
3529 -7.700255393981934 -0.6609349250793457 -6.082316398620605 116 107 34 0 90 76 106 33
3530 -13.9745044708252 -0.3691568374633789 -3.017635107040405 87 75 32 0 90 77 106 34 107 41 108 60
3531 -6.154890060424805 1.426417589187622 -4.964885234832764 145 131 41 0 90 78 106 35
3532 -5.790153980255127 0.3658115863800049 -6.024527072906494 129 119 27 0 90 79 105 26 106 36
3533 -6.63894510269165 2.63010311126709 -6.002906322479248 89 76 25 0 90 80 106 37 107 42
3534 -7.371486186981201 12.96710395812988 -6.875550270080566 89 74 13 0 121 39 122 41
3535 -3.075604677200317 11.31051158905029 -4.926401615142822 128 107 27 0 122 42 123 54
3536 3.825754404067993 6.22455358505249 -5.86637544631958 112 95 23 0 181 64 184 81
3537 -12.39827919006348 4.707685947418213 -3.84726881980896 83 56 13 0 91 55 92 23
3538 -14.94350147247314 2.019875526428223 -3.684006690979004 62 47 16 0 91 56 92 24
3539 -12.91560840606689 5.084502696990967 -6.109066963195801 93 71 19 0 91 57 92 25 93 21
3540 -11.9396915435791 5.254758834838867 -4.169972896575928 151 114 28 0 91 58 92 26 93 22 94 13 95 5
3541 -12.2230978012085 6.153656482696533 -5.855764865875244 115 92 29 0 91 59 92 27
3542 -13.93517971038818 6.812877178192139 -5.100840091705322 111 93 41 0 91 60 92 28
3543 -15.18359279632568 2.399715900421143 -3.587531566619873 109 88 24 0 91 61 92 29
3544 -9.257527351379395 0.3029771745204926 -6.220337390899658 143 125 58 0 91 62 92 30
3545 -10.88270092010498 2.961471319198608 -4.076183319091797 171 133 34 0 91 63 92 31
3546 -13.62615013122559 5.90794563293457 -6.086832523345947 107 87 35 0 91 64 92 32 93 23
3547 -14.59507083892822 4.348207950592041 -2.440432071685791 118 88 16 0 91 65 92 33
3548 -10.49679660797119 5.519930362701416 -3.562865972518921 163 135 57 0 91 66 92 34
3549 -12.10429286956787 5.148160457611084 -2.912991046905518 88 58 13 0 91 67 104 20
3550 -15.41336441040039 1.626604437828064 -3.742265701293945 95 75 20 0 91 68 94 14 104 21
3551 -4.953214168548584 0.2611036002635956 -6.112933158874512 140 129 39 0 91 69 104 22
3552 -15.58485317230225 2.571660995483398 -3.953614473342896 120 93 28 0 91 70 104 23
3553 -12.73158931732178 -0.3739819228649139 -3.899260282516479 140 131 81 0 91 71 104 24 105 27 106 38
3554 -11.21537685394287 4.838989734649658 -3.286055564880371 175 137 26 0 91 72 104 25
3555 -7.024925708770752 0.2792956531047821 -5.767029285430908 128 116 30 0 91 73 104 26 105 28
3556 -11.47401237487793 6.938925266265869 -4.146944522857666 130 91 22 0 91 74 103 3 104 27
3557 -9.620061874389648 3.874523401260376 -4.008863925933838 79 75 11 0 91 75 105 29 106 39
3558 -7.209712028503418 2.645847320556641 -6.094649791717529 60 54 12 0 91 76 105 30
3559 -6.990392208099365 2.325513601303101 -6.2162766456604 66 58 12 0 91 77 105 31
3560 -6.433426856994629 -0.3222512006759644 -6.061727523803711 132 119 33 0 91 78 105 32
3561 -6.887100696563721 0.6943769454956055 -5.699591159820557 120 109 26 0 91 79 105 33
3562 -7.721319675445557 1.912613272666931 -6.3409743309021 74 67 18 0 91 80 105 34
3563 -9.896023750305176 -0.4909647107124329 -6.569165229797363 141 120 50 0 91 81 105 35
3564 4.026238441467285 8.70731258392334 -5.799510955810547 102 82 11 0 153 77 155 115
3565 2.886556625366211 6.449512004852295 -5.389214992523193 100 82 19 0 153 78 155 116 158 122
3566 -2.970232009887695 9.500055313110352 -4.918749332427979 102 75 12 0 153 79 155 117
3567 -11.42824554443359 8.541788101196289 -2.42521595954895 159 129 43 0 95 6 96 6
3568 -10.25801849365234 4.445979118347168 -5.715475082397461 176 139 37 0 92 35 93 24
3569 -11.15890407562256 5.212808609008789 -2.897133111953735 172 134 25 0 92 36 93 25 94 15
3570 -12.60083293914795 4.934460163116455 -6.082107543945312 90 68 17 0 92 37 93 26
3571 -11.67043781280518 6.821676731109619 -2.623175144195557 86 55 15 0 92 38 93 27
3572 -10.55244922637939 4.166339874267578 -3.659056186676025 179 141 36 0 92 39 93 28
3573 -15.4565544128418 2.574124097824097 -3.691926002502441 100 79 26 0 92 40 93 29
3574 -10.93383121490479 4.277910232543945 -3.989519596099854 183 145 41 0 92 41 93 30
3575 -8.823546409606934 2.331393003463745 -5.099606990814209 84 76 23 0 92 42 93 31
3576 -11.00142288208008 9.711195945739746 -5.381204605102539 73 50 13 0 92 43 93 32
3577 -7.522239685058594 1.217609882354736 -6.043199062347412 113 105 58 0 92 44 95 7 104 28
3578 -7.72214412689209 0.3805351853370667 -6.28519868850708 108 99 24 0 92 45 103 4 105 36 106 40
3579 -13.61619186401367 0.9464552402496338 -2.729506015777588 58 53 18 0 92 46 104 29
3580 -9.596636772155762 3.74943995475769 -4.071940422058105 94 91 27 0 92 47 104 30
3581 -13.98574638366699 1.041756868362427 -2.908866167068481 70 74 35 0 92 48 104 31
3582 -13.86714649200439 0.9470832347869873 -2.909927606582642 44 47 21 0 92 49 103 5 104 32 105 37 106 41
3583 -11.42224025726318 2.062476634979248 -3.379707813262939 148 109 16 0 92 50 105 38 106 42
3584 -11.34542942047119 2.749833583831787 -3.404298543930054 161 122 22 0 92 51 106 43
3585 -16.56184387207031 3.488582611083984 -5.310853958129883 122 87 15 0 92 52 106 44
3586 -7.945939540863037 1.794676303863525 -6.378340721130371 68 62 15 0 92 53 110 66
3587 -14.62704086303711 2.346355438232422 -3.768518924713135 116 98 41 0 93 33 94 16 102 7 103 6 104 33
3588 -9.622991561889648 3.824823141098022 -3.86787223815918 80 79 18 0 93 34 94 17
3589 -11.00413990020752 9.472779273986816 -6.149869918823242 64 45 14 0 93 35 94 18 103 7
3590 -10.65198802947998 6.641175746917725 -3.146473169326782 161 123 21 0 93 36 94 19
3591 -14.82381057739258 2.315888166427612 -3.773366212844849 61 47 18 0 93 37 94 20
3592 -11.15811920166016 6.00277853012085 -4.203208446502686 91 51 11 0 93 38 94 21
3593 -12.34019660949707 0.420626163482666 -7.37714958190918 51 44 16 0 93 39 94 22
3594 -10.18909358978271 3.771828413009644 -3.699665784835815 52 51 11 0 93 40 94 23 95 8
3595 -11.41558265686035 1.7758629322052 -6.060574054718018 71 49 16 0 93 41 94 24
3596 -14.60909557342529 1.793383121490479 -3.782914400100708 89 81 39 0 93 42 94 25
3597 -11.74165821075439 6.830973625183105 -6.395751953125 116 97 39 0 93 43 94 26
3598 -12.24258613586426 1.295802354812622 -6.241213321685791 39 35 22 0 93 44 94 27
3599 -14.71470832824707 2.284189224243164 -3.665234327316284 89 75 39 0 93 45 94 28
3600 -10.45849418640137 7.410308837890625 -3.60593581199646 162 123 20 0 93 46 94 29
3601 -14.93542098999023 5.901561737060547 -4.288782119750977 107 77 15 0 93 47 94 30
3602 -7.807756423950195 7.613614082336426 -5.561914920806885 148 131 31 0 93 48 94 31
3603 -15.20611476898193 2.460901498794556 -3.809417009353638 99 81 29 0 93 49 94 32
3604 -16.12944984436035 6.680816650390625 -3.101914882659912 138 102 12 0 93 50 94 33
3605 -12.62044715881348 5.983963012695312 -6.13095760345459 88 68 21 0 93 51 94 34
3606 -11.4573392868042 0.9292664527893066 -6.832373142242432 62 43 16 0 93 52 94 35
3607 -13.39580059051514 6.888753414154053 -3.058144092559814 134 117 74 0 93 53 94 36
3608 -10.06269645690918 8.270109176635742 -5.968766689300537 114 88 29 0 93 54 94 37
3609 -10.99671268463135 7.97047233581543 -2.818398237228394 160 124 24 0 93 55 95 9
3610 -11.31872272491455 5.839381694793701 -3.893326282501221 104 70 22 0 93 56 95 10 96 7 97 7
3611 -11.26287651062012 3.734463691711426 -3.182470083236694 170 133 31 0 93 57 95 11
3612 -10.84936904907227 5.628982067108154 -3.981094360351562 166 127 23 0 93 58 95 12
3613 -11.51013088226318 5.443078994750977 -3.972475290298462 126 101 41 0 93 59 95 13
3614 -14.51548290252686 1.369738698005676 -3.433053255081177 33 31 11 0 93 60 104 34
3615 -11.31912231445312 0.2261326760053635 -5.884170532226562 120 97 32 0 93 61 104 35 105 39 106 45 107 43 108 61
3616 -10.30327701568604 0.5423898100852966 -5.806458950042725 139 102 17 0 93 62 104 36
3617 -12.87994384765625 8.222466468811035 -5.210262775421143 68 51 16 0 94 38 95 14
3618 -11.58846282958984 6.734917163848877 -5.384233474731445 51 35 12 0 94 39 95 15 96 8
3619 -12.80091190338135 7.797461986541748 -5.021040439605713 77 62 28 0 94 40 95 16
3620 -10.36182117462158 9.677210807800293 -4.411592483520508 157 120 23 0 94 41 95 17 118 53
3621 -10.74846744537354 6.712698459625244 -2.725016593933105 161 123 21 0 94 42 95 18
3622 -11.60245990753174 5.759622573852539 -3.576370000839233 125 100 43 0 94 43 95 19
3623 -14.69259166717529 2.505822896957397 -3.761539697647095 81 63 22 0 94 44 103 8
3624 -9.212489128112793 0.37741819024086 -6.218005657196045 140 115 36 0 94 45 103 9
3625 -14.94565391540527 1.466663122177124 -3.433125495910645 72 60 19 0 94 46 103 10
3626 -14.88938903808594 2.352430820465088 -3.590181827545166 98 78 25 0 94 47 104 37
3627 -11.39642715454102 4.823180198669434 -3.584613561630249 164 125 27 0 94 48 114 52
3628 -11.44272136688232 2.237934350967407 -5.859417915344238 92 66 22 0 94 49 114 53
3629 2.778009176254272 15.0638370513916 -5.447292804718018 111 93 30 0 151 68 153 80 155 118
3630 4.219601631164551 8.432958602905273 -5.951865673065186 108 97 32 0 155 119 158 123 161 118 164 127
3631 -14.6504020690918 8.068023681640625 -3.308652400970459 133 103 15 0 95 20 96 9
3632 -7.293125629425049 7.093198776245117 -5.775330543518066 100 87 13 0 96 10 97 8 98 9 99 17 100 10 101 23
3633 -7.896977424621582 -3.705827951431274 -18.19368553161621 59 40 11 0 95 21 96 11
3634 -9.588068962097168 3.896623373031616 -3.807726621627808 69 63 14 0 95 22 96 12
3635 -9.958334922790527 4.559088706970215 -3.801933765411377 72 62 14 0 95 23 96 13 97 9
3636 -15.80048847198486 8.851371765136719 -3.527055740356445 141 103 12 0 95 24 96 14
3637 -11.33780765533447 8.943772315979004 -2.80666184425354 160 123 25 0 95 25 96 15
3638 -10.25379753112793 4.026819229125977 -3.59945011138916 58 54 11 0 95 26 96 16
3639 -7.839728355407715 4.350062370300293 -6.059780597686768 111 95 32 0 95 27 96 17 97 10
3640 -9.265474319458008 3.802120685577393 -3.923928022384644 86 74 26 0 95 28 96 18
3641 -14.75854396820068 8.997265815734863 -5.015781879425049 118 94 37 0 95 29 96 19
3642 -12.20991516113281 8.933540344238281 -2.735612869262695 170 134 29 0 95 30 96 20 97 11
3643 -11.18423080444336 6.636589527130127 -3.789719581604004 89 51 10 0 95 31 97 12
3644 -8.270669937133789 5.223721981048584 -5.421864032745361 119 105 30 0 95 32 98 10
3645 -7.752805709838867 7.050286769866943 -5.862030029296875 164 138 54 0 95 33 98 11 99 18
3646 -7.133978366851807 5.10309886932373 -6.160925388336182 102 90 17 0 95 34 102 8
3647 -11.14797115325928 3.365444660186768 -3.947381496429443 157 121 21 0 95 35 102 9
3648 -10.76645755767822 9.569679260253906 -4.357095718383789 156 118 22 0 95 36 102 10
3649 -11.31980609893799 2.8401038646698 -3.677255392074585 151 112 20 0 95 37 111 46
3650 -10.92232322692871 5.342739105224609 -3.615223169326782 159 117 23 0 95 38 116 61
3651 -14.64570140838623 2.153195142745972 -4.361048221588135 126 106 41 0 103 11 104 38
3652 -10.92843723297119 5.074581623077393 -2.775439262390137 163 126 25 0 96 21 97 13
3653 -10.90010261535645 9.818816184997559 -2.944139242172241 158 121 29 0 96 22 97 14
3654 -9.539584159851074 8.465022087097168 -3.122766256332397 50 44 10 0 96 23 97 15
3655 -6.203551292419434 4.988237857818604 -5.970054149627686 76 63 10 0 96 24 97 16 101 24 102 11
3656 -5.723313331604004 4.174139022827148 -5.967031955718994 86 72 10 0 96 25 97 17
3657 -13.98451900482178 8.057381629943848 -1.995220899581909 145 111 15 0 96 26 97 18
3658 -6.191556453704834 5.505735397338867 -5.715757369995117 138 124 35 0 96 27 97 19
3659 -9.193897247314453 8.086867332458496 -3.210581064224243 114 109 33 0 96 28 97 20
3660 -14.41828727722168 8.286887168884277 -2.201094627380371 156 119 13 0 96 29 97 21
3661 -14.33409214019775 8.492735862731934 -2.355728626251221 156 120 12 0 96 30 97 22
3662 -15.40745544433594 1.936133623123169 -6.618247985839844 78 61 24 0 96 31 97 23
3663 -14.52946186065674 1.573552846908569 -7.938269138336182 73 58 25 0 96 32 97 24
3664 -7.475796699523926 7.662518978118896 -5.179252147674561 125 114 26 0 96 33 97 25 98 12
3665 -6.113119125366211 4.06197452545166 -5.491753578186035 116 101 37 0 96 34 97 26
3666 -10.69230842590332 7.673933029174805 -3.13892388343811 151 111 17 0 96 35 97 27
3667 -14.92652130126953 5.913822174072266 -2.751434087753296 109 78 16 0 96 36 97 28
3668 -14.63213634490967 1.662576198577881 -6.724790573120117 76 60 26 0 96 37 97 29
3669 -14.08138084411621 5.840114116668701 -1.860158562660217 109 97 48 0 96 38 97 30
3670 -11.2567253112793 5.150790214538574 -3.419280767440796 160 121 25 0 96 39 101 25
3671 -6.130584239959717 6.084691524505615 -5.835811614990234 108 95 13 0 96 40 101 26
3672 -7.814541816711426 2.69400691986084 -5.216743469238281 69 59 13 0 96 41 101 27
3673 -6.059958934783936 4.651563167572021 -5.857183933258057 103 93 25 0 96 42 100 11 101 28 102 12
3674 -10.65273857116699 5.105139255523682 -4.710525989532471 158 121 28 0 97 31 98 13
3675 -14.13618087768555 4.335422515869141 -5.57016134262085 69 56 20 0 97 32 98 14
3676 -8.865592956542969 4.313005924224854 -4.592814445495605 59 54 11 0 97 33 98 15
3677 -14.93844413757324 6.27733325958252 -3.021965265274048 101 69 12 0 97 34 98 16
3678 -14.59562683105469 6.700154781341553 -3.004254579544067 91 68 15 0 97 35 98 17
3679 -8.821792602539062 4.221574306488037 -4.536696910858154 67 59 19 0 97 36 98 18
3680 -14.30433464050293 4.354256629943848 -5.259584903717041 79 69 33 0 97 37 98 19
3681 -6.923626899719238 4.455175399780273 -6.005085945129395 89 76 20 0 97 38 99 19 100 12 101 29 120 46
3682 -11.90128326416016 9.493443489074707 -3.629651069641113 163 125 26 0 97 39 101 30
3683 -32.2890739440918 21.80556297302246 -2.563585758209229 155 118 21 0 165 37 168 35
3684 -6.135985851287842 3.399773836135864 -4.869196891784668 138 111 28 0 165 38 168 36
3685 -6.027946949005127 -0.3337168395519257 -6.27298641204834 147 128 38 0 168 37 171 20
3686 -9.290535926818848 3.939200878143311 -4.314818382263184 58 52 13 0 98 20 99 20
3687 -6.723228454589844 10.14992332458496 -5.710318565368652 90 77 14 0 98 21 99 21 100 13
3688 -5.589242935180664 8.921493530273438 -5.452277660369873 88 77 11 0 98 22 99 22
3689 -9.971888542175293 4.980738639831543 -3.721498012542725 104 79 22 0 98 23 99 23
3690 -9.34389591217041 7.74849796295166 -3.302989721298218 55 51 12 0 98 24 99 24 100 14
3691 -8.190581321716309 2.80077338218689 -5.118584632873535 64 52 12 0 98 25 99 25
3692 -10.38826465606689 5.572376728057861 -3.370111465454102 155 116 23 0 98 26 99 26
3693 -8.17862606048584 8.281552314758301 -4.03201150894165 98 95 21 0 98 27 99 27
3694 -5.368602752685547 9.200828552246094 -5.33008337020874 103 91 27 0 98 28 99 28
3695 -10.20140171051025 8.509232521057129 -3.212871789932251 142 102 15 0 98 29 99 29
3696 -8.700348854064941 8.919881820678711 -3.595901966094971 87 81 19 0 98 30 99 30 100 15
3697 -8.80245304107666 3.830214023590088 -5.543966770172119 106 89 38 0 98 31 99 31
3698 -12.9200439453125 4.099580764770508 -5.521519660949707 77 60 22 0 98 32 99 32
3699 -9.838252067565918 12.93629932403564 -6.369273662567139 94 78 45 0 98 33 99 33
3700 -11.12547779083252 8.959907531738281 -3.042392730712891 152 112 19 0 98 34 99 34 100 16
3701 -13.17156314849854 8.692141532897949 -2.913719415664673 143 101 15 0 98 35 100 17
3702 -6.249778270721436 5.927754402160645 -6.250280857086182 119 106 22 0 98 36 99 35 100 18
3703 -9.541688919067383 8.203851699829102 -3.163869619369507 132 103 19 0 98 37 100 19
3704 -6.137426376342773 11.40013694763184 -5.618005275726318 94 83 24 0 98 38 100 20
3705 -10.14037322998047 8.805161476135254 -3.102479696273804 143 103 18 0 98 39 99 36 100 21
3706 -3.56452465057373 7.127308368682861 -7.506574630737305 196 158 26 0 144 48 173 137
3707 3.158156156539917 3.102918863296509 -6.254735469818115 102 79 12 0 173 138 176 93
3708 -13.73148155212402 4.482067108154297 -4.057819366455078 64 48 14 0 99 37 100 22
3709 -5.896142959594727 3.97260570526123 -6.370795249938965 65 53 9 0 99 38 100 23
3710 -4.751705169677734 4.535177707672119 -6.529704093933105 104 86 12 0 99 39 100 24
3711 -6.069327831268311 8.663941383361816 -5.985199451446533 83 73 11 0 99 40 100 25
3712 -5.775100231170654 4.948090076446533 -5.821635723114014 88 73 10 0 99 41 100 26 101 31
3713 -13.43872833251953 5.085522651672363 -3.922932386398315 69 54 19 0 99 42 100 27
3714 -7.774918556213379 4.457163333892822 -5.778115272521973 74 61 12 0 99 43 100 28
3715 -10.22160148620605 9.009281158447266 -3.413055419921875 142 100 13 0 99 44 100 29
3716 -9.315998077392578 8.444638252258301 -3.19219446182251 52 50 13 0 99 45 100 30
3717 -10.63511371612549 7.854633808135986 -2.313031673431396 138 96 13 0 99 46 100 31
3718 -13.3845329284668 3.337188005447388 -4.663548946380615 69 52 18 0 99 47 100 32
3719 -4.871419429779053 4.882081508636475 -6.31093692779541 158 139 38 0 99 48 100 33
3720 -6.32518196105957 8.335605621337891 -5.351528644561768 112 104 23 0 99 49 100 34
3721 -5.678340911865234 9.937712669372559 -5.611594676971436 82 72 18 0 99 50 100 35
3722 -7.286715984344482 3.850575923919678 -6.22437572479248 90 72 20 0 99 51 100 36
3723 -14.05707359313965 3.126515626907349 -5.450985431671143 72 54 21 0 99 52 100 37 101 32
3724 -9.959507942199707 9.521632194519043 -3.010787963867188 143 102 17 0 99 53 100 38
3725 -5.513366222381592 3.843201160430908 -6.027477264404297 113 99 34 0 99 54 100 39 101 33
3726 -10.16384410858154 7.357377529144287 -2.819274187088013 138 100 14 0 99 55 100 40
3727 -5.00742244720459 4.351693630218506 -6.409735679626465 125 111 31 0 99 56 100 41
3728 -8.344502449035645 4.556628227233887 -5.84197998046875 134 111 41 0 99 57 100 42 101 34 102 13
3729 -10.22650718688965 9.737186431884766 -3.050777673721313 144 105 17 0 99 58 100 43
3730 -4.561381816864014 5.82216215133667 -5.782727241516113 123 102 13 0 99 59 115 60
3731 -3.909568548202515 8.155750274658203 -5.746755123138428 109 96 15 0 99 60 115 61
3732 -5.980408668518066 6.880797386169434 -5.931339263916016 126 115 28 0 99 61 115 62
3733 -7.641947269439697 3.508904218673706 -6.115433216094971 55 49 11 0 100 44 101 35
3734 -5.548313140869141 8.826006889343262 -5.781586647033691 90 79 13 0 100 45 101 36
3735 -13.1356258392334 8.834104537963867 -3.562986373901367 145 102 15 0 100 46 101 37
3736 -7.126731395721436 2.750042915344238 -5.012317180633545 64 49 11 0 100 47 101 38
3737 -14.13791561126709 2.581740856170654 -5.845704078674316 53 35 11 0 100 48 101 39
3738 -14.17690753936768 4.523490428924561 -6.174954891204834 54 41 12 0 100 49 101 40
3739 -14.38080787658691 4.283746719360352 -4.573256015777588 37 33 10 0 100 50 101 41
3740 -8.527946472167969 4.877287864685059 -6.001519680023193 133 108 39 0 100 51 101 42
3741 -8.742063522338867 7.654092788696289 -3.967647075653076 78 68 11 0 100 52 101 43
3742 -14.11317157745361 4.953629493713379 -4.116872310638428 41 37 13 0 100 53 101 44
3743 -10.12653064727783 3.774741649627686 -3.776788711547852 42 39 12 0 100 54 101 45
3744 -6.601814746856689 4.121032238006592 -5.178202629089355 63 50 11 0 100 55 101 46
3745 -9.281459808349609 7.644555568695068 -3.85869574546814 79 64 15 0 100 56 101 47
3746 -11.8774585723877 4.960315704345703 -2.701774120330811 48 35 11 0 100 57 101 48
3747 -12.202880859375 2.775084257125854 -4.395016193389893 81 46 11 0 100 58 101 49
3748 -9.498294830322266 7.124262809753418 -3.965691804885864 137 100 16 0 100 59 101 50
3749 -12.73322200775146 9.692255973815918 -3.445972919464111 150 109 15 0 100 60 101 51
3750 -9.018185615539551 8.639669418334961 -3.883907079696655 51 37 10 0 100 61 101 52
3751 -7.865516185760498 1.366878986358643 -5.912208557128906 69 61 12 0 100 62 101 53
3752 -9.263975143432617 7.796297550201416 -3.781009197235107 52 42 13 0 100 63 101 54
3753 -9.894591331481934 4.381125926971436 -4.24238395690918 49 41 13 0 100 64 101 55
3754 -6.595607280731201 7.0164794921875 -5.743094921112061 123 112 26 0 100 65 101 56
3755 -6.377020835876465 7.153609752655029 -5.859879016876221 125 113 26 0 100 66 101 57
3756 -8.786909103393555 8.487648963928223 -3.739506244659424 93 96 26 0 100 67 101 58
3757 -14.13871288299561 2.663959980010986 -5.416388988494873 64 48 18 0 100 68 101 59
3758 -14.85162448883057 4.462479114532471 -4.062978267669678 53 48 19 0 100 69 101 60
3759 -12.83553409576416 4.62331485748291 -6.477325439453125 84 62 23 0 100 70 101 61
3760 -9.817224502563477 2.868521451950073 -3.959108352661133 115 103 36 0 100 71 101 62
3761 -8.518787384033203 6.865640163421631 -5.01416540145874 157 135 57 0 100 72 101 63
3762 -8.263483047485352 1.105377078056335 -6.326008319854736 90 83 23 0 100 73 101 64
3763 -13.80759906768799 4.428096771240234 -5.879620552062988 75 58 23 0 100 74 101 65
3764 -14.1060676574707 4.482373237609863 -4.92859411239624 73 61 25 0 100 75 101 66
3765 -6.726585388183594 7.659768104553223 -5.946826457977295 119 107 25 0 100 76 101 67
3766 -6.451879501342773 5.365893840789795 -11.25313282012939 148 121 44 0 100 77 101 68
3767 -14.04270267486572 3.818185329437256 -5.010308742523193 74 56 19 0 100 78 101 69
3768 -8.129720687866211 5.298901081085205 -5.941089630126953 153 132 55 0 100 79 101 70
3769 -11.6365385055542 3.144445419311523 -4.458312511444092 169 148 89 0 100 80 108 62
3770 -5.154664516448975 9.467689514160156 -5.875234603881836 100 89 27 0 100 81 114 54 115 63 116 62
3771 -5.85682487487793 9.804996490478516 -5.863811492919922 93 83 20 0 100 82 114 55 115 64 116 63 117 57 118 54 119 61 120 47
3772 -10.11889934539795 4.956404685974121 -4.248035430908203 146 114 36 0 117 58 118 55
3773 -7.369515895843506 15.38582706451416 -5.815418243408203 136 93 27 0 137 33 138 20 139 20 140 30
3774 -0.3273105919361115 16.10420417785645 -6.150846004486084 112 82 29 0 135 20 136 35
3775 -7.110658168792725 19.53462791442871 -4.671150684356689 158 129 56 0 125 20 142 32 143 39
3776 -15.08732509613037 1.482587933540344 -7.390682220458984 63 48 16 0 101 71 102 14
3777 -14.9090461730957 1.640416860580444 -5.760164260864258 86 70 22 0 101 72 102 15
3778 -13.36041069030762 5.970414161682129 -3.479286432266235 52 41 13 0 101 73 102 16
3779 -12.47547245025635 3.584517955780029 -3.480599164962769 119 79 14 0 101 74 102 17
3780 -13.18183708190918 6.208767414093018 -3.071732044219971 66 57 29 0 101 75 102 18
3781 -11.57962417602539 7.434456825256348 -4.154971599578857 35 28 15 0 101 76 102 19
3782 -13.24051284790039 4.182997703552246 -4.926829814910889 80 60 20 0 101 77 102 20
3783 -14.60242366790771 2.292663335800171 -5.506172180175781 85 69 24 0 101 78 102 21
3784 -11.60799217224121 7.472713470458984 -2.542798519134521 63 49 18 0 101 79 102 22
3785 -9.225310325622559 7.431908130645752 -5.802189826965332 128 104 38 0 114 56 115 65
3786 -2.61170482635498 15.86844444274902 -4.761295795440674 142 109 22 0 128 8 129 11 138 21 139 21
3787 -12.86692905426025 0.6787686944007874 -6.469470500946045 95 72 19 0 102 23 103 12 104 39
3788 -14.83501052856445 2.466184377670288 -4.980018615722656 75 56 13 0 102 24 103 13
3789 -13.30530834197998 1.126679420471191 -3.352146625518799 55 45 12 0 102 25 103 14 104 40
3790 -13.49230098724365 0.874957799911499 -3.282186031341553 43 32 9 0 102 26 103 15 104 41
3791 -14.26519203186035 0.6401811242103577 -4.763016700744629 40 40 12 0 102 27 103 16
3792 -10.27710914611816 -4.366048812866211 -12.65846252441406 132 98 21 0 102 28 103 17
3793 -14.3486328125 4.733102321624756 -2.810282468795776 42 34 10 0 102 29 103 18
3794 -14.25374221801758 5.275845050811768 -1.549347162246704 126 86 12 0 102 30 103 19
3795 -13.38228034973145 1.097476482391357 -3.270806074142456 96 90 41 0 102 31 103 20
3796 -14.80708503723145 2.909008502960205 -3.828241348266602 121 98 34 0 102 32 103 21
3797 -14.19893836975098 -0.1656195670366287 -6.684067726135254 78 67 27 0 102 33 103 22
3798 -13.54697418212891 0.7592254877090454 -4.286719799041748 103 93 39 0 102 34 103 23
3799 -7.715373039245605 5.38355016708374 -6.088815689086914 89 75 21 0 102 35 114 57
3800 -6.919012069702148 4.66710376739502 -6.052173137664795 96 83 20 0 102 36 114 58
3801 -10.96548938751221 7.875352382659912 -3.591380596160889 109 81 29 0 115 66 116 64
3802 4.251661777496338 7.050805568695068 -5.813843727111816 98 80 11 0 151 69 153 81 155 120 158 124
3803 -13.9521598815918 1.291742324829102 -3.122614860534668 32 33 11 0 103 24 104 42
3804 -14.41980171203613 1.896021008491516 -3.674410820007324 47 39 13 0 103 25 104 43
3805 -9.033307075500488 3.433086156845093 -12.23958969116211 162 126 24 0 103 26 104 44
3806 -10.2103910446167 3.756465196609497 -3.611346244812012 77 73 22 0 103 27 104 45
3807 -14.76335334777832 1.637663245201111 -3.353386163711548 59 50 11 0 103 28 104 46
3808 -11.37336349487305 -0.4264751970767975 -6.51333475112915 117 95 28 0 103 29 104 47 105 40
3809 -11.47486209869385 7.223231315612793 -4.268051624298096 59 33 13 0 103 30 104 48
3810 -12.46898937225342 -0.1361517161130905 -6.741097450256348 108 85 24 0 103 31 104 49 105 41 106 46
3811 -14.20461273193359 1.590262055397034 -5.694940567016602 57 44 13 0 103 32 104 50
3812 -14.85021781921387 2.162213087081909 -3.703555583953857 69 51 16 0 103 33 104 51
3813 -10.53872585296631 4.141246795654297 -3.705230474472046 167 132 25 0 103 34 104 52 105 42
3814 -7.750474452972412 9.356149673461914 -7.812698364257812 152 113 18 0 103 35 104 53
3815 -8.937149047851562 8.858206748962402 -6.980633735656738 152 113 18 0 103 36 104 54
3816 -10.63945770263672 6.156761169433594 -4.068154335021973 151 124 60 0 103 37 104 55
3817 -11.21069622039795 4.273987293243408 -5.043195724487305 168 134 32 0 103 38 104 56
3818 -14.59432601928711 1.826172471046448 -3.69140887260437 101 88 34 0 103 39 104 57 105 43 106 47
3819 -9.022114753723145 -0.06975079327821732 -6.38365650177002 106 89 21 0 103 40 105 44
3820 -14.1890983581543 1.704134106636047 -6.142257690429688 65 53 19 0 103 41 105 45
3821 -13.16718196868896 1.181021571159363 -5.597067832946777 104 83 26 0 103 42 105 46
3822 -3.944759368896484 11.78902435302734 -5.792066097259521 120 96 27 0 141 44 142 33 143 40
3823 -12.13428020477295 1.798411846160889 -4.995901107788086 63 40 12 0 104 58 105 47
3824 -10.62197971343994 2.622748136520386 -5.291183948516846 151 112 14 0 104 59 105 48
3825 -11.97822952270508 0.8440551161766052 -5.150505065917969 113 89 25 0 104 60 105 49 106 48
3826 -11.44348907470703 1.716750264167786 -3.824024438858032 134 96 13 0 104 61 105 50
3827 -12.20865058898926 2.258855819702148 -4.861005306243896 55 35 12 0 104 62 105 51
3828 -14.40713500976562 1.781668424606323 -3.468660354614258 37 32 13 0 104 63 105 52
3829 -13.74207305908203 0.8483772873878479 -3.050132751464844 27 27 11 0 104 64 105 53 106 49
3830 -14.30200672149658 1.951135635375977 -3.452729940414429 35 29 12 0 104 65 105 54
3831 -8.699958801269531 -1.159156560897827 -6.092830657958984 73 59 12 0 104 66 105 55
3832 -8.0361328125 1.786251664161682 -6.121230602264404 69 61 13 0 104 67 105 56
3833 -14.32504844665527 1.236139416694641 -2.138612747192383 52 52 25 0 104 68 105 57
3834 -14.93365383148193 1.995079159736633 -3.427813053131104 100 79 21 0 104 69 105 58
3835 -14.44234371185303 2.289145946502686 -3.965301752090454 119 104 45 0 104 70 105 59
3836 -11.70573616027832 1.853575348854065 -3.774754524230957 138 98 14 0 104 71 105 60
3837 -14.06195449829102 1.140277862548828 -3.059447526931763 73 74 55 0 104 72 105 61
3838 -5.715664863586426 -0.07139597088098526 -6.166987419128418 138 123 35 0 104 73 105 62 106 50
3839 -11.31954669952393 -0.1907931715250015 -7.325424671173096 120 96 29 0 104 74 105 63
3840 -5.687497138977051 10.40450763702393 -5.030930995941162 133 103 31 0 125 21 142 34
3841 -9.385705947875977 18.33652496337891 -5.431590557098389 83 63 34 0 125 22 126 17 127 10 128 9 140 31 141 45 142 35
3842 -9.625702857971191 3.815695524215698 -3.898361206054688 80 75 9 0 105 64 106 51
3843 -7.60846471786499 3.229877471923828 -6.01581335067749 61 52 12 0 105 65 106 52
3844 -13.56928062438965 0.6930214762687683 -3.668594837188721 34 28 11 0 105 66 106 53
3845 -11.39806938171387 0.5128070712089539 -5.885638236999512 119 96 29 0 105 67 106 54
3846 -7.631152153015137 2.917070150375366 -5.98601770401001 53 46 11 0 105 68 106 55
3847 -11.28527545928955 5.13660192489624 -7.382700443267822 49 43 27 0 105 69 106 56
3848 -12.69610023498535 7.452749252319336 -6.317837238311768 96 74 21 0 105 70 106 57
3849 -14.05552673339844 1.419353365898132 -3.120275259017944 33 35 16 0 105 71 106 58
3850 -11.89661407470703 -0.03275062888860703 -6.34482479095459 117 95 28 0 105 72 106 59
3851 -10.05223560333252 3.218796730041504 -3.712855577468872 105 103 35 0 105 73 106 60
3852 -11.40090847015381 4.284300804138184 -3.175252199172974 174 136 25 0 105 74 106 61
3853 -14.98251342773438 2.400897264480591 -3.741941452026367 101 79 23 0 105 75 106 62
3854 -13.44223213195801 6.350476741790771 -4.422093868255615 121 103 58 0 105 76 106 63
3855 -9.744504928588867 2.718537569046021 -4.640087127685547 101 84 25 0 105 77 106 64
3856 -14.13260555267334 5.827543258666992 -4.659080505371094 81 68 24 0 105 78 106 65
3857 -11.46732902526855 5.91035795211792 -4.609436511993408 68 50 18 0 105 79 106 66
3858 0.6694747805595398 12.53763198852539 -5.530620574951172 126 103 14 0 175 39 177 32
3859 -2.512177705764771 14.89575958251953 -4.085686683654785 123 100 31 0 150 58 151 70
3860 -0.3919877409934998 7.094277381896973 -6.102063655853271 126 110 28 0 149 57 150 59 151 71
3861 -0.6256448030471802 10.75691986083984 -6.080034732818604 137 120 42 0 150 60 151 72
3862 -8.806404113769531 0.3585668802261353 -6.218663215637207 72 62 10 0 106 67 107 44 108 63
3863 -14.14708995819092 0.01285400055348873 -3.204212188720703 59 52 11 0 106 68 107 45
3864 -13.79770374298096 -0.3271206915378571 -3.02177357673645 74 58 17 0 106 69 107 46
3865 -10.70712852478027 1.560591459274292 -4.255740642547607 138 105 22 0 106 70 107 47
3866 -7.436431884765625 4.25975513458252 -6.125638961791992 81 68 9 0 106 71 107 48
3867 -12.74954986572266 5.418839454650879 -6.266298294067383 97 72 24 0 106 72 107 49
3868 -14.48795700073242 4.449623584747314 -3.833295583724976 60 56 33 0 106 73 107 50
3869 -14.17892456054688 4.756855010986328 -4.5752272605896 97 88 42 0 106 74 107 51 108 64 109 70
3870 -7.86067533493042 2.956724882125854 -4.544642448425293 100 83 28 0 106 75 107 52
3871 -13.85642337799072 5.86209774017334 -4.23589563369751 112 96 53 0 106 76 107 53
3872 -13.3860330581665 6.795927047729492 -5.809527397155762 114 94 40 0 106 77 107 54
3873 -10.69267272949219 -0.3708664178848267 -6.444523334503174 133 110 40 0 106 78 107 55 108 65
3874 -7.722850322723389 -0.4318573176860809 -6.270419597625732 91 77 12 0 106 79 191 7
3875 -10.21206378936768 -0.3432926833629608 -6.07062292098999 132 110 42 0 107 56 108 66
3876 -7.022376537322998 -1.055358648300171 -6.348930358886719 88 81 14 0 107 57 108 67
3877 -14.7337818145752 3.663999319076538 -4.285516738891602 44 36 12 0 107 58 108 68
3878 -10.70793628692627 2.227963209152222 -3.605046272277832 123 96 23 0 107 59 108 69
3879 -14.26553058624268 4.325901985168457 -5.202868938446045 48 39 14 0 107 60 108 70 109 71
3880 -14.05980491638184 5.079902172088623 -4.061994552612305 68 60 26 0 107 61 108 71
3881 -13.61081027984619 5.994425296783447 -5.060878276824951 103 85 42 0 107 62 108 72
3882 -6.030478477478027 1.137485861778259 -6.373121738433838 104 95 22 0 107 63 108 73
3883 -13.64653301239014 5.374466896057129 -6.171842575073242 94 72 25 0 107 64 108 74
3884 -14.50402927398682 2.56885552406311 -3.015823364257812 118 85 13 0 107 65 108 75
3885 -3.341668844223022 23.44025611877441 -10.37762832641602 106 95 57 0 124 28 142 36
3886 -14.99691390991211 4.499907493591309 -4.029647827148438 51 48 14 0 108 76 109 72
3887 -13.94693756103516 3.342483282089233 -6.302603244781494 85 65 22 0 108 77 109 73
3888 -10.56475257873535 2.891551971435547 -3.55520224571228 65 49 13 0 108 78 109 74
3889 -12.4033088684082 4.020659446716309 -4.56996488571167 103 72 20 0 108 79 109 75 110 67
3890 -2.620801448822021 2.235289573669434 -0.7548863887786865 133 124 69 0 165 39 168 38
3891 -1.794255971908569 22.26790809631348 -4.157156467437744 112 100 70 0 134 12 135 21
3892 -7.873416423797607 0.8770012259483337 -6.154611587524414 87 78 13 0 109 76 110 68
3893 -7.115932941436768 3.018497705459595 -6.104855060577393 59 52 13 0 109 77 110 69 111 47
3894 -14.53919315338135 2.125907897949219 -3.596915483474731 44 25 12 0 109 78 110 70
3895 -7.780930995941162 -1.561432957649231 -6.612435817718506 98 87 30 0 109 79 110 71
3896 -6.435898303985596 1.609367251396179 -6.261096954345703 71 58 11 0 109 80 110 72 111 48
3897 -8.790759086608887 7.529422760009766 -6.679196357727051 147 124 51 0 109 81 110 73
3898 -10.56130886077881 4.125885486602783 -3.46539568901062 166 129 20 0 109 82 110 74 111 49
3899 -7.414512634277344 3.817624807357788 -4.395818710327148 120 104 34 0 109 83 110 75
3900 -6.411976337432861 1.53078305721283 -6.534889698028564 91 81 22 0 109 84 110 76
3901 -7.636410236358643 4.482453346252441 -6.002052307128906 109 94 24 0 109 85 110 77 111 50
3902 -8.423617362976074 2.095334768295288 -6.118256568908691 75 67 17 0 109 86 110 78
3903 -14.52980136871338 2.327301502227783 -3.693982601165771 123 105 44 0 109 87 110 79
3904 -9.642823219299316 1.217495322227478 -5.512431144714355 134 111 43 0 109 88 110 80
3905 -14.59774017333984 2.2308669090271 -3.583790063858032 101 82 35 0 109 89 110 81
3906 -14.32713317871094 1.564167261123657 -3.225520849227905 68 65 27 0 109 90 110 82
3907 -14.54199886322021 1.818592548370361 -3.669672727584839 104 93 45 0 109 91 110 83
3908 -13.92090034484863 0.4804535210132599 -4.121101379394531 29 28 13 0 110 84 111 51
3909 -7.405198574066162 3.866750240325928 -4.93085765838623 100 86 32 0 110 85 111 52 112 38 113 35 114 59
3910 -14.30814933776855 2.624284744262695 -5.531524181365967 67 51 15 0 110 86 111 53
3911 -6.686898708343506 5.294004917144775 -6.235623359680176 98 87 13 0 110 87 111 54
3912 -13.85935497283936 0.5445827841758728 -4.491804122924805 34 29 11 0 110 88 111 55 112 39
3913 -15.31843662261963 2.801858901977539 -6.139785289764404 42 25 11 0 110 89 111 56
3914 -7.614737033843994 -1.116191029548645 -5.099433422088623 102 87 22 0 110 90 111 57
3915 -8.387650489807129 4.941133499145508 -6.34926176071167 140 119 48 0 110 91 111 58 112 40
3916 -5.978983402252197 0.4571138620376587 -6.200919628143311 117 108 23 0 110 92 111 59
3917 -9.699263572692871 2.294107437133789 -5.27419376373291 116 95 34 0 110 93 111 60
3918 -13.78729057312012 0.1956605613231659 -3.925549745559692 99 87 48 0 110 94 111 61
3919 -9.23033332824707 2.921534061431885 -5.582836151123047 111 92 33 0 110 95 111 62
3920 -6.844939231872559 4.116204738616943 -5.418292045593262 129 116 53 0 110 96 111 63
3921 -6.900110721588135 2.040801048278809 -4.122463703155518 187 155 46 0 110 97 111 64
3922 -11.37407875061035 16.87991714477539 -6.574105739593506 127 84 17 0 127 11 140 32 141 46
3923 -13.72135543823242 1.110074043273926 -5.354632377624512 34 23 12 0 111 65 112 41
3924 -7.639190196990967 -1.079036712646484 -6.581043243408203 63 55 11 0 111 66 112 42
3925 -7.342092037200928 4.640758991241455 -6.020547389984131 95 81 16 0 111 67 112 43
3926 -7.725359439849854 4.090833187103271 -5.480238437652588 72 58 12 0 111 68 112 44 113 36
3927 -13.95956134796143 4.241361618041992 -6.236715793609619 98 68 18 0 111 69 112 45
3928 -8.078743934631348 2.3144690990448 -6.174481391906738 54 50 12 0 111 70 112 46
3929 -6.51655387878418 4.790328979492188 -5.510244369506836 85 66 13 0 111 71 112 47
3930 -12.67481994628906 -0.3448842167854309 -3.684279680252075 25 28 14 0 111 72 112 48
3931 -7.637343406677246 3.588150262832642 -6.129500865936279 62 53 12 0 111 73 112 49
3932 -13.393235206604 -0.1294646263122559 -4.576416492462158 101 87 41 0 111 74 112 50
3933 -14.3500394821167 -0.00156380794942379 -5.442026138305664 45 33 11 0 111 75 112 51
3934 -9.923870086669922 3.256611824035645 -3.854039192199707 90 93 36 0 111 76 112 52
3935 -11.10881805419922 2.869805812835693 -3.468115329742432 150 110 19 0 111 77 112 53
3936 -7.833591461181641 3.68887996673584 -6.077384471893311 73 67 19 0 111 78 112 54
3937 -9.995173454284668 4.378308773040771 -4.10416841506958 88 84 29 0 111 79 112 55
3938 -7.895538806915283 3.139753103256226 -4.863331317901611 103 90 38 0 111 80 112 56
3939 -14.41779327392578 0.07274381816387177 -5.754630565643311 60 52 24 0 111 81 112 57
3940 -7.599297046661377 3.954475402832031 -4.917584419250488 126 111 52 0 111 82 112 58 113 37 114 60
3941 -14.09226131439209 -0.06881670653820038 -5.143211841583252 88 75 38 0 111 83 112 59
3942 -8.221573829650879 4.487980365753174 -5.966254234313965 140 117 50 0 111 84 112 60 113 38 114 61
3943 -2.723387956619263 19.77365112304688 -6.35247278213501 97 90 41 0 129 12 130 6
3944 -6.963985443115234 3.971050024032593 -4.030232906341553 176 141 31 0 112 61 113 39
3945 -6.181909561157227 4.962025165557861 -4.55593204498291 108 89 13 0 112 62 113 40
3946 -7.247899055480957 4.174745559692383 -4.598153114318848 73 62 19 0 112 63 113 41 114 62
3947 -10.26272487640381 3.32904314994812 -3.848938941955566 42 39 16 0 112 64 113 42
3948 -7.616426467895508 2.400900602340698 -5.93625020980835 52 47 14 0 112 65 113 43
3949 -6.123804569244385 4.992448329925537 -4.871451854705811 97 74 14 0 112 66 113 44
3950 -11.92883586883545 4.76501989364624 -3.539499282836914 110 70 15 0 112 67 113 45
3951 -12.1549654006958 2.769375801086426 -3.664750814437866 115 72 12 0 112 68 113 46
3952 -11.35414981842041 4.409771919250488 -3.5684654712677 158 119 18 0 112 69 113 47
3953 -6.886919498443604 3.173547983169556 -3.952956914901733 179 145 36 0 112 70 113 48
3954 -9.566408157348633 4.041894435882568 -3.867350101470947 56 55 15 0 112 71 113 49
3955 -12.37656688690186 3.319591522216797 -3.858643770217896 123 82 18 0 112 72 113 50
3956 -7.319931030273438 2.885937452316284 -5.761014461517334 104 78 34 0 112 73 113 51
3957 -6.599281787872314 3.528877258300781 -4.509857177734375 156 130 46 0 112 74 113 52
3958 -8.427852630615234 4.093691825866699 -6.674206256866455 128 112 69 0 112 75 113 53
3959 -12.84760093688965 3.123467445373535 -4.330242156982422 133 92 23 0 112 76 113 54
3960 -8.315783500671387 5.887700080871582 -5.813342571258545 160 140 69 0 112 77 113 55
3961 -11.42146110534668 4.072088241577148 -4.13831090927124 157 117 19 0 112 78 115 67
3962 -9.186280250549316 6.160871028900146 -6.209482669830322 141 116 45 0 112 79 115 68
3963 -8.335031509399414 6.520778656005859 -5.907864570617676 154 131 57 0 112 80 115 69
3964 -10.9243803024292 3.124865055084229 -3.715859413146973 153 112 22 0 112 81 115 70
3965 -3.367882013320923 15.75620746612549 -5.800144672393799 89 72 16 0 124 29 125 23 126 18 127 12
3966 0.9334132075309753 0.4920866787433624 -6.220308303833008 136 119 36 0 173 139 176 94 178 64 181 65 184 82
3967 -0.5953936576843262 -0.1431175619363785 -6.204181671142578 126 107 28 0 173 140 176 95
3968 -7.82911205291748 4.233543395996094 -4.278582096099854 77 65 14 0 113 56 114 63
3969 -3.776453495025635 -0.5492268800735474 -6.635566234588623 93 82 11 0 113 57 114 64
3970 -7.198517322540283 2.26485800743103 -4.069335460662842 161 123 27 0 113 58 114 65
3971 -5.716648578643799 1.295360088348389 -4.367290019989014 111 96 16 0 113 59 114 66
3972 -3.220355749130249 -0.2482598125934601 -6.607689380645752 93 80 11 0 113 60 114 67
3973 -9.901900291442871 5.59784460067749 -5.831026077270508 124 98 31 0 113 61 114 68
3974 -2.73040246963501 -0.7586802244186401 -6.839322566986084 138 124 36 0 113 62 114 69
3975 -5.821381092071533 5.895744800567627 -5.945866107940674 140 126 33 0 113 63 114 70
3976 -7.921586036682129 7.331588268280029 -5.675125122070312 164 139 66 0 113 64 114 71 171 21
3977 -2.073866367340088 -1.308836698532104 -6.975667476654053 133 122 32 0 113 65 114 72
3978 -4.382864952087402 8.284156799316406 -5.87595272064209 139 128 37 0 113 66 114 73 115 71
3979 -3.203215599060059 0.03515934199094772 -6.695322513580322 128 116 29 0 113 67 114 74
3980 -5.269805431365967 5.656809329986572 -5.356295108795166 147 132 30 0 113 68 114 75
3981 -9.617866516113281 5.306589126586914 -5.297407150268555 133 110 41 0 113 69 114 76
3982 -9.387811660766602 6.84447717666626 -6.012900829315186 140 113 45 0 113 70 114 77 115 72
3983 -21.65236282348633 -4.485870838165283 -69.91333770751953 88 81 32 0 113 71 146 58
3984 1.769895553588867 4.062480926513672 -1.145564317703247 87 73 41 0 173 141 176 96
3985 -5.626749038696289 9.333380699157715 -5.829085350036621 78 65 8 0 114 78 115 73
3986 -10.31106281280518 3.7421715259552 -3.917973041534424 33 33 13 0 114 79 115 74 116 65
3987 -25.13753318786621 -3.542609453201294 -20.63382530212402 139 98 16 0 114 80 115 75
3988 -10.35545825958252 3.45862865447998 -3.759032011032104 47 44 14 0 114 81 115 76
3989 -10.56142520904541 6.433287620544434 -3.59903621673584 148 104 15 0 114 82 115 77
3990 -4.399571895599365 2.315185785293579 -5.017875194549561 68 45 12 0 114 83 115 78 116 66
3991 -6.338952541351318 4.965942859649658 -5.64208459854126 62 53 11 0 114 84 115 79
3992 -11.66222095489502 7.487872123718262 -5.328782558441162 148 105 16 0 114 85 115 80
3993 -13.36811542510986 10.8946590423584 -9.269702911376953 155 114 21 0 114 86 115 81
3994 -6.33450174331665 6.950459480285645 -5.906470775604248 113 102 17 0 114 87 115 82
3995 -4.264872550964355 1.746562361717224 -4.722999095916748 114 97 44 0 114 88 115 83
3996 -9.986482620239258 6.247948169708252 -3.817533731460571 147 107 17 0 114 89 115 84
3997 -8.093894004821777 6.49097728729248 -4.717361927032471 156 130 56 0 114 90 115 85
3998 -8.781049728393555 8.444661140441895 -3.628760099411011 48 45 13 0 115 86 116 67
3999 -5.794593811035156 10.26117038726807 -5.866605758666992 73 63 12 0 115 87 116 68 117 59
4000 -5.552918434143066 10.59631633758545 -5.804130077362061 64 56 10 0 115 88 116 69
4001 -6.653501033782959 4.345229148864746 -4.503654479980469 66 54 16 0 115 89 116 70
4002 -7.155977725982666 10.49080085754395 -5.951712608337402 138 111 44 0 115 90 116 71 117 60 118 56 119 62
4003 -8.458404541015625 8.685953140258789 -3.787456035614014 86 89 22 0 115 91 116 72
4004 -8.887119293212891 7.550252914428711 -4.389553546905518 110 93 33 0 115 92 116 73
4005 -6.85994291305542 3.931064128875732 -4.780017375946045 165 127 26 0 115 93 116 74
4006 -8.062173843383789 8.243785858154297 -3.878244876861572 144 121 52 0 115 94 116 75
4007 -12.02047920227051 -2.213989019393921 5.438564300537109 153 124 48 0 188 9 191 8
4008 -8.353846549987793 7.992928981781006 -3.911483764648438 63 52 13 0 116 76 117 61
4009 -9.567936897277832 4.498230934143066 -4.612561225891113 77 66 25 0 116 77 117 62
4010 -9.775262832641602 4.288346767425537 -3.858688354492188 36 36 12 0 116 78 117 63
4011 -8.512781143188477 7.812534809112549 -3.815534353256226 76 69 20 0 116 79 117 64
4012 -10.40539360046387 9.28034496307373 -5.830178737640381 142 98 14 0 116 80 117 65
4013 -6.136641502380371 10.84424304962158 -6.077359676361084 64 49 12 0 116 81 117 66 118 57 119 63 120 48
4014 -9.62199592590332 3.892126083374023 -3.568091869354248 37 36 12 0 116 82 117 67
4015 -10.07190990447998 4.49885082244873 -3.950435400009155 34 30 10 0 116 83 117 68 118 58
4016 -5.164472103118896 10.22009563446045 -4.945681095123291 58 41 12 0 116 84 117 69
4017 -5.450367450714111 11.33956718444824 -5.868621826171875 64 51 10 0 116 85 117 70 118 59
4018 -5.252938270568848 10.14492607116699 -4.841906070709229 50 38 11 0 116 86 117 71 118 60
4019 -6.299364566802979 11.18623352050781 -5.921638011932373 87 64 11 0 116 87 117 72 126 19 141 47 142 37 143 41 144 49
4020 -9.850887298583984 9.319204330444336 -3.910409212112427 139 97 12 0 116 88 117 73
4021 -5.821073532104492 11.23981094360352 -5.914505004882812 82 66 17 0 116 89 117 74 118 61 119 64 120 49 125 24 126 20 141 48 143 42
4022 -5.453949928283691 12.04375839233398 -5.923035144805908 84 69 25 0 116 90 117 75
4023 -10.48244476318359 9.851455688476562 -4.660103797912598 146 104 16 0 116 91 117 76
4024 -8.685295104980469 9.483511924743652 -4.044512271881104 124 92 20 0 116 92 117 77 118 62
4025 -5.917263031005859 10.20789241790771 -4.76356029510498 91 70 21 0 116 93 117 78
4026 -6.82089376449585 3.327610731124878 -4.48643159866333 169 130 23 0 116 94 117 79
4027 -10.03882026672363 8.813558578491211 -4.543519020080566 144 102 18 0 116 95 117 80
4028 -5.41987133026123 9.719276428222656 -4.211065292358398 161 128 39 0 116 96 117 81
4029 -8.378483772277832 9.470946311950684 -4.090079784393311 126 100 35 0 116 97 117 82 118 63
4030 -9.152246475219727 9.888136863708496 -10.06338787078857 71 60 17 0 116 98 143 43
4031 1.614729046821594 24.6693000793457 -5.461927890777588 175 154 78 0 157 28 160 26 163 41 166 47
4032 -6.008397102355957 8.001351356506348 4.884100914001465 168 142 71 0 183 52 186 55
4033 -10.02950763702393 6.410669326782227 -3.235655784606934 146 100 16 0 117 83 118 64
4034 -2.453774690628052 4.396772861480713 -5.905101299285889 102 85 12 0 117 84 118 65
4035 -9.52580451965332 4.50161600112915 -4.266774654388428 59 51 15 0 117 85 118 66
4036 -11.50179862976074 8.822772979736328 -4.758437633514404 152 110 17 0 117 86 118 67
4037 -10.8784704208374 9.32111644744873 -3.602269411087036 151 108 14 0 117 87 118 68
4038 -8.170856475830078 11.07712078094482 -5.785155296325684 131 102 33 0 117 88 118 69
4039 -3.297507762908936 5.564274787902832 -5.735503196716309 95 73 16 0 117 89 118 70 119 65
4040 -4.865249156951904 9.251591682434082 -4.371190547943115 103 84 22 0 117 90 118 71
4041 -8.407356262207031 12.38672065734863 -6.371561050415039 120 89 21 0 117 91 118 72
4042 -6.745999336242676 9.331389427185059 -5.891220092773438 76 64 11 0 117 92 118 73
4043 -8.265064239501953 10.71585559844971 -6.165165424346924 127 97 31 0 117 93 118 74 119 66
4044 -7.012252807617188 12.85409450531006 -6.451297283172607 124 102 46 0 117 94 118 75
4045 -9.421115875244141 10.3805103302002 -4.870905876159668 138 96 14 0 117 95 118 76
4046 -5.113687992095947 9.414520263671875 -4.46434211730957 137 119 54 0 117 96 118 77
4047 -7.788723945617676 12.01685619354248 -5.966320514678955 131 102 33 0 117 97 118 78 119 67 120 50
4048 -2.893470287322998 4.472086429595947 -5.779909133911133 125 107 25 0 117 98 118 79
4049 -10.10968017578125 10.52367496490479 -4.391269207000732 142 98 14 0 117 99 118 80
4050 -8.08458137512207 9.324198722839355 -4.139909744262695 134 107 40 0 117 100 118 81
4051 -4.328887462615967 9.250428199768066 -4.403047561645508 150 130 58 0 117 101 118 82
4052 -5.189733028411865 11.68588638305664 -5.371528148651123 108 93 39 0 117 102 118 83
4053 -5.263463497161865 6.736970901489258 -6.01138973236084 118 108 19 0 117 103 118 84
4054 -9.408273696899414 8.938844680786133 -3.898127317428589 137 95 15 0 117 104 118 85
4055 -9.279870986938477 11.68789005279541 -5.234586715698242 141 99 16 0 117 105 118 86 119 68
4056 -7.75678825378418 12.1923656463623 -6.165290832519531 135 106 35 0 117 106 118 87
4057 -8.117485046386719 9.329699516296387 -4.260580539703369 129 104 37 0 117 107 118 88
4058 -7.523687362670898 8.910670280456543 -5.9032883644104 153 120 35 0 117 108 124 30 142 38
4059 -3.043782234191895 11.06788444519043 -3.697924852371216 161 138 65 0 183 53 186 56
4060 -9.150421142578125 5.098916530609131 -5.698666095733643 130 103 37 0 118 89 119 69
4061 -5.444642543792725 10.0844783782959 -4.647748947143555 49 41 11 0 118 90 119 70 120 51
4062 -9.958486557006836 11.13902759552002 -3.991785526275635 137 90 10 0 118 91 119 71
4063 -8.264340400695801 11.94015884399414 -6.417911052703857 125 94 26 0 118 92 119 72
4064 -9.341713905334473 7.016911506652832 -2.855142116546631 129 89 13 0 118 93 119 73
4065 -6.933310031890869 11.87578678131104 -5.433927536010742 122 98 40 0 118 94 119 74
4066 -7.799923419952393 12.24421405792236 -4.406580924987793 74 60 21 0 118 95 119 75
4067 -9.664285659790039 4.588649749755859 -5.975488185882568 113 87 29 0 118 96 119 76
4068 -3.355192422866821 11.46195602416992 -5.47786808013916 167 141 72 0 118 97 119 77
4069 -4.947866439819336 10.32328224182129 -4.085281372070312 167 126 17 0 118 98 119 78
4070 -3.680434226989746 6.946683406829834 -5.869564056396484 109 92 18 0 118 99 119 79
4071 -3.561428546905518 5.786108493804932 -5.785489082336426 103 85 20 0 118 100 119 80 120 52
4072 -8.737555503845215 10.38342475891113 -5.123940467834473 124 88 18 0 118 101 119 81
4073 -6.387049674987793 11.81262111663818 -5.739924907684326 129 107 49 0 118 102 119 82
4074 -3.535964250564575 5.638813972473145 -5.74964714050293 107 88 22 0 118 103 119 83
4075 -8.234189987182617 12.04236888885498 -6.010507106781006 125 96 28 0 118 104 119 84
4076 -11.39608955383301 -7.71008825302124 -32.3553581237793 142 124 73 0 118 105 119 85
4077 -7.709623336791992 12.18894386291504 -4.617069244384766 134 113 42 0 118 106 119 86
4078 -8.348789215087891 12.16919422149658 -4.301271438598633 110 74 14 0 118 107 119 87 120 53 121 40
4079 -8.636734008789062 12.08555507659912 -5.659874439239502 128 88 16 0 118 108 119 88 120 54
4080 -9.77133846282959 4.937088966369629 -5.797075748443604 120 93 33 0 118 109 119 89
4081 -3.68764591217041 14.43354988098145 -5.886387348175049 93 79 22 0 118 110 125 25 142 39
4082 -4.183094501495361 14.55098819732666 -5.906716346740723 81 71 13 0 119 90 120 55
4083 -7.68048620223999 12.66587257385254 -3.746649742126465 41 39 14 0 119 91 120 56
4084 -10.70059204101562 10.90834522247314 -5.066076278686523 136 88 12 0 119 92 120 57
4085 -6.953141212463379 12.13513469696045 -4.4466552734375 117 94 38 0 119 93 120 58
4086 -4.339791774749756 9.954885482788086 -4.874667644500732 171 127 19 0 119 94 120 59
4087 -9.679656982421875 10.58735847473145 -4.025304794311523 134 88 11 0 119 95 120 60
4088 -5.361302375793457 10.8093843460083 -4.299417018890381 70 58 20 0 119 96 120 61
4089 -8.055819511413574 12.79798889160156 -3.936745405197144 48 40 17 0 119 97 120 62
4090 -8.126317024230957 12.38190174102783 -3.97847318649292 44 31 11 0 119 98 120 63
4091 -5.047935009002686 11.40508556365967 -4.61439323425293 62 50 15 0 119 99 120 64 121 41 122 43
4092 -4.317647933959961 15.17703342437744 -5.923207759857178 105 98 35 0 119 100 120 65
4093 -6.992867469787598 13.22698974609375 -4.039000988006592 136 117 59 0 119 101 120 66
4094 -4.27214527130127 13.49500560760498 -5.811647415161133 101 93 25 0 119 102 120 67
4095 -5.411232471466064 9.682611465454102 -4.191961288452148 166 128 23 0 119 103 120 68
4096 -7.490136623382568 18.85418510437012 -4.832394123077393 156 127 52 0 125 26 143 44 144 50
4097 -7.520535945892334 12.32129764556885 -4.048462390899658 49 42 13 0 120 69 121 42
4098 -5.35752534866333 7.177982807159424 -5.830079555511475 102 88 11 0 120 70 121 43
4099 -8.978921890258789 8.013458251953125 -3.747614145278931 45 42 12 0 120 71 121 44
4100 -4.003819942474365 9.587113380432129 -4.211983680725098 183 141 25 0 120 72 121 45
4101 -7.31568717956543 13.03678798675537 -4.042811870574951 48 45 13 0 120 73 121 46
4102 -4.236639022827148 8.969462394714355 -4.385941505432129 92 75 15 0 120 74 121 47
4103 -7.699361801147461 13.17763328552246 -3.856429576873779 39 33 12 0 120 75 121 48
4104 -11.67129993438721 11.29291820526123 -5.343780994415283 59 37 11 0 120 76 121 49
4105 -9.133829116821289 8.550894737243652 -3.620843648910522 40 36 10 0 120 77 121 50
4106 -11.25295066833496 8.383210182189941 -7.911550998687744 152 116 34 0 120 78 121 51
4107 -9.018110275268555 8.823848724365234 -3.701128721237183 29 26 10 0 120 79 121 52 122 44
4108 -4.586885929107666 7.960454940795898 -5.753649711608887 137 123 28 0 120 80 121 53
4109 -9.810558319091797 4.881523609161377 -5.883456230163574 126 97 30 0 120 81 121 54
4110 -3.267054080963135 15.60906887054443 -5.958629608154297 93 76 25 0 120 82 121 55
4111 -9.229678153991699 7.533883571624756 -3.863120794296265 136 99 19 0 120 83 121 56
4112 -4.930089473724365 10.75368022918701 -3.045735120773315 175 134 21 0 120 84 121 57
4113 -8.770804405212402 8.332675933837891 -3.745625495910645 66 66 25 0 120 85 121 58
4114 -1.183494091033936 7.399370193481445 -6.015271663665771 85 72 17 0 120 86 121 59
4115 -3.220176219940186 8.48671817779541 -4.527379512786865 106 95 26 0 120 87 121 60
4116 -3.87425684928894 15.84111785888672 -5.948447227478027 87 74 25 0 120 88 143 45
4117 -3.975351810455322 15.00509166717529 -5.923618793487549 83 75 19 0 120 89 150 61
4118 -6.638420581817627 13.65369033813477 -4.415100574493408 144 109 43 0 140 33 141 49
4119 -7.709463596343994 13.3384895324707 -3.871729850769043 32 32 13 0 121 61 122 45
4120 -5.377290725708008 13.96015357971191 -6.143755435943604 68 61 12 0 121 62 122 46 123 55
4121 -3.323821067810059 15.76221084594727 -5.25902271270752 85 65 14 0 121 63 122 47
4122 -8.14961051940918 9.015351295471191 -4.264304637908936 97 77 20 0 121 64 122 48
4123 -6.215384006500244 16.12809371948242 -6.288657665252686 126 100 36 0 121 65 122 49 123 56 124 31
4124 -10.472731590271 8.15607738494873 -5.584235191345215 141 97 14 0 121 66 122 50
4125 -13.10348987579346 9.491314888000488 -8.369509696960449 145 101 16 0 121 67 122 51
4126 -10.32787132263184 11.50610637664795 -4.766731739044189 141 94 11 0 121 68 122 52
4127 -3.975470781326294 10.17933082580566 -3.788182258605957 180 138 22 0 121 69 122 53
4128 -7.103579044342041 15.79976272583008 -6.288956642150879 126 100 46 0 121 70 122 54 123 57
4129 -8.547924995422363 9.320913314819336 -3.793627262115479 45 40 14 0 121 71 122 55
4130 -6.100385189056396 16.21738815307617 -5.719567775726318 133 109 51 0 121 72 122 56
4131 -4.460640907287598 13.01447677612305 -5.607268810272217 59 54 12 0 121 73 122 57
4132 -3.13736367225647 16.48470306396484 -6.112173080444336 87 78 25 0 121 74 122 58 123 58
4133 -3.542435884475708 15.35581588745117 -6.096507549285889 84 70 18 0 121 75 122 59 123 59
4134 -3.535924196243286 15.23206329345703 -4.963032722473145 95 75 23 0 121 76 122 60
4135 -2.52494478225708 13.87295627593994 -5.960536003112793 102 91 22 0 121 77 122 61
4136 -6.988068103790283 14.30410099029541 -8.091785430908203 115 96 38 0 121 78 122 62
4137 -8.093578338623047 12.80328178405762 -3.628656387329102 80 55 14 0 121 79 122 63
4138 -8.502951622009277 9.413700103759766 -4.504123687744141 107 86 37 0 121 80 122 64 123 60
4139 -4.125295639038086 15.15470218658447 -5.974158763885498 94 84 23 0 121 81 122 65 123 61 124 32
4140 -6.07857608795166 17.54178619384766 -7.1649169921875 131 109 57 0 121 82 122 66
4141 -4.799455642700195 14.53623199462891 -5.897075653076172 89 73 12 0 121 83 151 73
4142 -0.4483480453491211 -0.03100411593914032 -6.182271957397461 145 133 59 0 173 142 176 97 178 65 181 66 184 83
4143 -8.867707252502441 16.87425422668457 -5.437792301177979 128 99 45 0 154 33 157 29 160 27
4144 -4.084115982055664 11.09231948852539 -3.656375885009766 176 135 22 0 122 67 123 62
4145 -8.452676773071289 8.441051483154297 -3.905099868774414 63 56 12 0 122 68 123 63
4146 -4.736861705780029 17.37907981872559 -6.237797737121582 59 55 12 0 122 69 123 64
4147 -9.968202590942383 12.74192237854004 -4.292403697967529 152 106 15 0 122 70 123 65
4148 -7.910508632659912 12.67162322998047 -4.555877685546875 39 37 13 0 122 71 123 66
4149 -4.70649242401123 17.00687789916992 -6.097514152526855 58 56 14 0 122 72 123 67
4150 -8.618576049804688 8.860422134399414 -3.921526432037354 40 36 11 0 122 73 123 68
4151 -8.644721984863281 8.68536376953125 -3.826985597610474 41 38 10 0 122 74 123 69
4152 -9.465996742248535 8.460965156555176 -5.910244464874268 91 63 20 0 122 75 123 70
4153 -3.759152412414551 17.70805358886719 -5.872116088867188 79 74 26 0 122 76 123 71
4154 -7.635361671447754 13.82853317260742 -4.420415878295898 40 38 13 0 122 77 123 72
4155 -3.000911474227905 14.98036193847656 -5.345167636871338 49 39 11 0 122 78 123 73
4156 -9.800383567810059 15.23432159423828 -4.60785961151123 99 58 11 0 122 79 123 74
4157 -3.108533143997192 15.51336669921875 -5.813432693481445 89 70 21 0 122 80 123 75
4158 -10.57509517669678 13.39304828643799 -4.961197376251221 122 89 30 0 122 81 123 76
4159 -8.367705345153809 14.49285316467285 -3.063035011291504 151 107 16 0 122 82 123 77
4160 -8.029458045959473 8.803367614746094 -4.791481018066406 153 128 52 0 122 83 123 78
4161 -3.746466398239136 17.37216186523438 -5.990751266479492 93 88 33 0 122 84 123 79
4162 -8.032636642456055 14.65868377685547 -4.016271591186523 152 115 26 0 122 85 123 80
4163 -5.794863700866699 17.11783790588379 -5.156783103942871 121 106 54 0 122 86 123 81
4164 -5.860209941864014 16.79762268066406 -4.934271335601807 122 106 54 0 122 87 123 82
4165 -6.888106346130371 16.40280532836914 -7.609558582305908 130 104 48 0 122 88 123 83
4166 -6.420691967010498 16.08353996276855 -6.418968677520752 139 114 54 0 122 89 123 84
4167 -3.637994050979614 15.67683506011963 -5.88560676574707 79 62 18 0 122 90 129 13 130 7 131 12 134 13 140 34
4168 -8.296839714050293 14.27320957183838 -3.441787719726562 171 116 14 0 122 91 140 35
4169 -3.951202630996704 -2.017924308776855 3.07834529876709 167 149 77 0 185 11 188 10
4170 0.5084094405174255 -0.7634130120277405 -6.314892768859863 96 74 24 0 176 98 178 66 181 67 184 84
4171 -3.845791816711426 15.60490703582764 -4.378308296203613 80 61 11 0 123 85 124 33
4172 -3.804848432540894 15.95433712005615 -4.331841468811035 77 58 10 0 123 86 124 34 125 27
4173 -8.990687370300293 15.70669555664062 -3.787269353866577 127 91 24 0 123 87 124 35
4174 -5.530262470245361 9.188047409057617 -5.127231597900391 94 77 12 0 123 88 124 36
4175 -3.846407413482666 14.97466564178467 -4.115755558013916 55 41 10 0 123 89 124 37
4176 -2.161170244216919 14.3934326171875 -5.908803939819336 64 54 11 0 123 90 124 38 125 28 126 21
4177 -5.840433597564697 18.92806625366211 -6.707284927368164 129 107 62 0 123 91 124 39
4178 -8.932363510131836 15.27481651306152 -4.460535049438477 145 103 16 0 123 92 124 40
4179 -6.411778926849365 16.1992301940918 -5.944320678710938 126 100 44 0 123 93 124 41 125 29
4180 -7.348666667938232 7.539573669433594 -6.237124919891357 159 136 55 0 123 94 124 42
4181 -6.362005710601807 18.21375846862793 -6.064013957977295 128 106 59 0 123 95 124 43 125 30
4182 -10.64845848083496 17.95736122131348 -7.601130485534668 126 92 28 0 123 96 124 44
4183 -7.17198657989502 18.58128356933594 -6.782691478729248 131 109 60 0 123 97 124 45
4184 -6.84975528717041 9.619664192199707 -5.894983768463135 147 121 34 0 123 98 144 51
4185 -7.068314075469971 14.04893779754639 -3.804607629776001 84 74 22 0 123 99 144 52
4186 -7.978509426116943 14.67840385437012 -3.262959480285645 160 111 16 0 123 100 144 53
4187 -0.1006876081228256 12.65053558349609 -6.008771896362305 129 113 27 0 123 101 148 61
4188 -0.4641420841217041 17.95067024230957 -6.190403938293457 76 65 13 0 126 22 131 13 132 12
4189 -5.887125492095947 10.46207714080811 -5.674205303192139 96 71 13 0 124 46 125 31 126 23 142 40
4190 -5.536622047424316 10.50691699981689 -5.699992179870605 85 62 13 0 124 47 125 32 142 41
4191 -6.717944145202637 16.92119598388672 -6.215994834899902 111 87 39 0 124 48 125 33
4192 -5.589724063873291 11.32421207427979 -4.434055805206299 92 74 26 0 124 49 125 34
4193 -7.750503063201904 13.23211574554443 -3.821910619735718 30 31 11 0 124 50 125 35
4194 -7.825252532958984 17.16358375549316 -5.677475929260254 89 67 28 0 124 51 125 36 126 24
4195 -10.08448886871338 17.4927978515625 -6.091529846191406 106 76 20 0 124 52 125 37
4196 -9.365621566772461 16.66229629516602 -5.570545196533203 120 89 31 0 124 53 125 38
4197 -9.122973442077637 17.61521339416504 -5.979945182800293 94 67 21 0 124 54 125 39 126 25 127 13
4198 -6.068443298339844 16.67561340332031 -5.837410926818848 121 95 41 0 124 55 125 40
4199 -5.934093952178955 20.38669776916504 -6.044451713562012 117 96 59 0 124 56 125 41 126 26 127 14 142 42
4200 -6.26177453994751 19.24601936340332 -5.672228813171387 119 99 64 0 124 57 125 42
4201 -3.38514232635498 15.45704650878906 -4.448686122894287 63 43 11 0 124 58 125 43
4202 -4.176691055297852 16.7143611907959 -5.560232162475586 60 56 12 0 124 59 125 44
4203 -8.33145809173584 15.68792629241943 -3.168915033340454 134 92 13 0 124 60 125 45
4204 -7.19313907623291 19.02153968811035 -5.131012916564941 83 66 40 0 124 61 125 46
4205 -8.713831901550293 18.2028751373291 -5.362982749938965 84 59 22 0 124 62 125 47
4206 -3.367972850799561 14.17031669616699 -5.888329029083252 86 74 22 0 124 63 125 48 126 27
4207 -5.850884914398193 9.959672927856445 -5.719254016876221 105 87 20 0 124 64 125 49
4208 -2.931011438369751 15.19517517089844 -4.608666896820068 128 105 15 0 124 65 125 50
4209 -2.799179792404175 14.97673320770264 -5.87936544418335 78 66 21 0 124 66 125 51
4210 -2.524415254592896 14.40199375152588 -5.935737609863281 85 68 17 0 124 67 125 52 126 28 127 15 141 50 142 43
4211 -7.175392150878906 18.87446212768555 -5.230918407440186 118 97 59 0 124 68 125 53
4212 -8.096933364868164 10.19585704803467 -6.046541213989258 143 114 38 0 124 69 125 54
4213 -4.507608413696289 16.7537670135498 -4.566886901855469 93 87 30 0 124 70 125 55
4214 -5.816946506500244 17.1357250213623 -5.446748733520508 135 110 57 0 124 71 125 56
4215 -11.1168851852417 15.6004638671875 -5.963077068328857 120 82 24 0 124 72 125 57 142 44
4216 -4.659155368804932 17.14164352416992 -5.901440620422363 142 106 21 0 124 73 142 45
4217 -4.1267409324646 19.22400283813477 -6.065207004547119 100 90 52 0 124 74 141 51 142 46
4218 -2.993660449981689 15.8302583694458 -5.995326042175293 67 54 14 0 124 75 125 58 142 47
4219 -2.02192497253418 14.09312438964844 -4.596410751342773 97 61 12 0 124 76 141 52 142 48
4220 -7.884212017059326 11.62303256988525 -4.325791835784912 145 106 22 0 124 77 142 49
4221 -3.594444036483765 15.60723781585693 -5.959486961364746 74 58 15 0 124 78 136 36 142 50 143 46 144 54 145 70
4222 -7.952009677886963 12.1464204788208 -4.146280288696289 147 107 23 0 124 79 141 53 142 51
4223 -3.909582376480103 14.57821178436279 -5.89973258972168 99 75 18 0 124 80 136 37 141 54 142 52 143 47
4224 -6.231572151184082 10.09002113342285 -5.7330322265625 119 96 17 0 124 81 142 53
4225 -2.677780628204346 20.47789764404297 -6.122355461120605 77 67 30 0 135 22 136 38 137 34
4226 -5.203882694244385 19.55633354187012 -5.552098751068115 76 63 25 0 136 39 143 48
4227 -5.129338264465332 20.63725471496582 -6.307921409606934 112 93 53 0 125 59 126 29 127 16
4228 -3.480854749679565 12.72333526611328 -5.892942428588867 73 60 13 0 125 60 126 30 148 62
4229 -1.488381266593933 15.89291763305664 -4.951691150665283 61 53 11 0 125 61 126 31
4230 -2.891186237335205 16.35176277160645 -5.272102355957031 64 55 12 0 125 62 126 32
4231 -7.295095443725586 11.4661226272583 -4.278846263885498 148 120 44 0 125 63 126 33
4232 -5.478807926177979 10.9232873916626 -5.518323421478271 64 46 10 0 125 64 126 34
4233 -9.677257537841797 19.06438446044922 -5.334836006164551 57 39 16 0 125 65 126 35
4234 -2.465423345565796 15.20283031463623 -4.814619541168213 61 50 14 0 125 66 126 36
4235 -1.536429524421692 15.37612724304199 -5.59440803527832 55 41 13 0 125 67 126 37 127 17 141 55 142 54
4236 -2.935296297073364 15.59372615814209 -5.705700874328613 76 55 15 0 125 68 126 38
4237 -11.95367336273193 13.48099040985107 -6.15044641494751 123 94 36 0 125 69 126 39
4238 -2.65244460105896 15.75025749206543 -4.807131290435791 135 112 18 0 125 70 126 40
4239 -2.940473318099976 15.80970191955566 -5.841096878051758 76 63 21 0 125 71 126 41
4240 -6.526308059692383 21.58137321472168 -6.102223873138428 77 62 37 0 125 72 126 42
4241 -7.644843101501465 17.81550407409668 -5.888309955596924 98 76 37 0 125 73 126 43
4242 -6.680548667907715 19.65106964111328 -5.575060844421387 124 105 65 0 125 74 126 44 127 18 128 10
4243 -10.32589149475098 17.76920509338379 -5.740748405456543 98 64 17 0 125 75 126 45 142 55
4244 -5.543207168579102 21.11676597595215 -6.605291366577148 119 104 71 0 125 76 126 46
4245 -6.449761390686035 20.61017990112305 -6.013253688812256 118 95 53 0 125 77 126 47 127 19 142 56
4246 -7.230809211730957 12.4981861114502 -3.908316612243652 151 116 32 0 125 78 126 48 141 56 142 57
4247 -9.366046905517578 19.20211791992188 -5.935661315917969 61 44 19 0 125 79 126 49
4248 -9.407162666320801 14.51316833496094 -4.010457992553711 148 102 20 0 125 80 126 50
4249 -7.741222381591797 17.93940734863281 -4.991761684417725 142 119 53 0 125 81 126 51 127 20
4250 -7.201218128204346 19.79098892211914 -4.893666744232178 153 132 72 0 125 82 128 11
4251 -3.545877456665039 11.78985977172852 -5.422678470611572 90 67 10 0 125 83 142 58 143 49
4252 -8.882950782775879 15.5642557144165 -3.438129186630249 123 79 18 0 125 84 142 59
4253 -5.237760543823242 20.8824348449707 -6.175405502319336 125 104 70 0 125 85 127 21 128 12 141 57 142 60
4254 -3.230340003967285 11.83198642730713 -5.621348857879639 107 85 22 0 125 86 142 61 143 50
4255 -5.493131637573242 11.33659553527832 -4.765408992767334 115 86 26 0 125 87 142 62 143 51
4256 -7.079071998596191 12.81240272521973 -3.917049407958984 148 114 32 0 125 88 142 63
4257 -5.915908813476562 21.2071590423584 -6.283769130706787 118 87 41 0 125 89 141 58 142 64
4258 -8.383810997009277 16.09057235717773 -3.720149993896484 124 86 24 0 125 90 143 52
4259 -7.157663822174072 10.30279541015625 -6.164477825164795 161 119 21 0 125 91 142 65 143 53
4260 -7.258638858795166 8.919219017028809 -6.160971164703369 163 126 34 0 125 92 143 54
4261 -9.314739227294922 14.99297904968262 -3.779407501220703 108 57 11 0 125 93 143 55
4262 -7.400191307067871 18.84802055358887 -4.791825294494629 157 127 52 0 125 94 142 66 143 56
4263 -0.07071389257907867 17.03518104553223 -6.267140865325928 90 74 24 0 125 95 143 57
4264 -9.977930068969727 17.53896331787109 -5.613697052001953 104 67 19 0 125 96 143 58
4265 2.033844709396362 4.443032741546631 -5.118384838104248 165 140 53 0 164 128 167 102
4266 -4.399600982666016 22.79745292663574 -4.507466793060303 68 86 86 0 130 8 137 35
4267 3.731084585189819 12.43330383300781 -5.944980621337891 95 78 21 0 148 63 149 58
4268 -1.805939912796021 -1.579057335853577 2.3508141040802 151 133 62 0 188 11 191 9
4269 -3.107022762298584 -2.824580430984497 -0.1889516413211823 127 108 49 0 188 12 191 10
4270 -5.431103229522705 18.47219276428223 -3.643089771270752 51 51 14 0 126 52 127 22
4271 -11.03465938568115 17.84925651550293 -6.40601110458374 102 63 13 0 126 53 127 23 140 36 141 59
4272 -8.28864574432373 20.09124565124512 -5.42784309387207 73 56 25 0 126 54 127 24
4273 -5.514787197113037 17.46960830688477 -4.423033237457275 33 39 12 0 126 55 127 25
4274 -6.163549423217773 19.52470970153809 -6.153470039367676 121 101 60 0 126 56 127 26
4275 -4.810962200164795 21.72698593139648 -6.370553493499756 118 102 76 0 126 57 127 27 128 13 140 37 141 60 142 67
4276 -9.620753288269043 17.70184326171875 -5.754053592681885 94 65 18 0 126 58 127 28
4277 -6.127308368682861 21.8400936126709 -6.271681308746338 79 64 28 0 126 59 127 29 141 61
4278 -14.00689697265625 14.04204940795898 -9.404532432556152 109 78 24 0 126 60 127 30
4279 -5.090415477752686 18.06854438781738 -4.885316371917725 49 57 21 0 126 61 127 31
4280 -7.847440719604492 22.06528663635254 -5.470757961273193 58 48 22 0 126 62 127 32
4281 -15.20057773590088 13.94467639923096 -12.63763523101807 115 83 26 0 126 63 127 33
4282 -3.061689376831055 16.34563064575195 -4.741715908050537 75 67 23 0 126 64 127 34
4283 -8.24464225769043 16.88283348083496 -6.198998928070068 106 81 36 0 126 65 127 35
4284 -6.992812156677246 20.98490524291992 -5.177159786224365 149 131 79 0 126 66 127 36
4285 -2.918695688247681 15.4750394821167 -6.004232406616211 79 68 21 0 126 67 127 37
4286 -6.260548114776611 18.25861740112305 -6.419350147247314 125 103 54 0 126 68 127 38
4287 -6.878334045410156 18.76450538635254 -6.466003894805908 130 107 58 0 126 69 127 39
4288 -7.05552864074707 18.32029914855957 -7.299605369567871 139 121 87 0 126 70 127 40
4289 -10.45060348510742 17.90175437927246 -6.38975715637207 100 65 18 0 126 71 127 41 142 68
4290 0.493389368057251 17.71322822570801 -6.186866283416748 83 60 11 0 126 72 132 13 135 23 137 36
4291 -3.075239658355713 15.62976741790771 -5.980020523071289 90 70 28 0 126 73 129 14 138 22 141 62 142 69
4292 -9.908482551574707 17.83797645568848 -5.439367294311523 98 57 11 0 126 74 138 23
4293 -7.959315776824951 12.67975521087646 -3.485615968704224 144 105 20 0 126 75 141 63
4294 -8.300965309143066 20.27945137023926 -5.647542476654053 87 56 18 0 126 76 141 64
4295 -10.27780723571777 17.60074043273926 -6.39359712600708 116 70 12 0 126 77 140 38 141 65 142 70 143 59
4296 -9.705195426940918 17.66503143310547 -5.735125541687012 105 65 15 0 126 78 141 66
4297 -7.200615882873535 14.11001682281494 -4.113214492797852 95 76 23 0 126 79 141 67
4298 -5.498223781585693 11.41767406463623 -5.134178638458252 95 64 18 0 126 80 141 68
4299 -5.943840503692627 21.80068778991699 -6.091085433959961 74 58 33 0 126 81 141 69
4300 -9.83775806427002 17.73820114135742 -6.041702747344971 107 65 15 0 126 82 141 70 142 71
4301 -9.622268676757812 20.82515335083008 -6.145584106445312 66 42 16 0 126 83 141 71
4302 -7.551522254943848 13.09210872650146 -3.835777997970581 52 43 11 0 126 84 142 72
4303 -7.695211887359619 13.02788925170898 -3.727969646453857 57 41 12 0 126 85 141 72 142 73 143 60
4304 -3.832772731781006 12.07613182067871 -5.851510047912598 76 59 11 0 126 86 142 74 143 61 144 55 148 64
4305 -5.499951839447021 11.58039474487305 -5.621620655059814 79 58 13 0 126 87 142 75
4306 -8.193951606750488 15.45375919342041 -3.449986696243286 148 94 14 0 126 88 142 76
4307 -1.226506590843201 14.14252185821533 -6.101891040802002 100 81 44 0 126 89 142 77 143 62
4308 -5.529489994049072 11.43484783172607 -5.303809642791748 89 61 15 0 126 90 142 78
4309 -0.9821946024894714 15.40310668945312 -5.784443855285645 67 53 19 0 126 91 142 79 143 63
4310 -0.4600290954113007 16.8161735534668 -6.026036262512207 84 67 20 0 126 92 142 80
4311 -4.328583717346191 11.86356830596924 -5.82144021987915 99 78 23 0 126 93 141 73 142 81 143 64
4312 -3.384042739868164 15.12592220306396 -5.5274977684021 96 69 18 0 126 94 142 82
4313 -1.444957137107849 14.63316535949707 -5.552494049072266 91 66 19 0 126 95 141 74 142 83
4314 -5.792929649353027 11.95107269287109 -5.299184322357178 176 143 34 0 172 36 175 40
4315 -3.028986215591431 15.83750629425049 -5.9585280418396 70 60 14 0 127 42 128 14
4316 -3.207698345184326 15.37205123901367 -5.946595668792725 68 59 9 0 127 43 128 15 129 15
4317 -7.622803211212158 15.64833641052246 -3.705587863922119 84 53 12 0 127 44 128 16
4318 -5.434054374694824 18.9548454284668 -2.940753698348999 47 60 24 0 127 45 128 17
4319 -7.353146553039551 14.03798389434814 -4.270650863647461 62 54 12 0 127 46 128 18
4320 -8.668741226196289 17.92480850219727 -4.600837230682373 91 64 19 0 127 47 128 19 129 16
4321 -5.487096309661865 18.85354423522949 -6.255044460296631 119 97 49 0 127 48 128 20
4322 -9.355491638183594 15.03069496154785 -3.891757011413574 109 64 12 0 127 49 128 21
4323 -5.280014038085938 19.06154251098633 -5.197023391723633 42 46 12 0 127 50 128 22
4324 -3.163734674453735 14.72426509857178 -5.737814426422119 99 82 24 0 127 51 128 23
4325 -5.456286907196045 19.88869476318359 -7.414839267730713 124 102 61 0 127 52 128 24 129 17
4326 -5.569432258605957 20.35720252990723 -5.973857879638672 123 106 73 0 127 53 128 25
4327 -10.42106628417969 14.35206127166748 -6.383728981018066 119 86 27 0 127 54 128 26
4328 -3.349362134933472 16.44667625427246 -5.757678985595703 92 84 26 0 127 55 128 27
4329 -7.620151519775391 15.6888427734375 -3.251135110855103 145 110 23 0 127 56 128 28
4330 -10.83190155029297 18.76659393310547 -5.407809257507324 62 38 13 0 127 57 141 75
4331 -3.615579843521118 12.96903228759766 -5.888626575469971 92 69 11 0 127 58 141 76
4332 -7.489270210266113 20.63386917114258 -5.180876731872559 164 131 57 0 127 59 141 77
4333 -5.846607208251953 21.48597717285156 -5.926417350769043 70 47 22 0 127 60 140 39 141 78 142 84
4334 -5.364705085754395 21.68253135681152 -6.508798599243164 116 97 71 0 127 61 141 79
4335 -9.572304725646973 14.94571113586426 -3.95001220703125 131 83 19 0 127 62 141 80
4336 -3.054436206817627 15.70839214324951 -5.955912590026855 95 76 37 0 131 14 137 37
4337 -1.034991860389709 10.90521144866943 -6.000740528106689 106 89 30 0 158 125 161 119
4338 -10.05534553527832 14.70780658721924 -5.281747341156006 121 87 24 0 128 29 129 18
4339 -5.185917377471924 20.57759284973145 -6.117215156555176 108 87 46 0 128 30 129 19 130 9
4340 -5.004485130310059 22.54105758666992 -6.037563800811768 99 100 101 0 128 31 129 20
4341 -9.371640205383301 15.3235387802124 -6.422603607177734 102 68 20 0 128 32 129 21 130 10
4342 -8.637595176696777 15.96197605133057 -3.42505931854248 104 67 13 0 128 33 129 22
4343 -6.782940864562988 21.00793266296387 -5.863442420959473 88 69 34 0 128 34 129 23
4344 -1.894954800605774 15.87553215026855 -5.263645172119141 52 41 11 0 128 35 129 24 138 24
4345 -8.679073333740234 16.2022647857666 -5.672950744628906 118 77 20 0 128 36 129 25 130 11 138 25 139 22
4346 -0.8017240762710571 16.13974380493164 -6.106584548950195 58 50 14 0 128 37 129 26
4347 -5.20692253112793 19.58732604980469 -2.856917858123779 130 119 84 0 128 38 129 27
4348 -3.866393089294434 15.76762962341309 -5.933727264404297 85 74 22 0 128 39 129 28
4349 -5.913722515106201 21.44399261474609 -5.218643665313721 61 50 30 0 128 40 129 29 140 40
4350 -9.41572380065918 14.63087749481201 -4.528118133544922 153 111 20 0 128 41 129 30
4351 -9.545828819274902 15.78523063659668 -5.451338768005371 117 69 15 0 128 42 139 23 140 41
4352 -7.757850170135498 14.14750194549561 -4.509006500244141 92 52 14 0 128 43 138 26 139 24
4353 -3.254555702209473 14.89877986907959 -5.313391208648682 91 58 13 0 128 44 139 25
4354 -5.138405323028564 13.67959690093994 -5.995075702667236 109 86 21 0 128 45 139 26
4355 -2.103157997131348 15.63355350494385 -5.000264644622803 60 43 15 0 128 46 140 42
4356 -10.47440052032471 21.36772155761719 -5.595455169677734 61 38 13 0 128 47 140 43
4357 -2.119892120361328 16.91349792480469 -4.644026279449463 74 57 16 0 128 48 140 44
4358 -4.85712194442749 22.09460258483887 -6.579623699188232 117 101 78 0 128 49 140 45 141 81
4359 -0.9372521638870239 16.40275382995605 -5.555988788604736 72 55 16 0 128 50 140 46
4360 -2.914492607116699 19.52328300476074 -5.292487621307373 88 77 25 0 128 51 140 47
4361 -1.270107626914978 15.60337162017822 -5.498758792877197 70 53 18 0 128 52 140 48
4362 -10.3886890411377 20.30297088623047 -4.460456371307373 69 44 18 0 128 53 140 49
4363 -3.647355079650879 17.62183570861816 -6.304821968078613 73 63 12 0 129 31 130 12
4364 -2.831974267959595 21.24366569519043 -6.2921142578125 59 68 38 0 129 32 130 13
4365 -7.502184867858887 15.51572704315186 -5.779773235321045 94 61 13 0 129 33 130 14
4366 -2.461215019226074 22.5586109161377 -6.431833744049072 65 73 58 0 129 34 130 15 131 15
4367 -5.331246376037598 21.67366981506348 -5.784787178039551 87 83 72 0 129 35 130 16
4368 -5.711675643920898 21.25254440307617 -6.07547664642334 101 84 53 0 129 36 130 17
4369 -4.622033596038818 21.23453330993652 -5.342443466186523 40 55 34 0 129 37 130 18
4370 -5.25145435333252 21.88705635070801 -5.773651123046875 82 79 71 0 129 38 130 19 131 16 132 14
4371 -0.3665383458137512 15.80027675628662 -6.117892265319824 57 48 16 0 129 39 130 20
4372 -1.974882125854492 16.96235084533691 -6.087471961975098 96 84 25 0 129 40 130 21
4373 -5.423646926879883 20.46076011657715 -6.661422729492188 117 96 59 0 129 41 130 22
4374 -4.817505836486816 22.42570495605469 -4.440282821655273 199 220 228 0 129 42 130 23
4375 -3.906408071517944 14.57608509063721 -5.880312442779541 105 80 19 0 129 43 130 24 138 27 139 27 145 71
4376 -3.204604387283325 18.90267562866211 -6.230394840240479 82 74 25 0 129 44 130 25 131 17
4377 -5.051430225372314 21.8527660369873 -6.068682670593262 103 96 81 0 129 45 130 26 131 18
4378 -3.99134349822998 16.14464950561523 -5.973764419555664 93 79 28 0 129 46 130 27
4379 -7.749444484710693 15.93661308288574 -5.487436294555664 107 75 28 0 129 47 130 28
4380 -8.379927635192871 16.31166648864746 -5.340962409973145 109 78 26 0 129 48 130 29
4381 -1.600440144538879 15.90726661682129 -5.889888286590576 60 45 12 0 129 49 131 19 137 38 138 28
4382 -10.03384017944336 16.35875129699707 -6.411554336547852 129 84 20 0 129 50 138 29
4383 -2.523004770278931 15.85892581939697 -5.749555110931396 58 39 12 0 129 51 138 30
4384 -1.918860793113708 16.20066833496094 -4.121906280517578 103 64 15 0 129 52 138 31
4385 -9.699851989746094 17.56529426574707 -5.422489643096924 124 90 48 0 129 53 138 32
4386 -3.026080369949341 15.83631610870361 -5.979997158050537 75 52 12 0 129 54 139 28
4387 -1.174793720245361 16.66898536682129 -5.782790184020996 60 45 11 0 129 55 139 29
4388 -2.068227767944336 19.43488883972168 -5.110004901885986 64 53 10 0 129 56 139 30
4389 -1.059610366821289 18.36858749389648 -5.841131687164307 101 79 22 0 129 57 139 31
4390 -1.976037263870239 15.83578968048096 -5.629068851470947 75 55 16 0 129 58 139 32
4391 -11.03157615661621 14.75594615936279 -5.738470077514648 127 82 20 0 129 59 139 33
4392 -9.080452919006348 15.54497528076172 -4.267395496368408 130 83 22 0 129 60 139 34
4393 -8.274134635925293 17.71550559997559 -5.6875319480896 163 118 20 0 133 9 134 14
4394 -1.087543964385986 17.21092796325684 -5.925909042358398 70 57 14 0 130 30 131 20 132 15
4395 -7.747245788574219 23.44248962402344 -5.802003860473633 43 33 13 0 130 31 131 21
4396 -0.576764702796936 16.72606658935547 -6.045889377593994 54 40 11 0 130 32 131 22 132 16 133 10 135 24
4397 -2.757666349411011 22.61114692687988 -6.498945713043213 71 81 69 0 130 33 131 23 132 17
4398 -0.7516905665397644 19.34712982177734 -6.143562316894531 60 47 11 0 130 34 131 24 137 39
4399 -3.707927227020264 17.91098594665527 -6.015779495239258 67 57 12 0 130 35 131 25
4400 -6.254786491394043 23.36267280578613 -4.847916603088379 47 43 36 0 130 36 131 26
4401 -7.422403812408447 23.12862777709961 -5.311534404754639 42 33 14 0 130 37 131 27
4402 -2.467012882232666 22.48125267028809 -7.147568225860596 59 68 51 0 130 38 131 28
4403 -2.758091449737549 18.31608772277832 -8.591351509094238 45 42 11 0 130 39 131 29
4404 -4.822653293609619 22.79928016662598 -7.053536891937256 88 89 86 0 130 40 131 30
4405 -2.251396894454956 22.3712215423584 -6.147443294525146 49 60 55 0 130 41 131 31
4406 -2.992632865905762 16.00695037841797 -5.78684663772583 81 64 22 0 130 42 131 32
4407 -2.309900760650635 21.7913703918457 -6.058047771453857 71 86 70 0 130 43 131 33
4408 -6.245651721954346 22.56499481201172 -5.383403778076172 49 43 29 0 130 44 131 34
4409 -7.880405426025391 22.03719329833984 -4.812988758087158 52 38 16 0 130 45 131 35
4410 -4.060305118560791 15.5002384185791 -6.084333419799805 94 77 23 0 130 46 131 36
4411 -4.257047653198242 23.14791107177734 -5.838139057159424 186 198 206 0 130 47 131 37
4412 -8.282405853271484 23.75887107849121 -5.572700023651123 98 61 15 0 130 48 131 38
4413 -8.470256805419922 22.6208610534668 -5.327160358428955 103 62 16 0 130 49 131 39
4414 -0.5229582786560059 16.50708389282227 -5.948901176452637 74 57 19 0 130 50 131 40
4415 -7.820226669311523 21.7087230682373 -5.803156852722168 86 63 28 0 130 51 131 41 132 18
4416 -6.536495685577393 14.9690580368042 -4.767734527587891 145 103 24 0 130 52 138 33
4417 -2.888795852661133 17.83831977844238 -5.588983535766602 84 65 14 0 130 53 131 42 137 40
4418 -3.912469387054443 23.22332572937012 -5.541389942169189 49 73 61 0 130 54 137 41
4419 -5.982022762298584 23.4031867980957 -4.992019176483154 50 44 36 0 130 55 132 19 133 11 134 15 135 25 137 42
4420 -2.562460660934448 15.89698314666748 -5.612923145294189 59 45 14 0 130 56 137 43
4421 4.229924201965332 3.954621553421021 -5.992166042327881 104 87 33 0 167 103 170 103
4422 -4.609921455383301 16.04608535766602 -5.92857837677002 105 74 18 0 140 50 141 82
4423 -1.099080204963684 14.15892505645752 -5.920747756958008 104 71 16 0 140 51 141 83 142 85
4424 -0.983309268951416 16.68420791625977 -5.859977245330811 56 43 13 0 131 43 132 20
4425 -4.186144828796387 22.31006240844727 -6.278615951538086 42 66 62 0 131 44 132 21 133 12
4426 -8.690237045288086 23.81989097595215 -5.685700416564941 108 64 14 0 131 45 132 22
4427 -2.736847639083862 20.49372673034668 -5.965170383453369 80 70 28 0 131 46 132 23 133 13 138 34
4428 -0.3296510279178619 18.53474044799805 -6.09638500213623 99 76 21 0 131 47 132 24 138 35
4429 -3.359600782394409 16.70709609985352 -6.827252864837646 98 81 27 0 131 48 132 25
4430 -3.969018220901489 16.1143856048584 -6.038185596466064 96 79 24 0 131 49 132 26
4431 -6.722852230072021 21.4163990020752 -6.15228271484375 92 68 32 0 131 50 132 27
4432 -2.830952167510986 22.60107040405273 -6.083115100860596 115 115 107 0 131 51 132 28
4433 -8.561624526977539 21.48761367797852 -6.122589588165283 88 61 24 0 131 52 132 29
4434 -3.166425704956055 18.13189697265625 -6.080694675445557 77 59 14 0 131 53 137 44
4435 -4.731239318847656 23.46399307250977 -4.830207347869873 204 215 223 0 131 54 137 45
4436 -2.791149377822876 18.1932201385498 -5.951316833496094 87 68 21 0 131 55 137 46
4437 -8.247398376464844 15.77349472045898 -6.142826080322266 111 67 17 0 131 56 138 36
4438 -6.994993209838867 14.82577610015869 -5.86106014251709 148 103 22 0 131 57 138 37
4439 -7.53665828704834 15.43015670776367 -5.920114517211914 102 52 11 0 131 58 137 47 138 38 139 35
4440 -0.4142760932445526 17.7032642364502 -5.991760730743408 97 74 24 0 131 59 138 39
4441 -2.654001235961914 16.10531806945801 -5.987609386444092 80 60 19 0 131 60 138 40
4442 -7.130541324615479 14.9182825088501 -5.878189563751221 147 109 45 0 131 61 138 41 139 36
4443 -8.11116886138916 15.8017053604126 -4.93980073928833 100 55 12 0 131 62 138 42
4444 -2.521381139755249 15.62972354888916 -4.126027584075928 108 81 48 0 138 43 139 37
4445 -0.01081626489758492 16.38911628723145 -4.79611349105835 142 123 72 0 149 59 150 62
4446 -7.371224403381348 18.43613624572754 -5.128066539764404 114 73 15 0 132 30 133 14
4447 -7.934967517852783 21.95837593078613 -5.688236713409424 50 33 12 0 132 31 133 15
4448 -8.451144218444824 21.75929832458496 -5.219293117523193 42 25 12 0 132 32 133 16 134 16
4449 -3.939931154251099 22.46408462524414 -4.330056667327881 56 83 85 0 132 33 133 17
4450 -7.847338199615479 21.28243064880371 -4.659286022186279 70 43 15 0 132 34 133 18
4451 -2.566527843475342 21.14638328552246 -6.385403633117676 64 61 26 0 132 35 133 19
4452 -1.91509211063385 21.63331985473633 -6.610785007476807 63 64 33 0 132 36 133 20
4453 -2.468935012817383 21.39267921447754 -6.309441566467285 72 68 34 0 132 37 133 21
4454 -1.819790482521057 18.86262321472168 -6.109231472015381 85 62 14 0 132 38 133 22 135 26 136 40 137 48 138 44
4455 0.07277048379182816 17.22841644287109 -6.078991413116455 75 55 13 0 132 39 135 27
4456 -0.4650223553180695 19.73592376708984 -6.127377510070801 86 67 28 0 132 40 135 28 136 41
4457 -8.602146148681641 21.70419502258301 -5.301830291748047 48 31 15 0 132 41 135 29
4458 -1.781606435775757 21.72611045837402 -6.356653690338135 55 58 37 0 132 42 135 30 136 42
4459 -8.236334800720215 23.75296592712402 -5.42010498046875 93 49 15 0 132 43 135 31
4460 -7.479794025421143 14.42949962615967 -5.891897678375244 117 67 12 0 137 49 138 45
4461 -7.553139686584473 21.29988288879395 -4.551322937011719 64 40 16 0 133 23 134 17
4462 -8.183857917785645 21.4410228729248 -5.896141052246094 63 40 14 0 133 24 134 18
4463 -8.377418518066406 21.03147315979004 -5.994051456451416 70 40 13 0 133 25 134 19
4464 -8.524208068847656 18.68539810180664 -5.0476975440979 151 105 20 0 133 26 134 20
4465 -5.809244632720947 23.61460876464844 -5.606106281280518 133 138 145 0 133 27 134 21 136 43
4466 -2.528251171112061 16.51023292541504 -6.026031970977783 69 49 16 0 133 28 134 22 135 32 136 44
4467 -8.90812873840332 18.88872909545898 -6.383291721343994 108 66 22 0 133 29 134 23
4468 0.1174061819911003 17.91247749328613 -6.070396900177002 71 48 11 0 133 30 135 33 136 45 137 50
4469 -6.407555103302002 23.15988922119141 -4.95997428894043 39 32 19 0 133 31 135 34
4470 -0.899614155292511 20.39363861083984 -5.926905632019043 31 28 13 0 133 32 135 35 136 46
4471 -10.29922389984131 16.46706962585449 -2.247917652130127 118 90 18 0 172 37 175 41
4472 -3.122663259506226 19.30001258850098 -5.982654094696045 72 54 12 0 134 24 135 36 139 38
4473 -0.3398767113685608 14.76619815826416 -8.211269378662109 81 51 11 0 134 25 135 37
4474 -2.790545701980591 21.54486465454102 -2.53672194480896 35 48 35 0 134 26 135 38
4475 -2.379834651947021 14.62931823730469 -6.933353424072266 63 42 13 0 134 27 135 39
4476 -3.195199728012085 16.25974655151367 -5.72965145111084 63 40 11 0 134 28 135 40 136 47
4477 -2.643389225006104 21.14262771606445 -2.787158489227295 31 37 24 0 134 29 135 41
4478 -2.678416013717651 21.46975517272949 -2.717550992965698 38 51 37 0 134 30 135 42
4479 -5.526212215423584 23.07428169250488 -5.284867286682129 38 34 30 0 134 31 135 43 136 48
4480 -4.125541687011719 17.56946563720703 -4.192225456237793 72 48 17 0 134 32 135 44
4481 -2.879252433776855 21.64376831054688 -2.056381464004517 49 66 55 0 134 33 135 45
4482 -3.960185050964355 16.9507999420166 -5.93969202041626 70 47 12 0 134 34 138 46 139 39 140 52 141 84
4483 -3.662834167480469 17.7794017791748 -6.021827697753906 78 56 14 0 134 35 135 46 136 49 137 51 138 47 139 40 141 85 143 65
4484 -3.488909244537354 19.16269683837891 -6.006240367889404 68 51 12 0 134 36 138 48 140 53 141 86
4485 -3.767264366149902 17.33857727050781 -5.915240287780762 100 72 18 0 134 37 137 52 138 49 139 41 140 54 141 87 142 86
4486 -5.920457363128662 16.15495109558105 -6.173645496368408 159 119 42 0 134 38 138 50 139 42 140 55
4487 -0.8184167742729187 18.57608413696289 -5.781086444854736 89 62 13 0 134 39 139 43
4488 -1.689828753471375 18.05086517333984 -6.127903461456299 85 63 21 0 134 40 139 44
4489 -2.632490396499634 21.81166076660156 -6.292536735534668 93 87 51 0 134 41 138 51 139 45 140 56
4490 -3.198500394821167 22.42789649963379 -6.319607257843018 68 70 40 0 134 42 140 57
4491 -2.744571685791016 17.62824440002441 -5.932325839996338 87 59 12 0 134 43 140 58
4492 -4.733528137207031 16.44754791259766 -5.854970455169678 77 55 12 0 134 44 140 59
4493 -3.534599542617798 19.96893692016602 -6.111308097839355 83 68 24 0 134 45 138 52 139 46 140 60 141 88
4494 -4.331080436706543 15.25860214233398 -5.846473217010498 104 74 22 0 134 46 140 61
4495 -1.737034320831299 21.89362335205078 -6.388283729553223 75 78 58 0 134 47 140 62
4496 -3.075554132461548 22.19143676757812 -6.337241649627686 89 84 47 0 134 48 138 53 139 47 140 63 141 89
4497 -4.638974666595459 16.98748397827148 -5.846212387084961 59 44 11 0 134 49 141 90
4498 -0.575336754322052 -0.733059823513031 -4.543698310852051 140 109 33 0 181 68 184 85
4499 -5.224648475646973 17.25066184997559 -4.771583080291748 68 40 11 0 135 47 136 50
4500 -4.020401000976562 19.25203895568848 -6.080018043518066 51 41 14 0 135 48 136 51
4501 -3.743683576583862 21.66284370422363 -6.385722160339355 47 44 19 0 135 49 136 52
4502 -1.302779316902161 15.31941604614258 -6.133823871612549 45 31 12 0 135 50 136 53
4503 -5.445745944976807 16.76974487304688 -4.196914196014404 85 55 11 0 135 51 136 54
4504 -4.904186248779297 17.61434745788574 -4.97425365447998 53 37 11 0 135 52 136 55
4505 -3.785860538482666 21.32515907287598 -6.505906105041504 49 44 20 0 135 53 136 56
4506 -4.836752414703369 23.14293479919434 -6.675588607788086 66 58 47 0 135 54 136 57
4507 -3.280386209487915 21.66700744628906 -6.620035648345947 65 61 35 0 135 55 136 58
4508 -5.249934196472168 17.86077880859375 -4.980751037597656 112 74 18 0 135 56 136 59
4509 -3.711678504943848 22.39692687988281 -7.232755661010742 75 70 49 0 135 57 136 60
4510 -5.042313098907471 17.63863563537598 -6.172280311584473 125 82 25 0 135 58 136 61
4511 -3.48906135559082 14.82973575592041 -5.495709896087646 87 52 11 0 136 62 137 53
4512 0.4668189883232117 19.21284675598145 -5.926219940185547 71 43 11 0 136 63 137 54
4513 -6.818671703338623 22.52569007873535 -3.99964451789856 45 28 15 0 136 64 137 55
4514 -5.174917697906494 22.12773513793945 -6.17311429977417 99 79 42 0 136 65 137 56 138 54
4515 -8.27023983001709 19.17311477661133 -6.550567150115967 118 67 16 0 136 66 137 57
4516 -3.702031135559082 18.10013580322266 -6.346368312835693 73 55 14 0 136 67 143 66
4517 -3.774332523345947 17.4873104095459 -6.090792179107666 92 70 19 0 136 68 143 67
4518 -5.183124542236328 14.30753231048584 -5.806853294372559 103 66 11 0 137 58 138 55
4519 -6.344973087310791 23.47884559631348 -5.885891437530518 38 27 13 0 137 59 138 56
4520 -6.468856334686279 17.02443313598633 -5.894546985626221 131 77 11 0 137 60 138 57
4521 -9.523354530334473 13.76444435119629 -7.736295700073242 102 50 12 0 137 61 138 58
4522 -2.769599676132202 23.11513328552246 -11.83451461791992 37 43 14 0 137 62 138 59 139 48
4523 -3.783587217330933 13.47380065917969 -5.81197452545166 112 76 11 0 137 63 138 60
4524 -5.520904064178467 17.02218055725098 -7.270552158355713 69 50 14 0 137 64 138 61
4525 -5.885532855987549 22.40996360778809 -4.946572780609131 48 35 21 0 137 65 138 62
4526 -3.461047649383545 15.10080432891846 -5.248871326446533 98 53 12 0 137 66 138 63
4527 -4.925309181213379 14.76952934265137 -6.296154499053955 88 58 13 0 137 67 138 64
4528 -6.795137882232666 16.80341911315918 -6.235965728759766 127 74 11 0 137 68 138 65
4529 -5.1772141456604 13.88416957855225 -5.743941783905029 108 74 17 0 137 69 138 66
4530 -6.316544532775879 15.7837381362915 -6.119471073150635 156 101 17 0 137 70 138 67
4531 -4.442957401275635 14.46837425231934 -5.884433746337891 111 75 18 0 137 71 138 68 139 49
4532 -5.07075309753418 13.86004734039307 -5.96712589263916 111 76 16 0 137 72 138 69
4533 -6.651889324188232 17.31060028076172 -6.268567085266113 138 84 17 0 137 73 138 70
4534 -4.139837741851807 19.22839546203613 -6.027854919433594 73 57 18 0 137 74 138 71
4535 -7.795454978942871 14.52003765106201 -5.647856712341309 122 67 18 0 137 75 138 72
4536 -6.180715560913086 15.76553249359131 -4.225652694702148 159 107 17 0 137 76 138 73
4537 -5.801432609558105 17.48365020751953 -5.233777523040771 141 89 15 0 137 77 138 74
4538 2.238815069198608 5.152457237243652 -5.367823123931885 163 144 70 0 164 129 167 104 170 104
4539 -5.630377292633057 17.45680046081543 -2.356963396072388 82 53 10 0 138 75 139 50
4540 -4.117648124694824 17.08212852478027 -5.880118846893311 76 51 12 0 138 76 139 51
4541 -1.929518342018127 21.1455249786377 -5.621257305145264 101 79 40 0 138 77 139 52
4542 -1.219620943069458 22.87986946105957 -6.320281028747559 164 168 177 0 138 78 139 53
4543 -3.315852642059326 20.38369178771973 -6.177512645721436 75 60 14 0 138 79 139 54 140 64 141 91
4544 -3.551742792129517 20.78984260559082 -6.283977508544922 56 45 12 0 138 80 139 55 140 65
4545 -5.914273262023926 17.71973609924316 -1.820897459983826 41 33 11 0 138 81 139 56
4546 -4.258686542510986 13.99030208587646 -5.795723438262939 89 53 11 0 138 82 139 57
4547 -4.588119029998779 22.34924697875977 -7.558217525482178 117 86 50 0 138 83 139 58
4548 -2.997040987014771 15.29807186126709 -5.861620903015137 86 50 10 0 138 84 139 59 140 66 141 92 142 87
4549 -7.731656551361084 13.78241634368896 -6.054750442504883 117 62 10 0 138 85 139 60
4550 -4.986863136291504 22.53014755249023 -7.199835300445557 92 73 52 0 138 86 139 61
4551 -7.962181568145752 16.43108749389648 -5.784735202789307 124 71 12 0 138 87 139 62 140 67
4552 -8.533726692199707 16.7067813873291 -5.746346950531006 127 73 12 0 138 88 139 63 140 68
4553 -0.6624293327331543 20.67279243469238 -6.302555561065674 48 42 19 0 138 89 139 64
4554 -7.139898777008057 14.05153369903564 -4.435695648193359 132 91 23 0 138 90 139 65 140 69
4555 -8.148693084716797 16.95240592956543 -5.708441257476807 126 74 16 0 138 91 139 66 140 70
4556 -3.26827335357666 20.86049270629883 -6.305205345153809 88 75 29 0 138 92 139 67 140 71
4557 -5.129005432128906 21.76721382141113 -6.98170280456543 114 87 48 0 138 93 139 68
4558 -4.032526969909668 23.66515731811523 -6.692480564117432 218 222 226 0 138 94 139 69
4559 -7.30326509475708 15.84425449371338 -3.242220163345337 136 79 18 0 138 95 139 70
4560 -0.8750141263008118 17.12543678283691 -6.250016212463379 84 55 12 0 139 71 140 72
4561 -3.252575397491455 20.58809852600098 -6.098469257354736 89 73 23 0 139 72 140 73
4562 -3.118756294250488 20.88227272033691 -6.263626098632812 87 73 26 0 139 73 140 74 141 93
4563 -1.719247102737427 16.83562469482422 -5.796614170074463 86 57 13 0 139 74 140 75
4564 -3.647060871124268 14.12923049926758 -5.792279720306396 84 57 11 0 139 75 140 76 141 94 142 88 143 68
4565 -5.920228004455566 13.21898365020752 -5.693375110626221 105 63 18 0 139 76 140 77
4566 -3.282995939254761 21.5643367767334 -6.477166175842285 67 58 15 0 139 77 140 78
4567 -8.515497207641602 17.86589050292969 -4.696507453918457 117 62 11 0 139 78 140 79
4568 -2.758837938308716 13.31839942932129 -6.272273063659668 115 75 13 0 139 79 140 80
4569 -6.617714405059814 16.20045471191406 -5.692142009735107 138 86 10 0 139 80 140 81
4570 -5.382388114929199 16.13130187988281 -5.09858512878418 44 36 13 0 139 81 140 82
4571 -6.234093189239502 14.11808586120605 -4.986587524414062 154 102 13 0 139 82 140 83
4572 -8.220999717712402 15.7400369644165 -2.949166774749756 168 100 10 0 139 83 140 84
4573 -7.435611724853516 15.77468967437744 -3.167889356613159 118 58 12 0 139 84 140 85
4574 -7.360647201538086 14.07605934143066 -4.450096130371094 103 64 16 0 139 85 140 86
4575 -10.48403072357178 15.42822170257568 -5.38942813873291 137 80 12 0 139 86 140 87
4576 -6.108621597290039 12.20994281768799 -5.781729221343994 124 79 11 0 139 87 140 88
4577 -10.52010250091553 18.70444107055664 -5.263976573944092 66 36 15 0 139 88 140 89
4578 -2.526726484298706 21.35095596313477 -6.456161499023438 93 80 35 0 139 89 140 90
4579 -8.95451545715332 17.84663772583008 -5.125929832458496 126 76 21 0 139 90 140 91 141 95 142 89
4580 2.55149245262146 11.73819541931152 -9.475876808166504 103 64 16 0 139 91 140 92
4581 -1.206783175468445 13.931321144104 -5.786662578582764 109 72 17 0 139 92 140 93
4582 -3.441638946533203 18.56765365600586 -6.096658706665039 101 77 25 0 139 93 140 94 141 96
4583 -8.38277530670166 17.10312652587891 -5.269925594329834 129 77 17 0 139 94 140 95
4584 -7.135753154754639 14.21309757232666 -3.922549724578857 119 88 25 0 139 95 140 96
4585 -8.588078498840332 15.92236137390137 -5.936217784881592 131 78 16 0 139 96 140 97
4586 -7.727818965911865 15.81118869781494 -5.533045768737793 126 73 17 0 139 97 140 98
4587 -7.457289695739746 15.72683048248291 -3.100084066390991 173 111 16 0 139 98 140 99
4588 -4.691131591796875 18.2990608215332 -5.712435245513916 36 35 12 0 140 100 141 97
4589 -7.202539443969727 13.97177219390869 -3.913741588592529 65 44 12 0 140 101 141 98
4590 -4.586511611938477 16.70194816589355 -6.047377109527588 60 44 12 0 140 102 141 99
4591 -1.48284924030304 14.52250576019287 -5.98077917098999 79 49 11 0 140 103 141 100 142 90
4592 -7.846774101257324 15.09303188323975 -3.022313594818115 183 120 14 0 140 104 141 101
4593 -5.424396991729736 21.48372840881348 -5.696403980255127 87 63 37 0 140 105 141 102
4594 -3.295521259307861 16.44253730773926 -5.821574687957764 109 78 24 0 140 106 141 103
4595 -3.132008790969849 22.51838493347168 -6.093404293060303 140 118 73 0 140 107 141 104
4596 -5.164570808410645 11.32579231262207 -5.626798152923584 75 50 12 0 141 105 142 91
4597 -0.7741981744766235 12.98704528808594 -5.728517055511475 119 82 11 0 141 106 142 92
4598 -6.66688060760498 14.33430957794189 -5.356435775756836 147 99 16 0 141 107 142 93
4599 -3.606745958328247 11.67721462249756 -5.903280258178711 83 55 11 0 141 108 142 94
4600 -1.731794953346252 15.94261646270752 -5.389447689056396 66 45 13 0 141 109 142 95
4601 -7.301516532897949 13.37359142303467 -3.961662769317627 57 44 12 0 141 110 142 96 143 69
4602 -7.468253612518311 13.73097896575928 -3.75040864944458 68 54 19 0 141 111 142 97 143 70
4603 -0.2461132556200027 12.40833950042725 -5.804600715637207 159 124 20 0 141 112 142 98
4604 -3.964614868164062 17.93886756896973 -6.172073364257812 94 74 21 0 141 113 142 99
4605 -2.792008399963379 13.97037220001221 -5.562332630157471 125 92 19 0 141 114 142 100
4606 -7.809481620788574 14.62901973724365 -3.101762771606445 205 146 32 0 141 115 142 101
4607 -5.326429843902588 20.72185516357422 -5.126388072967529 117 98 69 0 141 116 142 102
4608 -4.321493625640869 21.764892578125 -8.669403076171875 141 106 51 0 141 117 142 103
4609 -4.960437297821045 20.56433296203613 -5.504825592041016 137 109 67 0 141 118 142 104
4610 -7.670590400695801 13.35280799865723 -3.551296710968018 48 33 10 0 142 105 143 71
4611 -4.768772125244141 11.8698616027832 -4.233832359313965 76 47 12 0 142 106 143 72
4612 -10.4867696762085 17.63374519348145 -6.257734775543213 117 70 12 0 142 107 143 73
4613 -1.763347506523132 17.05712509155273 -6.358644008636475 101 77 18 0 142 108 143 74
4614 -5.439510345458984 11.24124526977539 -5.746880531311035 98 63 16 0 142 109 143 75
4615 -10.31119155883789 18.48151969909668 -6.897885799407959 116 68 19 0 142 110 143 76
4616 -4.060255527496338 11.91626262664795 -4.90341854095459 118 80 18 0 142 111 143 77
4617 -5.040399074554443 11.10435581207275 -5.059019565582275 110 77 19 0 142 112 143 78
4618 -1.812601327896118 18.67687034606934 -7.714212894439697 96 74 17 0 142 113 143 79
4619 -4.291495323181152 11.60731887817383 -4.733798503875732 94 63 18 0 142 114 143 80 144 56
4620 -7.427925109863281 13.86861419677734 -3.74383807182312 45 35 12 0 143 81 144 57
4621 -1.185168027877808 16.2834358215332 -4.533626079559326 172 123 13 0 143 82 144 58
4622 -0.6832723617553711 17.71823120117188 -6.114856719970703 72 54 12 0 143 83 144 59
4623 -4.182686805725098 12.22835063934326 -5.782556056976318 77 55 10 0 143 84 144 60
4624 -7.607704162597656 13.58164691925049 -3.543025016784668 43 34 11 0 143 85 144 61
4625 -2.751208543777466 16.93539237976074 -6.037614345550537 78 57 11 0 143 86 144 62
4626 -2.346856355667114 14.42585754394531 -4.126375675201416 103 67 14 0 143 87 144 63
4627 -5.714969158172607 11.78108787536621 -5.943183898925781 88 63 12 0 143 88 144 64
4628 -3.092909097671509 15.47817039489746 -4.508488178253174 130 91 11 0 143 89 144 65
4629 -5.140812397003174 12.72573852539062 -5.635345458984375 89 71 18 0 143 90 144 66
4630 -7.40467643737793 12.52211570739746 -4.48356294631958 122 98 26 0 143 91 144 67
4631 -5.356646537780762 12.14356517791748 -5.398088455200195 93 72 15 0 143 92 144 68 145 72
4632 -7.865514755249023 11.54318714141846 -4.137102127075195 146 100 15 0 143 93 144 69
4633 3.439892292022705 12.91612911224365 -6.073350429534912 123 104 20 0 151 74 153 82
4634 2.911525726318359 9.034519195556641 -5.797447204589844 79 68 17 0 149 60 150 63
4635 -2.967575311660767 18.21440124511719 -6.210000991821289 79 65 13 0 144 70 145 73
4636 -0.4955165684223175 17.75994110107422 -5.972006320953369 68 54 10 0 144 71 145 74
4637 -3.374804019927979 11.9194221496582 -4.468313217163086 100 73 18 0 144 72 145 75
4638 -2.14621376991272 14.43433284759521 -5.878177165985107 67 50 10 0 144 73 145 76
4639 -4.597675323486328 11.8066520690918 -4.435170650482178 51 37 13 0 144 74 145 77 146 59
4640 -5.153289794921875 18.4498176574707 -5.949138641357422 120 94 42 0 144 75 145 78 146 60
4641 -5.456998348236084 11.85828590393066 -5.050280570983887 69 50 12 0 144 76 145 79
4642 -2.801201343536377 14.99231147766113 -5.852006912231445 88 69 18 0 144 77 145 80
4643 -2.997999429702759 14.96743011474609 -6.157631874084473 85 66 15 0 144 78 145 81
4644 -2.944613695144653 9.185390472412109 -5.990551948547363 197 153 14 0 144 79 145 82
4645 -8.789219856262207 11.49013423919678 -5.291182994842529 148 97 16 0 144 80 145 83
4646 -1.486360430717468 16.19603157043457 -4.234106063842773 155 111 17 0 144 81 150 64
4647 -0.7520840764045715 17.46543884277344 -5.97642707824707 63 53 13 0 145 84 146 61
4648 -3.447109460830688 19.43281745910645 -6.49040412902832 63 61 20 0 145 85 146 62
4649 -2.734088182449341 11.56351280212402 -5.706323623657227 100 81 11 0 145 86 146 63
4650 -5.742256164550781 16.53194999694824 -5.010457038879395 44 41 12 0 145 87 146 64 147 68
4651 -2.721541881561279 15.73351287841797 -4.745266914367676 118 87 14 0 145 88 146 65
4652 -3.858473539352417 15.17829418182373 -5.668152332305908 75 59 13 0 145 89 146 66
4653 -7.809441089630127 9.26359748840332 -6.124152183532715 154 119 30 0 145 90 146 67
4654 -8.625103950500488 11.28837203979492 -5.727017402648926 104 57 10 0 145 91 146 68
4655 -8.469822883605957 9.70628547668457 -4.902056694030762 140 106 31 0 145 92 146 69
4656 -8.468994140625 9.434858322143555 -6.273837089538574 152 116 31 0 145 93 146 70
4657 -0.5003944635391235 8.964910507202148 -5.620236396789551 145 125 25 0 145 94 146 71
4658 -3.851442098617554 11.59193515777588 -4.46363639831543 89 62 14 0 145 95 146 72 147 69
4659 -1.186455488204956 17.86586380004883 -6.028959274291992 72 63 17 0 145 96 146 73 147 70
4660 -1.571014761924744 9.928380012512207 -5.686797142028809 145 122 18 0 145 97 146 74
4661 -1.346551418304443 10.97083377838135 -5.87761116027832 136 115 19 0 145 98 146 75
4662 -2.061237812042236 11.14190292358398 -5.734099388122559 127 109 20 0 145 99 146 76 147 71 148 65 149 61
4663 -5.762764930725098 15.98962211608887 -5.605331897735596 135 100 40 0 145 100 146 77
4664 -5.07194709777832 17.36712265014648 -5.921984195709229 131 108 56 0 145 101 146 78 147 72
4665 -4.992486000061035 11.61909484863281 -4.135847568511963 167 121 13 0 145 102 146 79 147 73
4666 -8.838040351867676 17.02359580993652 -4.803649425506592 99 67 18 0 145 103 146 80
4667 -2.597677707672119 13.8142261505127 -5.793899059295654 100 80 17 0 145 104 146 81 147 74
4668 -0.8510822057723999 19.5291748046875 -6.216105937957764 59 54 11 0 146 82 147 75
4669 0.4244068264961243 19.14985084533691 -6.271516799926758 70 59 10 0 146 83 147 76 148 66 149 62
4670 -0.193915992975235 19.44586372375488 -6.054883480072021 71 57 12 0 146 84 147 77
4671 0.07792476564645767 19.3635368347168 -6.199761867523193 86 73 14 0 146 85 147 78 148 67
4672 0.1134841218590736 12.81644535064697 -6.137934684753418 96 79 15 0 146 86 147 79
4673 -5.858146667480469 16.29184150695801 -4.327733039855957 39 43 11 0 146 87 147 80 148 68
4674 -3.158820152282715 15.31581974029541 -4.830026149749756 106 78 11 0 146 88 147 81
4675 -5.659777164459229 17.03531646728516 -5.484110832214355 120 90 28 0 146 89 147 82
4676 -7.529457569122314 7.701189517974854 -6.588959693908691 95 70 10 0 146 90 147 83
4677 -0.6464657187461853 16.67250633239746 -4.769567012786865 85 64 14 0 146 91 147 84
4678 -2.85680365562439 11.95121955871582 -5.753133296966553 70 61 13 0 146 92 147 85 148 69
4679 -0.5292532444000244 12.93058586120605 -6.234718322753906 94 75 12 0 146 93 147 86
4680 -5.871054172515869 16.51433372497559 -4.422148704528809 40 40 13 0 146 94 147 87
4681 -3.749516010284424 11.57301902770996 -5.105549812316895 72 53 12 0 146 95 147 88
4682 -3.221584320068359 11.48771572113037 -4.000814437866211 108 77 11 0 146 96 147 89
4683 -2.484018802642822 16.97180557250977 -6.151525974273682 54 45 11 0 146 97 147 90 148 70
4684 -8.119756698608398 16.3536319732666 -6.066268920898438 105 75 28 0 146 98 147 91
4685 -5.217172145843506 15.68027687072754 -5.872613906860352 45 35 12 0 146 99 147 92
4686 -2.779432058334351 11.16165065765381 -4.730004787445068 83 64 12 0 146 100 147 93
4687 -2.260966777801514 14.81724452972412 -4.256441593170166 57 43 11 0 146 101 147 94
4688 -5.57194995880127 16.23870658874512 -5.847544193267822 104 77 31 0 146 102 147 95
4689 -3.264942646026611 18.55671882629395 -6.127505779266357 82 77 32 0 146 103 147 96
4690 -2.840858936309814 19.0772590637207 -6.01478099822998 86 83 36 0 146 104 147 97
4691 -5.94989013671875 16.48916053771973 -3.540514707565308 95 83 37 0 146 105 147 98
4692 1.440511107444763 8.917884826660156 -5.951672554016113 137 121 29 0 146 106 147 99
4693 -5.329905986785889 11.82834720611572 -5.854251861572266 88 72 20 0 146 107 147 100
4694 -4.245975017547607 11.93964099884033 -4.853432655334473 88 64 19 0 146 108 147 101
4695 -5.505064487457275 17.67832374572754 -5.733290672302246 135 108 46 0 146 109 147 102
4696 -5.662700653076172 17.30996513366699 -4.594174861907959 97 89 46 0 146 110 147 103
4697 -5.939091205596924 16.21138954162598 -3.818738222122192 113 91 39 0 146 111 147 104
4698 -1.63641083240509 15.8736572265625 -3.883711099624634 164 121 14 0 146 112 147 105
4699 -5.665266990661621 16.89167785644531 -5.772107601165771 136 108 50 0 146 113 147 106
4700 -0.6819583177566528 16.71924018859863 -5.068384647369385 150 125 49 0 146 114 147 107
4701 -5.407052993774414 11.89973640441895 -5.977183818817139 84 69 16 0 146 115 147 108
4702 -2.135353565216064 14.29524230957031 -3.982702732086182 172 130 16 0 146 116 147 109 148 71
4703 -0.7870875597000122 16.74641227722168 -4.609490394592285 123 106 43 0 146 117 147 110 148 72 149 63
4704 -8.224475860595703 11.40550231933594 -6.241108417510986 143 108 29 0 146 118 147 111
4705 -5.310941696166992 0.826968252658844 -5.968039512634277 150 128 39 0 165 40 168 39
4706 2.164281368255615 2.396892309188843 -6.26585865020752 119 104 42 0 167 105 170 105
4707 1.093794584274292 19.18369674682617 -6.314310073852539 85 71 13 0 147 112 148 73 149 64
4708 0.2980560958385468 16.76186180114746 -4.884162902832031 125 106 37 0 147 113 148 74
4709 -0.5634264945983887 15.70635318756104 -6.945277214050293 170 127 16 0 147 114 148 75
4710 1.586439490318298 12.98134231567383 -5.959996700286865 113 98 9 0 147 115 148 76
4711 -6.179752826690674 16.03172492980957 -5.926031589508057 114 83 21 0 147 116 148 77 149 65
4712 0.7021568417549133 13.201979637146 -6.00250244140625 84 68 12 0 147 117 148 78
4713 1.29367470741272 13.79121398925781 -4.986471652984619 88 64 11 0 147 118 148 79
4714 -1.348983526229858 15.03819847106934 -3.289253711700439 171 128 17 0 147 119 148 80
4715 1.284029722213745 12.41276168823242 -5.891202449798584 93 79 11 0 147 120 148 81 149 66 150 65 151 75
4716 -5.965959548950195 16.31216621398926 -5.780009269714355 120 88 26 0 147 121 148 82
4717 -5.711405277252197 14.31184673309326 -3.74811863899231 61 45 20 0 147 122 148 83
4718 1.589730024337769 10.30220985412598 -5.973417282104492 109 92 12 0 147 123 148 84
4719 -0.7454397678375244 12.28718566894531 -5.805858135223389 105 88 11 0 147 124 148 85
4720 -6.289449691772461 15.45633792877197 -5.881771087646484 131 102 41 0 147 125 148 86
4721 -1.068079590797424 15.23892116546631 -4.068985462188721 167 123 16 0 147 126 148 87 149 67
4722 -7.092149257659912 16.18850517272949 -5.771557807922363 114 85 35 0 147 127 148 88 149 68
4723 0.370782881975174 18.70541000366211 -6.309353828430176 91 80 27 0 147 128 148 89 149 69
4724 -6.526175022125244 15.88466644287109 -6.042857646942139 131 101 42 0 147 129 148 90 149 70
4725 -1.47853696346283 14.51929473876953 -5.021293640136719 172 130 18 0 147 130 148 91
4726 -0.6327503323554993 13.22610282897949 -5.410618305206299 128 111 41 0 147 131 148 92
4727 1.912448525428772 11.35578060150146 -5.8801589012146 131 118 26 0 147 132 148 93 149 71 150 66
4728 -2.396060943603516 17.38100433349609 -6.353785991668701 77 68 20 0 147 133 148 94 149 72
4729 1.869872570037842 13.5172233581543 -5.913310527801514 129 112 20 0 147 134 148 95
4730 1.124251365661621 18.56092834472656 -6.316963672637939 103 89 23 0 147 135 148 96 149 73
4731 -0.8223851323127747 15.35667514801025 -4.108213424682617 174 132 18 0 147 136 148 97
4732 -5.84994649887085 16.15484237670898 -5.897401809692383 130 101 44 0 147 137 148 98 149 74
4733 3.175973415374756 13.41637897491455 -5.952251434326172 87 76 12 0 148 99 149 75
4734 -0.9690570831298828 9.864433288574219 -4.84829044342041 95 79 12 0 148 100 149 76
4735 -3.079290628433228 16.44134330749512 -5.254061222076416 62 50 11 0 148 101 149 77
4736 -6.136817932128906 14.98026180267334 -6.020577907562256 137 107 45 0 148 102 149 78
4737 2.721398830413818 10.40966320037842 -4.599084377288818 145 127 35 0 148 103 149 79
4738 3.082036256790161 9.870368003845215 -5.919209957122803 111 94 11 0 148 104 149 80
4739 1.341888070106506 18.31853485107422 -6.250769138336182 82 67 13 0 148 105 149 81 150 67
4740 -2.829288005828857 16.35307502746582 -5.272288799285889 63 50 11 0 148 106 149 82
4741 -0.9477407336235046 16.85099792480469 -4.391388893127441 58 51 13 0 148 107 149 83
4742 -7.720865249633789 15.18027114868164 -6.495100975036621 118 89 33 0 148 108 149 84
4743 2.331185102462769 11.60693168640137 -5.839812755584717 84 73 12 0 148 109 149 85 150 68 151 76
4744 3.220278263092041 10.14668655395508 -5.809606075286865 103 88 14 0 148 110 149 86 150 69 151 77 153 83 155 121 158 126
4745 -0.5143033266067505 15.12005996704102 -3.157453060150146 170 135 36 0 148 111 149 87
4746 -3.067222595214844 12.45621681213379 -1.736265659332275 174 134 27 0 148 112 149 88
4747 -0.2817595601081848 16.8192253112793 -5.071132659912109 71 55 12 0 148 113 149 89
4748 0.1268995553255081 15.19341945648193 -5.129696846008301 176 133 18 0 148 114 149 90
4749 2.98959493637085 10.22529029846191 -5.113462924957275 139 121 33 0 148 115 149 91 150 70
4750 -3.457218170166016 15.1827917098999 -5.61281156539917 55 48 13 0 148 116 149 92
4751 -3.19225549697876 16.68758010864258 -5.084405422210693 56 46 12 0 148 117 149 93
4752 -1.881354093551636 8.831474304199219 -6.111302852630615 84 70 14 0 148 118 149 94 150 71
4753 -6.813077926635742 14.09988021850586 -6.150227546691895 120 93 38 0 148 119 149 95
4754 1.255285024642944 19.19114685058594 -6.325630664825439 107 92 26 0 148 120 149 96
4755 2.405329942703247 13.45708751678467 -6.027014255523682 120 105 22 0 148 121 149 97
4756 2.171334266662598 11.33886051177979 -5.732513904571533 120 106 20 0 148 122 149 98
4757 3.533661127090454 11.55859851837158 -6.104492664337158 115 101 14 0 148 123 149 99
4758 1.856194138526917 13.42899322509766 -5.87729024887085 112 99 21 0 148 124 149 100 150 72 151 78 153 84
4759 -0.808402419090271 16.80695533752441 -4.424333572387695 124 109 48 0 148 125 149 101
4760 -4.404122829437256 14.94025230407715 -6.013298034667969 69 65 20 0 148 126 149 102
4761 0.9756526947021484 18.99568176269531 -6.32062816619873 100 87 23 0 148 127 149 103
4762 -2.885141611099243 16.60958480834961 -5.031076908111572 82 74 25 0 148 128 149 104
4763 1.636928796768188 13.32719039916992 -5.562166690826416 115 100 17 0 148 129 149 105
4764 -5.58141040802002 15.64791297912598 -6.807175159454346 73 68 22 0 148 130 149 106 150 73
4765 -4.018152713775635 15.14263820648193 -5.875974178314209 78 70 22 0 148 131 149 107 150 74 151 79
4766 -3.031715154647827 17.30579948425293 -5.747110366821289 54 51 10 0 149 108 150 75
4767 -3.31612753868103 17.20280456542969 -5.768829345703125 61 56 14 0 149 109 150 76 151 80
4768 0.7648887634277344 15.21794128417969 -4.392439842224121 80 68 14 0 149 110 150 77
4769 2.375773429870605 15.45327091217041 -5.970495700836182 77 63 12 0 149 111 150 78
4770 0.6426962614059448 12.03643131256104 -5.813770294189453 101 87 11 0 149 112 150 79
4771 5.379467487335205 10.76945304870605 -5.893213748931885 77 68 10 0 149 113 150 80 151 81 153 85 155 122 158 127
4772 3.381763935089111 8.909748077392578 -5.15846586227417 95 80 8 0 149 114 150 81
4773 -0.55556720495224 16.61230850219727 -4.238935470581055 120 102 38 0 149 115 150 82
4774 2.115902662277222 15.35637760162354 -6.175175666809082 100 86 21 0 149 116 150 83
4775 -5.2432861328125 14.49103927612305 -5.649734497070312 92 80 22 0 149 117 150 84
4776 1.220332384109497 13.38234329223633 -5.910324096679688 112 98 20 0 149 118 150 85
4777 0.2434946596622467 16.50754547119141 -4.669131278991699 108 93 34 0 149 119 150 86
4778 2.910634279251099 14.023268699646 -5.472420215606689 126 111 33 0 149 120 150 87 151 82
4779 3.885964870452881 12.17272472381592 -5.689217567443848 137 121 39 0 149 121 150 88 151 83
4780 2.34646463394165 9.639938354492188 -5.857310771942139 131 118 26 0 149 122 150 89
4781 4.857709407806396 9.146160125732422 -5.692281246185303 124 111 24 0 149 123 150 90 151 84
4782 -4.374086380004883 10.26143455505371 -5.338968276977539 170 129 24 0 149 124 150 91
4783 -3.638906955718994 9.006260871887207 -4.242858409881592 185 154 46 0 149 125 150 92
4784 1.490287184715271 15.64579105377197 -5.944437503814697 69 57 12 0 150 93 151 85
4785 4.943514823913574 9.35786247253418 -5.830056667327881 86 74 12 0 150 94 151 86 153 86
4786 3.509966135025024 13.29260540008545 -5.920104503631592 63 54 12 0 150 95 151 87
4787 -1.895539045333862 8.324257850646973 -5.949071884155273 83 68 13 0 150 96 151 88
4788 1.370516419410706 14.14662933349609 -4.293253421783447 89 69 13 0 150 97 151 89
4789 2.810807704925537 14.45590114593506 -5.678599834442139 61 53 12 0 150 98 151 90
4790 5.772642612457275 10.70429420471191 -5.997591495513916 68 59 11 0 150 99 151 91 153 87 155 123 158 128
4791 -3.659394025802612 16.09052276611328 -5.136009216308594 56 46 12 0 150 100 151 92
4792 4.636282920837402 10.02622604370117 -5.743819236755371 88 76 12 0 150 101 151 93
4793 1.505172729492188 12.66028022766113 -5.895065784454346 87 76 13 0 150 102 151 94
4794 5.170249938964844 10.84702587127686 -5.962196826934814 77 68 11 0 150 103 151 95
4795 3.989404916763306 9.880826950073242 -5.359880447387695 108 94 22 0 150 104 151 96
4796 1.500330924987793 10.33561038970947 -5.916956424713135 85 72 12 0 150 105 151 97 153 88 155 124
4797 0.9601812958717346 13.75507354736328 -5.040520191192627 60 50 14 0 150 106 151 98
4798 3.981646776199341 13.15067386627197 -5.923180103302002 62 53 12 0 150 107 151 99
4799 -2.986490726470947 15.2238073348999 -4.501987457275391 96 72 13 0 150 108 151 100
4800 0.3819360435009003 10.49069786071777 -5.816729545593262 114 98 22 0 150 109 151 101
4801 4.739023208618164 10.56024074554443 -5.793728828430176 101 92 17 0 150 110 151 102
4802 5.744030952453613 9.476340293884277 -5.856014251708984 106 96 23 0 150 111 151 103
4803 -3.507244348526001 16.78490257263184 -5.672180652618408 84 72 26 0 150 112 151 104
4804 3.318379878997803 15.13511085510254 -5.877671718597412 112 96 31 0 150 113 151 105
4805 4.097711086273193 12.55255794525146 -5.213259220123291 134 118 51 0 150 114 151 106
4806 5.953104972839355 8.992744445800781 -6.090054988861084 120 109 28 0 150 115 151 107
4807 -3.344968795776367 7.209652900695801 -5.796069622039795 112 97 27 0 150 116 151 108
4808 4.960336685180664 8.337711334228516 -5.899713516235352 150 134 58 0 150 117 151 109
4809 0.953824520111084 13.96936893463135 -4.541434288024902 124 98 14 0 150 118 151 110
4810 -3.137489080429077 16.01634979248047 -4.749308586120605 95 74 14 0 150 119 151 111
4811 5.612910747528076 10.94813632965088 -5.945289134979248 105 98 33 0 150 120 151 112 153 89 155 125 158 129
4812 -4.422102451324463 14.26690769195557 -5.819729328155518 86 77 24 0 150 121 151 113
4813 0.8870794773101807 8.331109046936035 -5.914966106414795 132 117 26 0 150 122 151 114 153 90 155 126 158 130
4814 -2.857182025909424 7.96327543258667 -5.74162769317627 110 92 23 0 150 123 151 115
4815 -5.307087898254395 16.26459312438965 -5.551531314849854 112 87 38 0 150 124 154 34
4816 -5.598075866699219 16.09295082092285 -5.541295528411865 132 105 51 0 150 125 154 35
4817 -5.325632095336914 6.142125129699707 -7.790660381317139 158 130 25 0 150 126 170 106
4818 -3.458663463592529 11.4052619934082 1.053927063941956 133 116 63 0 152 32 154 36
4819 4.181282043457031 8.205045700073242 -5.993509292602539 87 76 10 0 151 116 153 91
4820 3.181845188140869 13.44432353973389 -5.984535217285156 72 64 12 0 151 117 153 92
4821 5.055762767791748 10.7849063873291 -6.009345531463623 75 66 12 0 151 118 153 93
4822 -0.7589594721794128 9.087533950805664 -5.826863288879395 79 66 13 0 151 119 153 94
4823 3.746080636978149 6.236026287078857 -5.77753734588623 120 107 21 0 151 120 153 95
4824 -2.410666704177856 10.54657554626465 -5.75196647644043 69 56 13 0 151 121 153 96
4825 3.29024863243103 6.657600402832031 -5.782261848449707 123 105 32 0 151 122 153 97
4826 3.164613246917725 14.21139144897461 -5.140898704528809 42 33 13 0 151 123 153 98
4827 4.621357440948486 9.523000717163086 -5.833112239837646 83 72 12 0 151 124 153 99
4828 -2.695479869842529 10.47669124603271 -4.375279903411865 82 56 11 0 151 125 153 100
4829 -2.657525300979614 10.73587703704834 -4.930305957794189 61 50 12 0 151 126 153 101
4830 4.348363399505615 7.499841690063477 -5.777559757232666 91 78 11 0 151 127 153 102 155 127
4831 -2.783531427383423 10.38206195831299 -4.492156028747559 82 56 12 0 151 128 153 103
4832 -2.617880821228027 9.364728927612305 -5.738438129425049 84 71 17 0 151 129 153 104
4833 0.8792990446090698 14.19175052642822 -4.584052085876465 125 98 10 0 151 130 153 105
4834 0.1588161289691925 8.05315113067627 -5.991128444671631 123 108 23 0 151 131 153 106
4835 1.451020121574402 13.38999366760254 -5.660693645477295 103 92 21 0 151 132 153 107
4836 5.888913154602051 10.35012722015381 -6.033561706542969 101 92 26 0 151 133 153 108
4837 3.931801080703735 6.585498809814453 -5.772240161895752 131 119 31 0 151 134 153 109 155 128 158 131
4838 5.785580635070801 10.01601409912109 -5.978714466094971 101 94 31 0 151 135 153 110 155 129
4839 1.979119062423706 8.277496337890625 -5.849616050720215 130 116 25 0 151 136 153 111 155 130 158 132 161 120
4840 3.491857051849365 9.657699584960938 -4.712733268737793 145 129 54 0 151 137 153 112
4841 5.481598854064941 10.29923248291016 -6.005163669586182 103 95 30 0 151 138 153 113 155 131 158 133
4842 2.825768709182739 6.335516452789307 -5.546154022216797 169 154 66 0 151 139 153 114
4843 4.52114725112915 7.049038410186768 -5.85450267791748 110 98 26 0 151 140 153 115 155 132 158 134 161 121
4844 3.766443490982056 7.672713279724121 -5.743266582489014 128 115 30 0 151 141 153 116 155 133
4845 2.772294282913208 6.902821063995361 -5.879634380340576 149 133 45 0 151 142 153 117
4846 3.21943998336792 6.240926265716553 -5.618997097015381 151 134 55 0 151 143 153 118
4847 0.4358182549476624 14.17484283447266 -4.571489810943604 124 96 12 0 151 144 153 119 155 134
4848 3.541484594345093 6.920816421508789 -5.657601833343506 142 128 39 0 151 145 153 120 155 135
4849 5.959042549133301 9.377799987792969 -9.539674758911133 142 125 46 0 151 146 153 121
4850 -7.75666332244873 18.45950126647949 -3.360285043716431 71 58 26 0 152 33 154 37
4851 -7.559925556182861 13.60045051574707 1.124009251594543 127 90 16 0 152 34 154 38
4852 -11.61783981323242 25.81772232055664 -2.602774381637573 105 75 16 0 152 35 154 39
4853 -3.169844627380371 16.02829933166504 -3.817280054092407 105 81 19 0 152 36 154 40
4854 -4.563535213470459 18.67198753356934 -5.382296562194824 91 77 44 0 152 37 154 41
4855 -5.433162689208984 15.85235214233398 -4.227297782897949 53 50 15 0 152 38 154 42
4856 -3.23027515411377 16.09374237060547 -4.390283584594727 103 81 17 0 152 39 154 43
4857 -5.737171649932861 15.77267074584961 -4.426545143127441 113 89 38 0 152 40 154 44
4858 -7.273389339447021 12.72037220001221 -5.795642852783203 121 91 39 0 152 41 154 45
4859 -5.687726020812988 17.49020195007324 -4.51429271697998 102 92 55 0 152 42 154 46 157 30
4860 -10.80264663696289 22.38080596923828 3.421563148498535 131 120 99 0 152 43 154 47
4861 -0.1860799789428711 6.188699245452881 -6.10938835144043 74 62 11 0 153 122 155 136
4862 1.602209687232971 17.36972618103027 -5.526342868804932 68 52 18 0 153 123 155 137
4863 3.992935419082642 6.807713031768799 -5.907618522644043 102 90 13 0 153 124 155 138 158 135 161 122
4864 0.5387431979179382 17.74907112121582 -5.672698974609375 76 66 10 0 153 125 155 139
4865 1.386621236801147 7.758396148681641 -6.037074089050293 102 87 16 0 153 126 155 140 158 136 161 123
4866 -2.912582159042358 9.095157623291016 -6.177871704101562 86 70 12 0 153 127 155 141
4867 0.6182062029838562 13.87783527374268 -5.823645114898682 64 55 12 0 153 128 155 142 158 137 161 124
4868 0.7261484861373901 17.58927536010742 -5.689185619354248 73 60 10 0 153 129 155 143
4869 2.831927299499512 5.697959423065186 -5.585628509521484 112 95 12 0 153 130 155 144
4870 5.155831336975098 10.85722351074219 -5.908700466156006 71 64 12 0 153 131 155 145
4871 0.3802839517593384 16.15119934082031 -5.335437774658203 79 61 15 0 153 132 155 146
4872 -3.383373498916626 11.69924545288086 -4.781291007995605 80 58 10 0 153 133 155 147
4873 3.606568336486816 8.822343826293945 -5.716696262359619 87 73 19 0 153 134 155 148 158 138 161 125
4874 2.58345627784729 7.563207626342773 -5.865409374237061 102 85 11 0 153 135 155 149 158 139 161 126 164 130
4875 5.656021595001221 11.41459369659424 -6.135693550109863 71 64 16 0 153 136 155 150
4876 -2.023928642272949 8.588539123535156 -5.023351669311523 96 69 12 0 153 137 155 151 158 140
4877 1.503633618354797 17.6541576385498 -5.908142566680908 69 54 17 0 153 138 155 152
4878 4.548261642456055 9.87257194519043 -5.916385173797607 112 103 30 0 153 139 155 153
4879 0.9139818549156189 10.08479976654053 -5.789219379425049 122 108 25 0 153 140 155 154
4880 3.172607660293579 6.999666213989258 -5.631252765655518 137 119 43 0 153 141 155 155
4881 3.104002952575684 7.108067989349365 -4.857848167419434 135 118 46 0 153 142 155 156
4882 4.572847843170166 10.64740180969238 -5.884687423706055 111 102 26 0 153 143 155 157
4883 0.3964597880840302 15.70174217224121 -4.013193607330322 163 130 33 0 153 144 155 158
4884 2.550526142120361 15.35175704956055 -5.351649284362793 100 86 21 0 153 145 155 159 158 141
4885 0.9377967715263367 17.52457046508789 -5.684309005737305 101 89 30 0 153 146 155 160
4886 6.120784282684326 10.94513607025146 -6.043931484222412 101 95 38 0 153 147 155 161 158 142
4887 4.831187725067139 11.17355537414551 -6.023405075073242 108 99 27 0 153 148 155 162
4888 3.453936576843262 12.16653823852539 -5.796850204467773 109 97 24 0 153 149 173 143
4889 -5.828102588653564 6.777200698852539 -5.923840999603271 138 120 29 0 156 22 159 22 162 43
4890 -6.572792530059814 6.793042659759521 -5.64532470703125 139 116 34 0 156 23 159 23
4891 -1.074133515357971 2.871342182159424 1.701303482055664 152 133 69 0 171 22 174 10
4892 -4.130081176757812 12.9604959487915 1.768695831298828 104 89 43 0 154 48 157 31
4893 -6.672643661499023 12.90080833435059 -5.311037063598633 118 88 34 0 154 49 157 32
4894 -10.38349723815918 21.25552940368652 -4.02850866317749 70 47 17 0 154 50 157 33
4895 -4.066263198852539 13.54458904266357 1.324669480323792 157 139 90 0 154 51 157 34
4896 4.164722919464111 6.422784805297852 -5.866934776306152 93 80 11 0 155 163 158 143
4897 -2.272235631942749 8.532651901245117 -6.031426906585693 96 75 17 0 155 164 158 144
4898 -4.51854944229126 12.88162899017334 -5.755762100219727 76 67 15 0 155 165 158 145
4899 1.489449262619019 12.69484710693359 -5.861066818237305 86 75 12 0 155 166 158 146
4900 3.325835943222046 13.18905735015869 -5.447305679321289 63 57 13 0 155 167 158 147
4901 4.33216667175293 8.216384887695312 -5.976434707641602 77 68 12 0 155 168 158 148 161 127 164 131
4902 2.279833555221558 12.23118782043457 -5.719956398010254 75 65 14 0 155 169 158 149
4903 4.764806747436523 11.18355560302734 -5.897212982177734 109 99 29 0 155 170 158 150
4904 4.814428329467773 7.267185211181641 -6.046796321868896 118 106 33 0 155 171 158 151
4905 2.877401351928711 10.897047996521 -3.743507623672485 135 118 44 0 155 172 158 152
4906 -2.388418912887573 14.09498310089111 -5.848423480987549 94 81 25 0 155 173 158 153
4907 3.750901937484741 11.9365701675415 -5.114063739776611 136 118 49 0 155 174 158 154
4908 2.279736757278442 15.07130336761475 -5.801076889038086 101 91 23 0 155 175 158 155
4909 2.306448698043823 5.394335746765137 -5.92108678817749 156 139 44 0 155 176 158 156
4910 3.677608728408813 12.54932022094727 -5.014945507049561 107 92 33 0 155 177 158 157
4911 2.394450902938843 15.68954563140869 -5.88728666305542 104 91 23 0 155 178 158 158
4912 -8.352867126464844 8.262840270996094 -3.884641885757446 55 48 12 0 156 24 159 24
4913 -4.570426464080811 9.837009429931641 -3.907461166381836 171 128 19 0 156 25 159 25
4914 -8.205479621887207 1.792436242103577 -1.95855987071991 80 75 33 0 156 26 159 26
4915 -2.861387491226196 2.688955307006836 1.611047029495239 187 168 102 0 156 27 159 27
4916 -3.944289922714233 0.2451297789812088 2.695601940155029 183 167 98 0 156 28 159 28
4917 -1.551823496818542 4.360449314117432 0.4606251418590546 176 157 90 0 156 29 159 29
4918 -3.168962001800537 1.688603162765503 -5.243942737579346 157 137 36 0 156 30 159 30
4919 -3.605291604995728 0.4352834224700928 -5.28260326385498 142 126 30 0 156 31 159 31
4920 -3.467493772506714 -0.6566265821456909 -2.569924354553223 150 131 75 0 156 32 159 32
4921 -8.782038688659668 -8.385150909423828 -3.985193014144897 78 75 32 0 156 33 159 33
4922 -8.904570579528809 10.13891792297363 2.681262016296387 161 137 69 0 156 34 165 41
4923 -9.068232536315918 6.113791942596436 -5.736818790435791 159 127 53 0 156 35 165 42
4924 -0.1757441461086273 13.02509593963623 1.831661939620972 175 155 102 0 157 35 160 28 163 42
4925 -6.105916976928711 16.41686058044434 -3.334989309310913 61 54 15 0 157 36 160 29
4926 1.08667004108429 13.90204620361328 1.709612727165222 155 141 95 0 157 37 160 30
4927 -3.327003717422485 17.36588478088379 -5.42381763458252 95 83 27 0 157 38 160 31
4928 0.7343546152114868 12.9084358215332 1.823574542999268 160 143 88 0 157 39 160 32
4929 0.5346649885177612 13.61419677734375 1.798004388809204 175 156 106 0 157 40 160 33
4930 -0.1359210461378098 17.33912467956543 -4.627320766448975 135 118 60 0 157 41 160 34
4931 0.5083826780319214 19.37325286865234 -6.090351581573486 110 96 30 0 157 42 160 35 163 43
4932 -0.7329541444778442 14.29490947723389 -3.51308798789978 180 141 52 0 157 43 160 36
4933 -1.242735981941223 16.54240417480469 -3.963635683059692 94 87 43 0 157 44 166 48 169 41
4934 4.812698841094971 8.551678657531738 -5.928165912628174 72 63 13 0 158 159 161 128
4935 3.020105123519897 5.287130832672119 -6.035064220428467 101 84 13 0 158 160 161 129 164 132 167 106
4936 1.304208159446716 8.283649444580078 -5.867127418518066 91 77 13 0 158 161 161 130
4937 3.732303380966187 6.996956348419189 -5.903502464294434 96 82 12 0 158 162 161 131
4938 1.93360424041748 4.468060493469238 -6.012228012084961 127 110 16 0 158 163 161 132 164 133
4939 4.021063327789307 9.084782600402832 -5.995642185211182 64 54 11 0 158 164 161 133 164 134
4940 1.882242441177368 4.835879802703857 -6.001501560211182 98 79 12 0 158 165 161 134 164 135 167 107
4941 -0.3336048722267151 5.29573392868042 -4.887313842773438 117 96 23 0 158 166 161 135
4942 -1.682601571083069 10.28634166717529 -5.87544059753418 95 81 20 0 158 167 161 136 164 136 167 108
4943 -3.567121982574463 10.76032257080078 -4.870695114135742 65 40 12 0 158 168 161 137
4944 3.744388103485107 9.031756401062012 -5.783602714538574 68 59 12 0 158 169 161 138 164 137
4945 2.934553146362305 8.950900077819824 -5.850211143493652 74 65 15 0 158 170 161 139 164 138
4946 2.832563877105713 8.563141822814941 -5.889703750610352 75 66 13 0 158 171 161 140 164 139
4947 -0.5859872698783875 5.091283321380615 -4.666472911834717 129 110 26 0 158 172 161 141
4948 0.1098496988415718 3.754499435424805 -6.033853530883789 159 143 31 0 158 173 161 142 164 140 167 109
4949 4.816668033599854 7.7095627784729 -6.090240955352783 112 102 36 0 158 174 161 143
4950 4.749259948730469 7.508987903594971 -6.029706954956055 108 97 26 0 158 175 161 144
4951 -0.09133157134056091 5.927538871765137 -5.907857894897461 110 92 22 0 158 176 161 145 164 141
4952 -2.764028549194336 8.914982795715332 -6.051703929901123 127 111 28 0 158 177 161 146
4953 -0.5131587386131287 4.74818229675293 -4.915146827697754 166 147 70 0 158 178 161 147
4954 2.862863540649414 15.92228698730469 -5.934047222137451 110 97 32 0 158 179 161 148
4955 3.080048799514771 7.635923862457275 -6.030330181121826 150 132 53 0 158 180 161 149
4956 -13.61649513244629 10.39361381530762 -4.123064994812012 138 101 22 0 171 23 174 11
4957 -5.040431976318359 -0.863880455493927 -6.139110565185547 118 102 11 0 159 34 162 44 165 43 168 40 171 24
4958 -5.996162414550781 -0.588483989238739 -6.140983581542969 118 100 14 0 159 35 162 45 165 44 168 41 171 25 174 12
4959 -4.103936672210693 3.040204048156738 1.140275239944458 171 152 92 0 159 36 162 46
4960 -7.023648262023926 -2.352195739746094 -5.197240829467773 178 157 78 0 159 37 162 47 171 26
4961 -4.004234313964844 0.8187143206596375 2.741882801055908 187 168 101 0 159 38 162 48
4962 -5.102453708648682 0.4802080690860748 -5.950039863586426 120 101 12 0 159 39 162 49
4963 -3.459734678268433 5.49989652633667 0.3812893927097321 169 150 89 0 159 40 162 50
4964 -4.311637878417969 5.190581798553467 2.022355556488037 167 147 75 0 159 41 162 51
4965 -8.090476989746094 -3.48514199256897 0.1195917129516602 187 169 109 0 159 42 162 52
4966 -3.684460639953613 0.007179560605436563 -6.436728000640869 156 140 34 0 159 43 162 53 165 45
4967 -3.171518087387085 1.562270283699036 2.127926111221313 194 176 111 0 159 44 162 54 165 46
4968 -5.477162837982178 1.725059390068054 -4.477694511413574 142 124 54 0 159 45 162 55
4969 -7.323310375213623 11.32092094421387 -2.719569444656372 167 123 30 0 159 46 169 42 172 38 175 42
4970 2.375353813171387 13.91314697265625 -2.718183994293213 70 63 14 0 160 37 163 44
4971 1.342626690864563 13.64753913879395 1.882948279380798 177 158 105 0 160 38 163 45
4972 2.575802803039551 14.90752792358398 0.6450667381286621 169 148 81 0 160 39 163 46
4973 -8.026674270629883 14.41882038116455 -3.185302495956421 165 123 34 0 160 40 163 47
4974 -8.582027435302734 15.28662967681885 -1.892442584037781 140 102 14 0 160 41 172 39
4975 2.878162384033203 16.16439437866211 1.261459350585938 173 152 82 0 160 42 172 40
4976 3.37784218788147 5.71580171585083 -6.047644138336182 106 92 17 0 161 150 164 142
4977 0.7804009318351746 5.934128284454346 -5.880097389221191 101 85 12 0 161 151 164 143
4978 2.287427186965942 10.5609655380249 -5.746247291564941 81 72 12 0 161 152 164 144
4979 4.434901237487793 8.592032432556152 -5.658227920532227 75 66 13 0 161 153 164 145
4980 2.919228792190552 7.416040897369385 -5.120104789733887 109 90 23 0 161 154 164 146
4981 2.813088893890381 5.754021644592285 -5.938046932220459 101 83 20 0 161 155 164 147 167 110 170 107
4982 2.267705202102661 8.315543174743652 -5.901059150695801 111 95 14 0 161 156 164 148
4983 -0.3384923934936523 3.715344667434692 -5.79857063293457 127 108 9 0 161 157 164 149
4984 -0.9647002816200256 5.19860315322876 -5.206867694854736 169 147 77 0 161 158 164 150
4985 -0.4867228269577026 3.447624683380127 -5.996588230133057 156 141 32 0 161 159 164 151 167 111
4986 2.844770908355713 4.467777729034424 -6.089085578918457 140 124 29 0 161 160 164 152 167 112
4987 2.868970394134521 10.08044719696045 -5.907910823822021 110 98 22 0 161 161 164 153
4988 2.270106554031372 7.925351619720459 -5.925553321838379 127 112 23 0 161 162 164 154
4989 1.231533885002136 14.81956386566162 -6.74406623840332 100 77 19 0 161 163 164 155
4990 0.9615211486816406 4.003329277038574 -6.084381103515625 165 151 37 0 161 164 164 156 167 113 170 108
4991 3.189517498016357 4.347151279449463 -6.101171016693115 132 120 29 0 161 165 164 157
4992 2.559628009796143 7.271860599517822 -4.756969928741455 155 139 55 0 161 166 164 158
4993 1.419827103614807 1.822697758674622 -4.250092506408691 125 106 25 0 173 144 176 99
4994 -4.575570583343506 7.414196014404297 -0.4602763056755066 146 107 18 0 162 56 165 47
4995 -5.454726696014404 1.301537156105042 -5.293862819671631 121 100 13 0 162 57 165 48 168 42 171 27 174 13
4996 -3.847575426101685 0.6795281767845154 1.910232663154602 193 174 111 0 162 58 165 49
4997 -7.99296236038208 8.317923545837402 1.742679953575134 161 134 64 0 162 59 165 50
4998 -4.092287540435791 -0.1933618038892746 2.252005338668823 201 183 119 0 162 60 165 51
4999 -9.359157562255859 12.06734848022461 -4.076287746429443 144 101 17 0 162 61 165 52
5000 -6.439793109893799 -1.069164633750916 -6.219749927520752 148 130 36 0 162 62 165 53 168 43 171 28 174 14
5001 -8.341638565063477 10.98825168609619 -3.962137699127197 149 105 21 0 162 63 165 54
5002 -5.62233829498291 2.274278402328491 -4.992359161376953 165 140 58 0 162 64 165 55 168 44
5003 -4.944506645202637 0.78904128074646 -6.218545436859131 152 133 27 0 162 65 165 56 168 45
5004 -6.088858604431152 -3.739739418029785 -5.210610389709473 188 167 93 0 162 66 171 29
5005 -0.4587983787059784 4.453139781951904 -5.940607070922852 123 104 11 0 164 159 167 114
5006 1.22292423248291 6.338730812072754 -6.009830474853516 120 103 16 0 164 160 167 115
5007 2.67144775390625 5.270288467407227 -5.957488059997559 113 95 18 0 164 161 167 116 170 109
5008 -0.4495829641819 5.009925365447998 -5.149773597717285 129 108 29 0 164 162 167 117
5009 -0.1766777783632278 9.077542304992676 -5.825664520263672 81 65 14 0 164 163 167 118
5010 -0.437226414680481 8.994314193725586 -5.804581165313721 83 68 11 0 164 164 167 119
5011 2.542964458465576 4.741077423095703 -5.88389253616333 99 79 17 0 164 165 167 120
5012 2.908382892608643 10.78593635559082 -5.83773136138916 87 74 12 0 164 166 167 121
5013 3.443473100662231 13.38224411010742 -5.840003967285156 77 65 12 0 164 167 167 122 170 110
5014 3.488240003585815 3.748383045196533 -5.936410903930664 128 113 29 0 164 168 167 123
5015 -1.69511890411377 2.707602262496948 -6.027931213378906 153 135 33 0 164 169 167 124
5016 -1.618280529975891 3.099560260772705 -6.025869846343994 142 126 26 0 164 170 167 125
5017 0.1848212629556656 3.966218948364258 -6.024486064910889 162 144 29 0 164 171 167 126
5018 2.658648490905762 10.99499797821045 -3.898123979568481 118 108 27 0 164 172 167 127
5019 -0.4294842779636383 2.216080904006958 -6.064590930938721 161 145 32 0 164 173 167 128 170 111 173 145
5020 -0.5369116067886353 5.39978551864624 -4.542390823364258 189 167 94 0 164 174 167 129
5021 -0.5740513801574707 7.262564182281494 -5.499615669250488 96 82 14 0 164 175 167 130
5022 -1.613145351409912 11.80243110656738 -5.762467861175537 128 113 29 0 164 176 167 131
5023 2.870628118515015 4.001547336578369 -5.448484420776367 145 129 39 0 164 177 167 132
5024 -0.1392006874084473 7.245914459228516 -5.887978076934814 120 107 25 0 164 178 167 133
5025 -1.0499267578125 3.210798501968384 -5.998049736022949 157 141 32 0 164 179 176 100
5026 -0.353727251291275 4.313065052032471 -5.98343563079834 146 132 33 0 164 180 190 53
5027 -4.033778190612793 -1.03650975227356 -6.316846370697021 128 108 12 0 165 57 168 46
5028 -6.900124549865723 7.766617774963379 -6.13384485244751 110 92 13 0 165 58 168 47
5029 -11.22315788269043 4.905656814575195 -5.146738529205322 147 107 28 0 165 59 168 48 171 30
5030 -7.288061618804932 2.407009363174438 0.814329981803894 171 152 84 0 165 60 168 49
5031 -8.783407211303711 10.99446487426758 -4.327165126800537 151 108 18 0 165 61 168 50
5032 -2.220032930374146 3.102573156356812 1.891738295555115 192 173 102 0 165 62 168 51
5033 -5.983139991760254 10.11190509796143 -3.861074209213257 113 72 19 0 165 63 168 52
5034 -4.119700908660889 0.3040690720081329 -6.320273876190186 155 138 31 0 165 64 168 53
5035 -3.871353387832642 -0.7969001531600952 -6.326738834381104 157 139 33 0 165 65 168 54
5036 2.656264305114746 14.61851024627686 -2.509263753890991 158 143 76 0 166 49 169 43 172 41
5037 -3.486566781997681 3.365671157836914 -6.198544502258301 128 111 31 0 176 101 178 67 181 69
5038 -11.81511402130127 21.39511871337891 -4.585578918457031 72 42 14 0 166 50 169 44
5039 -5.039780139923096 20.06698036193848 -4.96625280380249 70 59 26 0 166 51 169 45
5040 -14.87801456451416 17.59023284912109 -4.876161098480225 146 102 10 0 166 52 169 46
5041 -4.383015632629395 14.0167875289917 -6.197847366333008 124 109 39 0 166 53 169 47
5042 -1.036080837249756 1.494351029396057 -6.113331317901611 129 111 10 0 167 134 170 112
5043 1.241820573806763 1.968359708786011 -6.152068614959717 105 86 9 0 167 135 170 113 173 146 176 102
5044 2.034331083297729 4.583491802215576 -4.249361515045166 114 94 18 0 167 136 170 114
5045 1.444813013076782 3.634906053543091 -6.081473827362061 123 107 16 0 167 137 170 115 173 147
5046 3.570832967758179 11.97657489776611 -5.848071575164795 80 63 11 0 167 138 170 116
5047 1.543148398399353 2.86942982673645 -6.189399242401123 142 123 29 0 167 139 170 117
5048 3.045918226242065 5.991836547851562 -6.187021255493164 98 83 23 0 167 140 170 118
5049 -0.6168224215507507 4.067291736602783 -5.949629306793213 138 119 15 0 167 141 170 119
5050 -0.8757984042167664 6.408769130706787 -4.64481258392334 59 46 12 0 167 142 170 120
5051 -1.145149111747742 3.923114776611328 -5.837640762329102 147 129 29 0 167 143 170 121
5052 -1.868280053138733 1.82037353515625 -6.081058025360107 150 134 32 0 167 144 170 122
5053 2.405124425888062 2.848582029342651 -6.068507671356201 147 131 33 0 167 145 170 123
5054 -1.72849440574646 1.147637248039246 -6.096731662750244 167 149 42 0 167 146 170 124
5055 1.431153655052185 2.261981964111328 -6.125923156738281 147 129 33 0 167 147 170 125
5056 0.4538629055023193 4.545228958129883 -5.937494277954102 142 124 34 0 167 148 170 126 173 148
5057 3.250034093856812 6.695459365844727 -5.958836078643799 118 101 27 0 167 149 170 127
5058 -0.9290215969085693 3.893253564834595 -5.991143226623535 141 126 25 0 167 150 190 54
5059 -5.372611999511719 1.820442676544189 -5.522785663604736 97 69 11 0 168 55 171 31
5060 -3.819705009460449 5.353986740112305 -3.536021947860718 117 93 21 0 168 56 171 32
5061 -6.149882793426514 -3.077987194061279 -6.447549819946289 118 100 21 0 168 57 171 33 174 15
5062 -5.259604454040527 -0.4518401324748993 -6.126771450042725 149 129 32 0 168 58 171 34
5063 -5.528132915496826 -2.164918422698975 -6.462423801422119 151 134 38 0 168 59 171 35 174 16
5064 -5.019064426422119 1.556170463562012 -4.657803535461426 178 155 72 0 168 60 171 36
5065 -6.576313495635986 -0.7463098168373108 -6.469596385955811 145 127 31 0 168 61 171 37
5066 -5.391241550445557 2.881789684295654 -5.031751155853271 118 96 23 0 168 62 171 38
5067 -3.171289443969727 1.74246346950531 0.8248803019523621 233 233 229 0 168 63 171 39
5068 -6.184023857116699 10.51067066192627 -1.094276785850525 156 113 12 0 169 48 172 42
5069 -0.6954943537712097 7.891105175018311 1.85164487361908 156 134 73 0 169 49 172 43
5070 -0.5784503221511841 15.15607166290283 -3.906752109527588 183 148 60 0 169 50 172 44
5071 -0.143836498260498 10.52877521514893 2.011665105819702 165 146 95 0 169 51 172 45
5072 -3.014148950576782 12.53284454345703 -5.441890716552734 124 108 34 0 169 52 172 46
5073 -2.611642122268677 14.31878757476807 -4.358685970306396 129 102 31 0 169 53 172 47
5074 2.056261301040649 9.220622062683105 1.663165211677551 150 130 79 0 169 54 172 48
5075 -4.394145011901855 11.1293420791626 -4.307304382324219 189 145 28 0 169 55 172 49
5076 -5.369456768035889 12.0140380859375 -4.286472797393799 173 135 30 0 169 56 172 50
5077 3.661953926086426 13.16844177246094 0.4371428489685059 168 149 91 0 169 57 172 51
5078 2.152775049209595 1.61874532699585 -6.206368446350098 100 83 13 0 170 128 173 149 176 103
5079 2.032613039016724 2.605297327041626 -6.159289836883545 119 102 18 0 170 129 173 150 176 104
5080 0.8452246189117432 1.23865532875061 -6.07546854019165 144 128 25 0 170 130 173 151
5081 2.676093578338623 2.85077953338623 -6.152500629425049 133 117 28 0 170 131 173 152 176 105
5082 -0.5936236381530762 1.921086192131042 -6.117016792297363 140 122 16 0 170 132 173 153 176 106 178 68
5083 -0.8587852716445923 4.274501323699951 -5.611780166625977 143 124 23 0 170 133 173 154 176 107
5084 1.606356501579285 2.363876581192017 -5.683382511138916 174 153 63 0 170 134 173 155
5085 -7.293265819549561 7.529704093933105 4.625042915344238 153 140 96 0 183 54 186 57
5086 -5.251528263092041 2.015421390533447 -4.876884460449219 96 71 22 0 171 40 174 17
5087 -6.926459312438965 3.675944328308105 -3.649275302886963 181 145 54 0 171 41 174 18
5088 -12.62651252746582 12.21464920043945 -8.633430480957031 151 117 44 0 171 42 174 19
5089 -11.33536624908447 6.917224407196045 -7.044408798217773 163 126 51 0 171 43 174 20
5090 -3.330754280090332 1.990528464317322 1.95226001739502 195 173 106 0 171 44 174 21
5091 -2.658135414123535 1.684303879737854 1.614977717399597 198 179 111 0 171 45 174 22
5092 -6.613843441009521 -2.694172620773315 -6.202539920806885 123 104 28 0 171 46 174 23
5093 -1.095494270324707 3.127627849578857 1.886697888374329 124 107 44 0 171 47 174 24
5094 -5.256120681762695 4.090448379516602 2.70136833190918 196 169 102 0 171 48 174 25
5095 -2.066035509109497 1.586620807647705 0.8663370013237 196 177 109 0 171 49 174 26
5096 -6.82568883895874 13.97540283203125 -4.918068408966064 104 67 19 0 172 52 175 43
5097 -3.09908127784729 14.48371410369873 -5.597916126251221 111 95 31 0 172 53 175 44
5098 5.293802261352539 1.250830173492432 -6.698753833770752 41 41 20 0 173 156 176 108
5099 -2.284327507019043 3.064078092575073 -5.996963500976562 100 87 14 0 173 157 176 109 178 69 181 70 184 86 187 55 190 55
5100 2.134103059768677 2.002173662185669 -6.037187576293945 103 87 17 0 173 158 176 110
5101 1.110018968582153 1.050392985343933 -6.255699634552002 125 107 13 0 173 159 176 111
5102 -0.5627119541168213 -0.6019142270088196 -5.972691535949707 59 38 11 0 173 160 176 112
5103 2.259884834289551 3.717037677764893 -6.062014102935791 100 83 15 0 173 161 176 113
5104 -0.8427631258964539 5.986974716186523 -5.110637187957764 159 140 73 0 173 162 176 114
5105 1.041336894035339 0.6639940738677979 -6.258830547332764 104 84 13 0 173 163 176 115
5106 -1.088337898254395 6.506744861602783 -5.117630481719971 62 49 14 0 173 164 176 116
5107 5.215556144714355 1.181470394134521 -6.477783679962158 64 60 32 0 173 165 176 117 178 70
5108 3.678287029266357 0.4108800888061523 -6.429136276245117 62 56 28 0 173 166 176 118
5109 -0.1747626215219498 2.797730445861816 -5.984991550445557 159 142 32 0 173 167 176 119
5110 0.4296376407146454 1.686721086502075 -6.143394947052002 139 121 18 0 173 168 176 120
5111 2.559725522994995 2.20392632484436 -6.017122745513916 132 117 27 0 173 169 176 121
5112 1.225682854652405 1.680576324462891 -4.286725521087646 173 151 65 0 173 170 176 122
5113 -0.7329168319702148 0.0168578177690506 -6.09015941619873 145 126 29 0 173 171 176 123
5114 3.574609994888306 2.561869144439697 -6.271637916564941 75 67 21 0 173 172 176 124
5115 -3.886506080627441 8.561244010925293 -4.139755725860596 154 132 66 0 175 45 177 33
5116 3.540384292602539 11.95751762390137 -5.871213912963867 94 79 10 0 175 46 177 34
5117 3.277798891067505 12.95369052886963 -6.477091789245605 117 103 19 0 175 47 177 35 180 37
5118 0.5466561913490295 11.05607604980469 1.831420183181763 178 157 106 0 175 48 177 36
5119 -3.126797437667847 8.519060134887695 -4.024258613586426 75 54 17 0 175 49 177 37 180 38
5120 -3.122470855712891 8.315905570983887 -2.709159851074219 187 145 38 0 175 50 177 38
5121 -6.114944934844971 13.04258918762207 -4.446641445159912 106 68 21 0 175 51 177 39
5122 2.456683158874512 7.446715354919434 1.35036313533783 95 81 44 0 175 52 177 40
5123 1.660710692405701 12.09261417388916 -5.837896823883057 149 136 42 0 175 53 177 41
5124 2.698749542236328 11.21427822113037 -5.784299850463867 149 136 43 0 175 54 177 42
5125 2.416754245758057 13.34494400024414 -5.953325271606445 141 126 40 0 175 55 177 43 180 39
5126 -3.161034822463989 8.790831565856934 -3.625614881515503 196 158 45 0 175 56 177 44
5127 3.323024272918701 12.53900814056396 -5.96969747543335 140 125 43 0 175 57 177 45
5128 3.271204233169556 15.49933528900146 0.5582689046859741 201 181 115 0 175 58 177 46 183 55
5129 3.132336378097534 13.39518642425537 -6.034694671630859 134 120 36 0 175 59 177 47 183 56
5130 -5.430910587310791 11.05671215057373 3.729591846466064 179 155 87 0 175 60 177 48
5131 -3.755385160446167 -1.920379400253296 -6.397471904754639 131 116 22 0 176 125 178 71
5132 2.709068298339844 7.340307712554932 -6.062676906585693 98 83 13 0 176 126 178 72
5133 1.303279995918274 -0.2777918875217438 -6.392774105072021 123 103 24 0 176 127 178 73
5134 -0.6029101610183716 -0.6583815813064575 -6.172907829284668 57 39 13 0 176 128 178 74
5135 -2.032275199890137 4.120607852935791 -6.159541130065918 120 102 18 0 176 129 178 75
5136 -3.147887945175171 -1.278275966644287 -6.337473392486572 139 123 28 0 176 130 178 76
5137 -1.119868159294128 3.128600358963013 -6.039905548095703 143 127 26 0 176 131 178 77
5138 -2.785913228988647 2.824297189712524 -5.444492816925049 159 142 42 0 176 132 178 78
5139 -2.614598512649536 2.640442609786987 -5.029219150543213 152 137 34 0 176 133 178 79
5140 -1.459583520889282 -0.3311868906021118 -6.211783409118652 100 75 22 0 176 134 178 80 181 71 184 87
5141 -3.450408935546875 1.315352201461792 -6.067774295806885 145 128 26 0 176 135 178 81
5142 -2.881107330322266 5.09726619720459 -4.309815406799316 214 185 57 0 176 136 178 82
5143 1.214841961860657 3.140891790390015 -6.770133972167969 139 123 26 0 176 137 178 83
5144 -3.070061922073364 -2.5623459815979 -2.573941707611084 151 133 65 0 185 12 188 13 191 11
5145 -1.76905620098114 11.38413143157959 -4.098945617675781 106 91 27 0 177 49 180 40
5146 -3.183133840560913 10.47280025482178 -4.847906112670898 111 86 13 0 177 50 180 41
5147 -0.7766110301017761 11.9344425201416 -5.081439018249512 139 123 43 0 177 51 180 42
5148 -2.50955605506897 9.70723819732666 -5.382532596588135 152 124 13 0 177 52 180 43
5149 -3.065699577331543 -0.7220174670219421 -6.224156856536865 129 113 17 0 178 84 181 72
5150 -0.03889314457774162 -1.539742588996887 -6.524483203887939 63 48 14 0 178 85 181 73
5151 1.393386840820312 0.1556465327739716 -6.228519916534424 79 63 12 0 178 86 181 74 184 88
5152 -1.180108547210693 -0.3727100193500519 -6.076812744140625 60 39 12 0 178 87 181 75
5153 -5.886445999145508 5.472706317901611 -5.985686779022217 161 142 60 0 178 88 181 76
5154 -2.885422945022583 3.946054697036743 -5.895067691802979 144 127 38 0 178 89 181 77 184 89
5155 -5.228426933288574 5.22261905670166 -5.776420593261719 162 143 56 0 178 90 181 78
5156 1.282363533973694 0.8609815835952759 -5.899031162261963 167 148 64 0 178 91 181 79
5157 1.943851232528687 -0.2072583734989166 -6.384025096893311 119 108 29 0 178 92 181 80
5158 1.215913772583008 0.4433099627494812 -6.159048080444336 156 139 59 0 178 93 181 81 184 90
5159 -0.05613556504249573 -0.1598711311817169 -6.093948841094971 123 109 20 0 178 94 181 82
5160 1.52683687210083 -0.1046617403626442 -6.263584136962891 104 92 23 0 178 95 181 83 184 91 187 56
5161 -1.039484620094299 -0.3801565766334534 -4.186488628387451 175 152 72 0 178 96 181 84
5162 -2.027156352996826 -0.8596916198730469 -6.160374164581299 136 119 24 0 178 97 181 85
5163 -13.2756175994873 0.9409367442131042 1.543928861618042 117 102 56 0 188 14 191 12
5164 -3.030330419540405 -2.694528341293335 -1.607229709625244 97 76 29 0 179 13 182 18 185 13 188 15 191 13
5165 -5.703964710235596 -1.062485337257385 -5.683043479919434 136 121 30 0 179 14 182 19
5166 -5.360177516937256 -0.5778592228889465 -5.880434036254883 121 106 18 0 179 15 182 20
5167 -19.09504127502441 -1.640444159507751 -1.871348857879639 157 135 82 0 179 16 182 21
5168 -3.332734823226929 -2.801861047744751 -3.592118740081787 169 154 106 0 179 17 182 22
5169 -1.89400839805603 8.08419132232666 3.42982006072998 171 151 89 0 180 44 183 57
5170 0.9194877147674561 4.484899997711182 4.065701484680176 117 92 26 0 180 45 183 58
5171 5.707265377044678 11.81732749938965 3.248600482940674 101 107 93 0 180 46 183 59
5172 -3.067654609680176 -0.5132075548171997 -6.260249614715576 130 114 19 0 181 86 184 92
5173 -4.036133766174316 -1.82736074924469 -6.231149673461914 94 80 11 0 181 87 184 93 187 57
5174 -1.474377393722534 1.481201171875 -6.948043823242188 106 91 13 0 181 88 184 94 187 58
5175 -0.3688501119613647 6.476332664489746 -5.540387153625488 114 97 32 0 181 89 184 95
5176 -0.1137170717120171 0.8416092395782471 -6.229885578155518 104 92 11 0 181 90 184 96
5177 0.8834095001220703 0.2636488378047943 -6.23577880859375 80 67 13 0 181 91 184 97
5178 -6.129604339599609 5.068296909332275 -6.163298606872559 111 90 17 0 181 92 184 98
5179 1.791529655456543 0.09093528985977173 -6.369916915893555 71 61 13 0 181 93 184 99
5180 -3.962646484375 -2.379460334777832 -6.255302906036377 74 53 10 0 181 94 184 100
5181 -4.16799259185791 1.686923384666443 -6.344471454620361 144 129 35 0 181 95 184 101
5182 -5.770618438720703 4.308872222900391 -6.186747074127197 123 107 31 0 181 96 184 102
5183 -0.5537893772125244 -1.391983151435852 -4.507799625396729 59 49 20 0 181 97 184 103
5184 -5.351181983947754 5.167158126831055 -5.93511438369751 156 135 42 0 181 98 184 104
5185 2.140915393829346 0.5809747576713562 -6.271257877349854 95 84 23 0 181 99 184 105
5186 -0.556285560131073 -0.08138391375541687 -0.1122378632426262 193 175 104 0 182 23 185 14
5187 -3.198441505432129 -2.511542797088623 -3.170907974243164 101 83 40 0 182 24 185 15 188 16
5188 -0.861761748790741 0.4188633263111115 -0.4868190288543701 179 159 84 0 182 25 185 16
5189 -2.858962535858154 -2.274499416351318 -1.978743314743042 177 162 91 0 182 26 185 17 188 17
5190 -9.160332679748535 6.252846240997314 -4.101944446563721 95 66 16 0 183 60 186 58
5191 0.6846585869789124 3.269952297210693 3.629952907562256 193 173 113 0 183 61 186 59
5192 -11.72129726409912 10.0903844833374 -6.342813491821289 143 113 48 0 183 62 186 60
5193 -3.29399847984314 1.739979386329651 -6.124239444732666 110 95 14 0 184 106 187 59
5194 -5.270709991455078 4.824188232421875 -6.085114479064941 113 94 14 0 184 107 187 60
5195 -0.7237660884857178 -1.025724530220032 -2.619322776794434 38 42 23 0 184 108 187 61
5196 -0.9649190306663513 -0.7310292720794678 -2.980271100997925 28 32 14 0 184 109 187 62 190 56
5197 -1.225608348846436 -0.4074913859367371 -6.091389179229736 58 38 12 0 184 110 187 63
5198 -5.733417510986328 4.672133922576904 -6.14500904083252 145 128 46 0 184 111 187 64
5199 0.4562966525554657 -0.2559185326099396 -6.238127708435059 110 97 23 0 184 112 187 65
5200 0.8766312003135681 5.588291168212891 -5.773290157318115 141 129 34 0 184 113 187 66
5201 -2.049595594406128 -2.753615617752075 -1.429787755012512 157 139 91 0 185 18 188 18
5202 -1.984774708747864 -2.033894538879395 -1.096263289451599 194 176 108 0 185 19 188 19
5203 -3.844732046127319 1.003775000572205 2.196825981140137 125 99 33 0 185 20 188 20
5204 -16.5740795135498 7.407688617706299 -4.197133541107178 150 114 32 0 185 21 188 21 191 14
5205 -7.329395771026611 1.748080134391785 -4.220301628112793 141 112 19 0 185 22 188 22
5206 -4.257121562957764 0.9684655070304871 3.355718851089478 203 182 124 0 185 23 188 23
5207 -2.403729438781738 -2.916699886322021 -1.760043978691101 195 175 106 0 185 24 188 24
5208 -3.715208530426025 -2.450057506561279 -1.539015769958496 172 154 94 0 185 25 188 25
5209 -3.119577169418335 -1.314519047737122 2.375277280807495 166 148 76 0 185 26 188 26
5210 -3.773742198944092 3.176720857620239 -2.863244295120239 126 100 7 0 186 61 189 36
5211 -4.238686084747314 3.628772497177124 -2.38578200340271 118 92 12 0 186 62 189 37
5212 -3.563507556915283 5.201429843902588 -3.585227489471436 118 102 26 0 186 63 189 38
5213 -3.215315103530884 3.134481430053711 -2.161945581436157 140 120 30 0 186 64 189 39
5214 -5.909220218658447 8.579849243164062 -1.588670969009399 126 94 22 0 186 65 189 40
5215 -5.093113422393799 4.592764854431152 -4.820706844329834 155 142 45 0 186 66 189 41
5216 2.430737257003784 10.48071002960205 -6.115995407104492 147 137 47 0 186 67 189 42
5217 0.7013009190559387 1.959720969200134 3.918393850326538 200 181 122 0 186 68 189 43
5218 -2.961468935012817 0.6397539973258972 -6.359927177429199 125 109 18 0 187 67 190 57
5219 -2.276354312896729 1.40479302406311 -6.147704124450684 103 91 13 0 187 68 190 58
5220 -1.815860390663147 3.743502378463745 -5.531736373901367 122 103 20 0 187 69 190 59
5221 -1.030615568161011 4.485581398010254 -5.848926544189453 140 126 35 0 187 70 190 60
5222 -0.5334951281547546 -0.944398820400238 -2.692724466323853 35 39 21 0 187 71 190 61
5223 -0.7747631669044495 4.859160900115967 -6.048308372497559 145 132 37 0 187 72 190 62
5224 -1.165478706359863 -0.8121352195739746 -2.987208366394043 36 41 20 0 187 73 190 63
5225 -2.310401678085327 -2.958345651626587 -1.560312271118164 127 113 62 0 188 27 191 15
5226 -6.367339611053467 0.9068627953529358 -5.90082311630249 107 90 18 0 188 28 191 16
5227 -5.748249053955078 -1.897623777389526 -2.348330974578857 56 58 20 0 188 29 191 17
5228 -2.088717222213745 -2.636232852935791 -0.8529388308525085 191 173 107 0 188 30 191 18
5229 -8.51810359954834 0.1871645599603653 -6.068555355072021 92 74 15 0 188 31 191 19
5230 -2.126985549926758 -2.967731714248657 -1.56034255027771 154 137 87 0 188 32 191 20
5231 -3.199769973754883 -2.367773532867432 -1.964802742004395 165 149 81 0 188 33 191 21
5232 -5.063711643218994 -1.432699918746948 1.223990321159363 169 152 82 0 188 34 191 22
5233 -2.125598907470703 -3.091188669204712 -1.898166656494141 177 158 87 0 188 35 191 23
5234 -7.314087867736816 1.522088408470154 -6.113775253295898 91 74 19 0 188 36 191 24
5235 -4.93111515045166 -2.473070621490479 -2.411046743392944 62 64 24 0 188 37 191 25
5236 -1.803671956062317 -2.009609222412109 2.451408863067627 161 144 74 0 188 38 191 26
5237 -1.901172757148743 -1.84705126285553 2.476268768310547 161 144 73 0 188 39 191 27
5238 -3.797441482543945 -2.535896778106689 -1.554806232452393 180 162 96 0 188 40 191 28
